8795416	0,016287	0,8	0,0130296	1561293039355	0	1	0	
8795417	0,01629	1	0,01629	1561293041313	0	1	1	
8795418	0,01629	0,221	0,00360009	1561293046230	0	1	0	
8795419	0,016295	0,8	0,013036	1561293048764	0	1	1	
8795420	0,016298	0,208	0,00338998	1561293049110	0	1	2	
8795421	0,016285	0,122	0,00198677	1561293049328	1	1	-1	
8795422	0,016285	0,8	0,013028	1561293049328	1	1	0	
8795423	0,016284	0,514	0,00836997	1561293049328	1	1	-1	
8795424	0,016284	20	0,32568	1561293049328	1	1	0	
8795425	0,016284	2,903	0,04727245	1561293049328	1	1	0	
8795426	0,016294	1,162	0,01893362	1561293050742	0	1	1	
8795427	0,016291	0,14	0,00228074	1561293071279	1	1	-1	
8795428	0,016296	0,721	0,01174941	1561293071285	0	1	1	
8795429	0,016294	0,625	0,01018375	1561293097693	0	1	-1	
8795430	0,016296	0,876	0,01427529	1561293097702	0	1	1	
8795431	0,016292	1,698	0,02766381	1561293099136	1	1	-1	
8795432	0,016297	0,122	0,00198823	1561293099436	0	1	1	
8795433	0,016298	0,595	0,00969731	1561293099436	0	1	2	
8795434	0,016295	0,867	0,01412776	1561293131636	0	1	-1	
8795435	0,016302	0,704	0,0114766	1561293131641	0	1	1	
8795436	0,016298	0,24	0,00391152	1561293152119	0	1	-1	
8795437	0,016296	0,473	0,007708	1561293152122	0	1	-2	
8795438	0,016299	0,122	0,00198847	1561293180589	0	1	1	
8795439	0,016299	0,132	0,00215146	1561293187950	0	1	0	
8795440	0,016296	0,577	0,00940279	1561293192744	1	1	-1	
8795441	0,016298	0,87	0,01417926	1561293192748	0	1	1	
8795442	0,016299	0,166	0,00270563	1561293194189	0	1	2	
8795443	0,016299	3,695	0,0602248	1561293194256	0	1	0	
8795444	0,016299	0,305	0,00497119	1561293194256	0	1	0	
8795445	0,016299	0,495	0,008068	1561293194404	0	1	0	
8795446	0,016299	0,55	0,00896445	1561293229814	0	1	0	
8795447	0,016302	0,194	0,00316258	1561293229817	0	1	1	
8795448	0,016298	0,122	0,00198835	1561293251809	0	1	-1	
8795449	0,016292	0,122	0,00198762	1561293257934	1	1	-2	
8795450	0,016285	0,084	0,00136794	1561293281640	0	1	-3	
8795451	0,016283	0,179	0,00291465	1561293308356	1	1	-4	
8795452	0,016288	0,073	0,00118902	1561293316007	0	1	1	
8795453	0,016283	0,233	0,00379393	1561293351549	1	1	-1	
8795454	0,016286	1,37	0,02231182	1561293351550	0	1	1	
8795455	0,016288	0,727	0,01184137	1561293357722	0	1	2	
8795456	0,01629	0,626	0,01019754	1561293377476	0	1	3	
8795457	0,016293	1,521	0,02478165	1561293396192	0	1	4	
8795458	0,016298	0,887	0,01445632	1561293428162	1	1	5	
8795459	0,016291	0,625	0,01018187	1561293428169	1	1	-1	
8795460	0,01629	0,154	0,00250866	1561293446620	1	1	-2	
8795461	0,016289	0,122	0,00198725	1561293446620	1	1	-3	
8795462	0,016282	0,731	0,01190214	1561293446620	1	1	-4	
8795463	0,016284	0,331	0,00539	1561293455647	1	1	1	
8795464	0,01629	0,517	0,00842193	1561293478400	1	1	2	
8795465	0,016284	0,417	0,00679042	1561293478406	1	1	-1	
8795466	0,016291	0,8	0,0130328	1561293501938	0	1	1	
8795467	0,016292	3,071	0,05003273	1561293504516	0	1	2	
8795468	0,016285	0,383	0,00623715	1561293509631	1	1	-1	
8795469	0,016284	4,487	0,0730663	1561293511515	1	1	-2	
8795470	0,016283	0,122	0,00198652	1561293534673	1	1	-3	
8795471	0,016293	0,3	0,0048879	1561293534861	0	1	1	
8795472	0,016293	0,3	0,0048879	1561293534868	0	1	0	
8795473	0,016293	3,4	0,0553962	1561293535764	0	1	0	
8795474	0,016284	0,356	0,0057971	1561293546001	1	1	-1	
8795475	0,016285	0,837	0,01363054	1561293582108	1	1	1	
8795476	0,016289	1,07	0,01742923	1561293582109	0	1	2	
8795477	0,01629	0,787	0,01282023	1561293613913	1	1	3	
8795478	0,016285	0,509	0,00828906	1561293613919	1	1	-1	
8795479	0,016294	0,122	0,00198786	1561293623657	0	1	1	
8795480	0,016294	0,231	0,00376391	1561293623657	0	1	0	
8795481	0,016291	0,122	0,0019875	1561293630622	1	1	-1	
8795482	0,01629	0,623	0,01014867	1561293630622	1	1	-2	
8795483	0,016289	0,589	0,00959422	1561293631238	0	1	-3	
8795484	0,016296	0,099	0,0016133	1561293632014	1	1	1	
8795485	0,016296	0,856	0,01394937	1561293658261	1	1	0	
8795486	0,016298	0,8	0,0130384	1561293677196	1	1	1	
8795487	0,016297	0,271	0,00441648	1561293677196	1	1	-1	
8795488	0,016306	0,244	0,00397866	1561293683360	0	1	1	
8795489	0,016306	0,075	0,00122295	1561293689317	0	1	0	
8795490	0,016309	0,8	0,0130472	1561293693730	0	1	1	
8795491	0,01631	1,109	0,01808779	1561293696690	1	1	2	
8795492	0,016313	0,246	0,00401299	1561293698375	0	1	3	
8795493	0,016315	0,248	0,00404612	1561293699393	0	1	4	
8795494	0,01634	0,122	0,00199348	1561293723965	0	1	5	
8795495	0,01634	0,123	0,00200982	1561293726370	1	1	0	
8795496	0,01634	0,992	0,01620928	1561293727809	1	1	0	
8795497	0,01634	1,013	0,01655242	1561293728057	1	1	0	
8795498	0,01634	7,351	0,12011534	1561293728355	1	1	0	
8795499	0,01634	0,8	0,013072	1561293728355	1	1	0	
8795500	0,01632	0,163	0,00266016	1561293728460	1	1	-1	
8795501	0,01632	0,084	0,00137088	1561293729433	1	1	0	
8795502	0,016337	0,39	0,00637143	1561293732987	0	1	1	
8795503	0,016342	0,708	0,01157013	1561293732990	0	1	2	
8795504	0,016343	0,8	0,0130744	1561293755316	0	1	3	
8795505	0,016342	0,8	0,0130736	1561293756319	0	1	-1	
8795506	0,016343	0,108	0,00176504	1561293756319	0	1	1	
8795507	0,016332	0,122	0,0019925	1561293757358	1	1	-1	
8795508	0,016341	0,604	0,00986996	1561293757646	0	1	1	
8795509	0,016342	0,122	0,00199372	1561293757646	0	1	2	
8795510	0,016343	0,665	0,01086809	1561293757646	0	1	3	
8795511	0,016342	0,087	0,00142175	1561293763201	0	1	-1	
8795512	0,01633	0,122	0,00199226	1561293768363	1	1	-2	
8795513	0,016339	0,068	0,00111105	1561293769595	0	1	1	
8795514	0,016325	0,122	0,00199165	1561293780104	1	1	-1	
8795515	0,016324	0,8	0,0130592	1561293780258	1	1	-2	
8795516	0,016296	0,077	0,00125479	1561293780406	1	1	-3	
8795517	0,016329	0,176	0,0028739	1561293788386	0	1	1	
8795518	0,01633	0,098	0,00160034	1561293788386	0	1	2	
8795519	0,016329	0,077	0,00125733	1561293818649	0	1	-1	
8795520	0,01633	0,234	0,00382122	1561293818649	0	1	1	
8795521	0,016326	0,62	0,01012212	1561293821667	0	1	-1	
8795522	0,016319	0,199	0,00324748	1561293821673	1	1	-2	
8795523	0,016323	0,453	0,00739431	1561293853904	1	1	1	
8795524	0,016323	1,715	0,02799394	1561293853904	1	1	0	
8795525	0,016319	0,243	0,00396551	1561293856355	1	1	-1	
8795526	0,016319	0,137	0,0022357	1561293859061	1	1	0	
8795527	0,016319	0,073	0,00119128	1561293860393	1	1	0	
8795528	0,016318	0,122	0,00199079	1561293861370	1	1	-1	
8795529	0,016306	0,645	0,01051737	1561293873636	1	1	-2	
8795530	0,016303	0,122	0,00198896	1561293875811	1	1	-3	
8795531	0,016302	1,076	0,01754095	1561293875811	1	1	-4	
8795532	0,016315	0,122	0,00199043	1561293877142	0	1	1	
8795533	0,016316	0,571	0,00931643	1561293877142	0	1	2	
8795534	0,016315	1,315	0,02145422	1561293888197	0	1	-1	
8795535	0,016309	0,876	0,01428668	1561293902244	1	1	-2	
8795536	0,016305	0,122	0,00198921	1561293912210	1	1	-3	
8795537	0,016299	0,122	0,00198847	1561293912480	1	1	-4	
8795538	0,016308	0,122	0,00198957	1561293915099	0	1	1	
8795539	0,016309	0,092	0,00150042	1561293915099	0	1	2	
8795540	0,0163	1,639	0,0267157	1561293923297	1	1	-1	
8795541	0,016308	0,244	0,00397915	1561293926456	0	1	1	
8795542	0,016308	0,106	0,00172864	1561293926456	0	1	0	
8795543	0,016308	0,989	0,01612861	1561293927206	0	1	0	
8795544	0,016311	0,674	0,01099361	1561293937607	0	1	1	
8795545	0,016311	0,126	0,00205518	1561293951141	0	1	0	
8795546	0,016315	0,907	0,0147977	1561293951141	0	1	1	
8795547	0,016296	0,096	0,00156441	1561293969532	1	1	-1	
8795548	0,016298	0,122	0,00198835	1561293997353	1	1	1	
8795549	0,016297	0,972	0,01584068	1561293997353	1	1	-1	
8795550	0,016295	4,671	0,07611394	1561293997398	0	1	-2	
8795551	0,016295	0,068	0,00110806	1561293997408	0	1	0	
8795552	0,016295	5	0,081475	1561293997418	0	1	0	
8795553	0,016295	0,335	0,00545882	1561293997441	0	1	0	
8795554	0,016307	0,888	0,01448061	1561293998982	0	1	1	
8795555	0,016313	0,096	0,00156604	1561294013434	0	1	2	
8795556	0,016314	0,703	0,01146874	1561294013434	0	1	3	
8795557	0,016313	0,122	0,00199018	1561294014355	0	1	-1	
8795558	0,016314	0,097	0,00158245	1561294014452	0	1	1	
8795559	0,016318	0,077	0,00125648	1561294024381	0	1	2	
8795560	0,01632	0,758	0,01237056	1561294024703	0	1	3	
8795561	0,01633	0,972	0,01587276	1561294035678	0	1	4	
8795562	0,01633	1,057	0,01726081	1561294047440	0	1	0	
8795563	0,01632	0,122	0,00199104	1561294050965	1	1	-1	
8795564	0,01632	0,122	0,00199104	1561294051174	1	1	0	
8795565	0,01632	0,122	0,00199104	1561294051369	1	1	0	
8795566	0,016333	0,122	0,00199262	1561294090380	0	1	1	
8795567	0,016335	1,461	0,02386543	1561294093550	1	1	2	
8795568	0,016342	0,24	0,00392208	1561294093649	0	1	3	
8795569	0,016342	0,004	0,00006536	1561294093673	0	1	0	
8795570	0,016343	0,104	0,00169967	1561294093673	0	1	1	
8795571	0,016331	0,122	0,00199238	1561294096025	1	1	-1	
8795572	0,016331	0,122	0,00199238	1561294096142	1	1	0	
8795573	0,016331	0,122	0,00199238	1561294096253	1	1	0	
8795574	0,016342	0,122	0,00199372	1561294096395	0	1	1	
8795575	0,016332	0,122	0,0019925	1561294096473	1	1	-1	
8795576	0,016331	0,081	0,00132281	1561294096473	1	1	-2	
8795577	0,016342	0,122	0,00199372	1561294097380	0	1	1	
8795578	0,016342	0,122	0,00199372	1561294097421	0	1	0	
8795579	0,016343	0,004	0,00006537	1561294098430	0	1	1	
8795580	0,016342	0,122	0,00199372	1561294141138	1	1	-1	
8795581	0,016342	0,122	0,00199372	1561294141338	1	1	0	
8795582	0,016341	0,296	0,00483693	1561294151844	1	1	-1	
8795583	0,016345	0,457	0,00746966	1561294160086	0	1	1	
8795584	0,016345	0,461	0,00753504	1561294160088	0	1	0	
8795585	0,016345	0,354	0,00578613	1561294160181	1	1	0	
8795586	0,016345	0,103	0,00168353	1561294160291	1	1	0	
8795587	0,016341	0,101	0,00165044	1561294163121	1	1	-1	
8795588	0,016341	0,162	0,00264724	1561294172036	1	1	0	
8795589	0,016341	0,537	0,00877511	1561294177950	1	1	0	
8795590	0,016328	0,434	0,00708635	1561294186436	1	1	-1	
8795591	0,016342	1,364	0,02229048	1561294186441	0	1	1	
8795592	0,016332	0,31	0,00506292	1561294213600	1	1	-1	
8795593	0,016334	0,8	0,0130672	1561294214672	1	1	1	
8795594	0,016333	2,308	0,03769656	1561294214672	1	1	-1	
8795595	0,016334	0,222	0,00362614	1561294234894	1	1	1	
8795596	0,016335	0,577	0,00942529	1561294269201	0	1	2	
8795597	0,016336	0,801	0,01308513	1561294269205	0	1	3	
8795598	0,016337	0,191	0,00312036	1561294286786	0	1	4	
8795599	0,016338	0,899	0,01468786	1561294288473	0	1	5	
8795600	0,016338	0,207	0,00338196	1561294288500	0	1	0	
8795601	0,016343	1,731	0,02828973	1561294292850	1	1	1	
8795602	0,016339	0,262	0,00428081	1561294292853	1	1	-1	
8795603	0,016339	1,043	0,01704157	1561294293163	1	1	0	
8795604	0,016341	1,193	0,01949481	1561294315301	1	1	1	
8795605	0,016344	0,742	0,01212724	1561294315309	0	1	2	
8795606	0,016344	1	0,016344	1561294330398	1	1	0	
8795607	0,016345	0,122	0,00199409	1561294331754	0	1	1	
8795608	0,016356	0,244	0,00399086	1561294331858	0	1	2	
8795609	0,016357	0,8	0,0130856	1561294331967	0	1	3	
8795610	0,016358	0,408	0,00667406	1561294332077	0	1	4	
8795611	0,016358	0,8	0,0130864	1561294334814	0	1	0	
8795612	0,016359	0,235	0,00384436	1561294334814	0	1	1	
8795613	0,016347	0,932	0,0152354	1561294344337	1	1	-1	
8795614	0,016355	0,264	0,00431772	1561294344344	0	1	1	
8795615	0,016349	0,793	0,01296475	1561294383150	1	1	-1	
8795616	0,016356	0,499	0,00816164	1561294383153	0	1	1	
8795617	0,01635	0,081	0,00132435	1561294392083	0	1	-1	
8795618	0,01635	0,225	0,00367875	1561294392113	0	1	0	
8795619	0,01635	0,106	0,0017331	1561294397810	0	1	0	
8795620	0,01635	0,107	0,00174945	1561294397812	0	1	0	
8795621	0,016345	0,122	0,00199409	1561294405009	1	1	-1	
8795622	0,01634	0,057	0,00093138	1561294405009	1	1	-2	
8795623	0,01635	0,107	0,00174945	1561294410972	0	1	1	
8795624	0,016349	0,217	0,00354773	1561294420612	0	1	-1	
8795625	0,016339	0,104	0,00169925	1561294451089	1	1	-2	
8795626	0,016339	0,696	0,01137194	1561294451825	1	1	0	
8795627	0,016338	1,435	0,02344503	1561294542925	1	1	-1	
8795628	0,016342	0,819	0,01338409	1561294542930	0	1	1	
8795629	0,016343	0,122	0,00199384	1561294547634	0	1	2	
8795630	0,016345	1	0,016345	1561294548430	0	1	3	
8795631	0,016345	0,052	0,00084994	1561294559875	0	1	0	
8795632	0,016345	1,069	0,0174728	1561294577145	1	1	0	
8795633	0,016345	0,793	0,01296158	1561294585335	1	1	0	
8795634	0,016346	1,325	0,02165845	1561294589257	1	1	1	
8795635	0,016347	0,554	0,00905623	1561294589257	0	1	2	
8795636	0,016345	0,15	0,00245175	1561294599099	1	1	-1	
8795637	0,016345	0,995	0,01626327	1561294607423	1	1	0	
8795638	0,016347	0,135	0,00220684	1561294610803	0	1	1	
8795639	0,016346	0,623	0,01018355	1561294651128	0	1	-1	
8795640	0,016338	3,028	0,04947146	1561294654141	1	1	-2	
8795641	0,016346	0,57	0,00931722	1561294694743	0	1	1	
8795642	0,016347	0,08	0,00130776	1561294696370	0	1	2	
8795643	0,016346	0,766	0,01252103	1561294727380	0	1	-1	
8795644	0,016343	0,333	0,00544221	1561294741847	0	1	-2	
8795645	0,016342	0,533	0,00871028	1561294769022	0	1	-3	
8795646	0,016342	0,456	0,00745195	1561294802108	0	1	0	
8795647	0,016343	0,485	0,00792635	1561294820675	0	1	1	
8795648	0,016348	0,8	0,0130784	1561294821372	0	1	2	
8795649	0,01635	0,141	0,00230535	1561294822202	1	1	3	
8795650	0,016355	0,153	0,00250231	1561294823119	0	1	4	
8795651	0,016345	0,122	0,00199409	1561294823308	1	1	-1	
8795652	0,016344	0,509	0,00831909	1561294823308	1	1	-2	
8795653	0,016356	0,746	0,01220157	1561294825088	1	1	1	
8795654	0,016361	0,245	0,00400844	1561294825962	0	1	2	
8795655	0,01635	0,481	0,00786435	1561294833299	1	1	-1	
8795656	0,016361	0,555	0,00908035	1561294858497	0	1	1	
8795657	0,016361	0,122	0,00199604	1561294858497	0	1	0	
8795658	0,01636	0,687	0,01123932	1561294869003	0	1	-1	
8795659	0,016356	0,499	0,00816164	1561294872173	0	1	-2	
8795660	0,016361	0,062	0,00101438	1561294883523	0	1	1	
8795661	0,016362	0,244	0,00399232	1561294892544	0	1	2	
8795662	0,016376	0,589	0,00964546	1561294901581	0	1	3	
8795663	0,016359	0,122	0,00199579	1561294916509	1	1	-1	
8795664	0,016359	0,513	0,00839216	1561294916509	1	1	0	
8795665	0,016372	0,516	0,00844795	1561294930592	0	1	1	
8795666	0,016375	0,378	0,00618975	1561294930592	0	1	2	
8795667	0,016372	0,516	0,00844795	1561294935583	1	1	-1	
8795668	0,01637	0,254	0,00415798	1561294970706	0	1	-2	
8795669	0,016371	0,131	0,0021446	1561294971943	0	1	1	
8795670	0,016371	0,503	0,00823461	1561294985280	0	1	0	
8795671	0,016372	0,416	0,00681075	1561294996668	1	1	1	
8795672	0,016375	0,464	0,007598	1561295029437	0	1	2	
8795673	0,016374	1,011	0,01655411	1561295029438	1	1	-1	
8795674	0,016376	0,122	0,00199787	1561295043464	0	1	1	
8795675	0,016376	0,837	0,01370671	1561295050753	0	1	0	
8795676	0,016374	0,534	0,00874371	1561295060161	0	1	-1	
8795677	0,016377	0,8	0,0131016	1561295063269	0	1	1	
8795678	0,016378	0,106	0,00173606	1561295063672	0	1	2	
8795679	0,016371	0,181	0,00296315	1561295072792	1	1	-1	
8795680	0,016377	0,705	0,01154578	1561295078629	0	1	1	
8795681	0,016371	0,116	0,00189903	1561295102392	1	1	-1	
8795682	0,016377	0,737	0,01206984	1561295102617	0	1	1	
8795683	0,016377	0,105	0,00171958	1561295122349	0	1	0	
8795684	0,016375	0,445	0,00728687	1561295156319	0	1	-1	
8795685	0,016375	0,543	0,00889162	1561295179577	0	1	0	
8795686	0,016376	0,545	0,00892492	1561295180523	0	1	1	
8795687	0,016378	0,119	0,00194898	1561295180523	0	1	2	
8795688	0,016389	0,979	0,01604483	1561295181435	0	1	3	
8795689	0,016403	0,123	0,00201756	1561295186296	0	1	4	
8795690	0,016388	0,544	0,00891507	1561295197566	1	1	-1	
8795691	0,016389	0,066	0,00108167	1561295201626	1	1	1	
8795692	0,016401	0,066	0,00108246	1561295232446	0	1	2	
8795693	0,016402	0,771	0,01264594	1561295232446	0	1	3	
8795694	0,016402	0,061	0,00100052	1561295237215	0	1	0	
8795695	0,016393	0,377	0,00618016	1561295249097	0	1	-1	
8795696	0,016396	0,742	0,01216583	1561295249106	0	1	1	
8795697	0,016397	0,082	0,00134455	1561295271459	0	1	2	
8795698	0,016396	0,811	0,01329715	1561295286152	0	1	-1	
8795699	0,016391	0,121	0,00198331	1561295321938	1	1	-2	
8795700	0,016386	0,664	0,0108803	1561295331262	1	1	-3	
8795701	0,016388	0,285	0,00467058	1561295367386	0	1	1	
8795702	0,016378	0,092	0,00150677	1561295402420	1	1	-1	
8795703	0,01638	1,115	0,0182637	1561295403865	1	1	1	
8795704	0,016388	0,33	0,00540804	1561295403865	0	1	2	
8795705	0,016388	0,516	0,0084562	1561295432612	0	1	0	
8795706	0,016382	0,183	0,0029979	1561295472781	0	1	-1	
8795707	0,01638	0,703	0,01151514	1561295478000	0	1	-2	
8795708	0,016382	0,122	0,0019986	1561295479582	0	1	1	
8795709	0,016377	0,121	0,00198161	1561295509093	1	1	-1	
8795710	0,016376	3,051	0,04996317	1561295510117	1	1	-2	
8795711	0,016375	1,905	0,03119437	1561295510578	1	1	-3	
8795712	0,016375	10,269	0,16815487	1561295510605	1	1	0	
8795713	0,016375	7,978	0,13063975	1561295510629	1	1	0	
8795714	0,016371	0,563	0,00921687	1561295511183	1	1	-1	
8795715	0,016367	0,122	0,00199677	1561295512242	1	1	-2	
8795716	0,016366	0,8	0,0130928	1561295513321	1	1	-3	
8795717	0,016374	0,121	0,00198125	1561295522223	0	1	1	
8795718	0,016375	0,496	0,008122	1561295522223	0	1	2	
8795719	0,016376	0,8	0,0131008	1561295522223	0	1	3	
8795720	0,016398	0,583	0,00956003	1561295522223	0	1	4	
8795721	0,016361	0,121	0,00197968	1561295527728	1	1	-1	
8795722	0,016361	0,053	0,00086713	1561295528207	0	1	0	
8795723	0,01637	1	0,01637	1561295545758	0	1	1	
8795724	0,016368	1,762	0,02884041	1561295546208	0	1	-1	
8795725	0,016368	0,242	0,00396105	1561295572486	0	1	0	
8795726	0,016368	0,016	0,00026188	1561295572487	0	1	0	
8795727	0,01637	0,464	0,00759568	1561295613941	0	1	1	
8795728	0,01637	0,083	0,00135871	1561295613944	0	1	0	
8795729	0,016371	0,464	0,00759614	1561295634501	0	1	1	
8795730	0,016371	1	0,016371	1561295634501	0	1	0	
8795731	0,016373	2	0,032746	1561295644113	0	1	1	
8795732	0,016374	0,37	0,00605838	1561295657441	0	1	2	
8795733	0,016374	0,216	0,00353678	1561295691864	0	1	0	
8795734	0,016374	0,76	0,01244424	1561295721549	0	1	0	
8795735	0,016373	0,198	0,00324185	1561295726057	0	1	-1	
8795736	0,016373	0,602	0,00985654	1561295729538	0	1	0	
8795737	0,016373	0,396	0,0064837	1561295729631	0	1	0	
8795738	0,016375	0,243	0,00397912	1561295729747	0	1	1	
8795739	0,016377	0,381	0,00623963	1561295729942	0	1	2	
8795740	0,016377	0,419	0,00686196	1561295730055	0	1	0	
8795741	0,016401	0,121	0,00198452	1561295738534	0	1	1	
8795742	0,016402	0,489	0,00802057	1561295738534	0	1	2	
8795743	0,016402	0,152	0,0024931	1561295741541	0	1	0	
8795744	0,016379	0,121	0,00198185	1561295741836	1	1	-1	
8795745	0,016378	1,432	0,02345329	1561295741836	1	1	-2	
8795746	0,016381	0,121	0,0019821	1561295765513	1	1	1	
8795747	0,01638	0,121	0,00198198	1561295766508	1	1	-1	
8795748	0,01638	0,15	0,002457	1561295784522	1	1	0	
8795749	0,01638	1,342	0,02198196	1561295827537	1	1	0	
8795750	0,016377	0,5	0,0081885	1561295834276	1	1	-1	
8795751	0,016385	0,121	0,00198258	1561295875565	0	1	1	
8795752	0,016385	0,8	0,013108	1561295875565	0	1	0	
8795753	0,016378	2,378	0,03894688	1561295875870	1	1	-1	
8795754	0,016382	0,775	0,01269605	1561295882526	0	1	1	
8795755	0,016388	0,8	0,0131104	1561295883526	0	1	2	
8795756	0,016396	0,121	0,00198391	1561295916526	1	1	3	
8795757	0,016406	0,079	0,00129607	1561295918217	0	1	4	
8795758	0,016395	0,8	0,013116	1561295934054	1	1	-1	
8795759	0,016395	0,139	0,0022789	1561295935527	0	1	0	
8795760	0,016405	0,167	0,00273963	1561295953097	0	1	1	
8795761	0,016398	0,503	0,00824819	1561295984611	0	1	-1	
8795762	0,016396	0,8	0,0131168	1561296010527	1	1	-2	
8795763	0,016393	0,074	0,00121308	1561296045446	0	1	-3	
8795764	0,016394	0,017	0,00027869	1561296045446	0	1	1	
8795765	0,01639	0,12	0,0019668	1561296062745	0	1	-1	
8795766	0,016393	0,086	0,00140979	1561296081180	0	1	1	
8795767	0,016387	0,383	0,00627622	1561296107066	0	1	-1	
8795768	0,016388	0,19	0,00311372	1561296112811	0	1	1	
8795769	0,016388	0,734	0,01202879	1561296116078	0	1	0	
8795770	0,016388	0,65	0,0106522	1561296126221	1	1	0	
8795771	0,016391	0,803	0,01316197	1561296126225	0	1	1	
8795772	0,016382	1,553	0,02544124	1561296131616	1	1	-1	
8795773	0,016382	1,54	0,02522828	1561296145276	1	1	0	
8795774	0,016381	0,121	0,0019821	1561296166471	1	1	-1	
8795775	0,016381	0,768	0,0125806	1561296166471	1	1	0	
8795776	0,016381	0,032	0,00052419	1561296167258	1	1	0	
8795777	0,016381	0,079	0,00129409	1561296169217	1	1	0	
8795778	0,016381	0,618	0,01012345	1561296171610	1	1	0	
8795779	0,01638	0,622	0,01018836	1561296174807	1	1	-1	
8795780	0,016379	0,436	0,00714124	1561296181071	1	1	-2	
8795781	0,016379	0,305	0,00499559	1561296188726	1	1	0	
8795782	0,016379	0,213	0,00348872	1561296195894	1	1	0	
8795783	0,016384	0,269	0,00440729	1561296199229	0	1	1	
8795784	0,01638	0,338	0,00553644	1561296199233	1	1	-1	
8795785	0,016379	0,149	0,00244047	1561296203393	1	1	-2	
8795786	0,016379	0,104	0,00170341	1561296204409	1	1	0	
8795787	0,016379	0,149	0,00244047	1561296245173	1	1	0	
8795788	0,016381	0,398	0,00651963	1561296286167	0	1	1	
8795789	0,016379	0,55	0,00900845	1561296286168	1	1	-1	
8795790	0,016384	0,74	0,01212416	1561296290749	0	1	1	
8795791	0,016384	0,001	0,00001638	1561296290753	0	1	0	
8795792	0,016384	0,741	0,01214054	1561296290825	1	1	0	
8795793	0,016378	0,555	0,00908979	1561296290825	1	1	-1	
8795794	0,016378	0,245	0,00401261	1561296304801	1	1	0	
8795795	0,01638	0,641	0,01049958	1561296321716	0	1	1	
8795796	0,016387	0,157	0,00257275	1561296326402	0	1	2	
8795797	0,016387	0,8	0,0131096	1561296326402	0	1	0	
8795798	0,016389	0,113	0,00185195	1561296326402	0	1	1	
8795799	0,016375	0,411	0,00673012	1561296354995	1	1	-1	
8795800	0,01638	0,52	0,0085176	1561296354996	0	1	1	
8795801	0,016374	0,122	0,00199762	1561296369194	1	1	-1	
8795802	0,01637	0,122	0,00199714	1561296373521	1	1	-2	
8795803	0,01637	0,122	0,00199714	1561296373745	1	1	0	
8795804	0,016369	0,13	0,00212797	1561296373845	1	1	-1	
8795805	0,016376	0,109	0,00178498	1561296395193	0	1	1	
8795806	0,016369	0,219	0,00358481	1561296395194	1	1	-1	
8795807	0,016368	0,25	0,004092	1561296403893	1	1	-2	
8795808	0,016368	0,012	0,00019641	1561296403893	1	1	0	
8795809	0,016369	0,169	0,00276636	1561296437779	1	1	1	
8795810	0,016375	0,502	0,00822025	1561296437782	0	1	2	
8795811	0,016372	1,058	0,01732157	1561296457194	0	1	-1	
8795812	0,016369	0,593	0,00970681	1561296457202	1	1	-2	
8795813	0,016371	0,722	0,01181986	1561296481218	1	1	1	
8795814	0,016369	0,418	0,00684224	1561296481221	1	1	-1	
8795815	0,016368	0,788	0,01289798	1561296489524	1	1	-2	
8795816	0,016349	0,147	0,0024033	1561296502070	1	1	-3	
8795817	0,016359	0,583	0,00953729	1561296502072	0	1	1	
8795818	0,016349	0,092	0,0015041	1561296520551	1	1	-1	
8795819	0,016355	0,1	0,0016355	1561296525266	0	1	1	
8795820	0,01635	0,486	0,0079461	1561296525270	1	1	-1	
8795821	0,016349	0,064	0,00104633	1561296527301	1	1	-2	
8795822	0,016349	0,458	0,00748784	1561296534664	1	1	0	
8795823	0,016355	0,351	0,0057406	1561296548255	1	1	1	
8795824	0,016363	0,064	0,00104723	1561296558041	0	1	2	
8795825	0,016363	0,058	0,00094905	1561296564267	0	1	0	
8795826	0,016357	1,068	0,01746927	1561296603861	1	1	-1	
8795827	0,016358	0,704	0,01151603	1561296610960	1	1	1	
8795828	0,016365	0,244	0,00399306	1561296611750	0	1	2	
8795829	0,016366	0,8	0,0130928	1561296612357	0	1	3	
8795830	0,016367	0,074	0,00121115	1561296640493	0	1	4	
8795831	0,016377	0,8	0,0131016	1561296640493	0	1	5	
8795832	0,016389	0,126	0,00206501	1561296640493	0	1	6	
8795833	0,016366	0,282	0,00461521	1561296646549	0	1	-1	
8795834	0,016366	0,093	0,00152203	1561296646619	0	1	0	
8795835	0,016366	0,625	0,01022875	1561296647211	0	1	0	
8795836	0,016381	0,946	0,01549642	1561296654261	1	1	1	
8795837	0,016369	0,122	0,00199701	1561296684486	1	1	-1	
8795838	0,016369	0,8	0,0130952	1561296684486	1	1	0	
8795839	0,016368	0,606	0,009919	1561296684486	1	1	-1	
8795840	0,016367	24,292	0,39758716	1561296684486	1	1	-2	
8795841	0,016364	3,053	0,04995929	1561296684486	1	1	-3	
8795842	0,016361	0,8	0,0130888	1561296684486	1	1	-4	
8795843	0,016357	15,861	0,25943837	1561296684568	0	1	-5	
8795844	0,016357	25	0,408925	1561296684593	0	1	0	
8795845	0,016356	0,144	0,00235526	1561296691395	0	1	-1	
8795846	0,016353	1,653	0,0270315	1561296691400	0	1	-2	
8795847	0,016355	0,804	0,01314942	1561296717447	1	1	1	
8795848	0,016356	0,128	0,00209356	1561296717447	0	1	2	
8795849	0,016356	0,556	0,00909393	1561296735727	1	1	0	
8795850	0,016357	0,848	0,01387073	1561296753404	0	1	1	
8795851	0,016358	0,53	0,00866974	1561296757151	1	1	2	
8795852	0,016355	0,483	0,00789946	1561296757152	1	1	-1	
8795853	0,016363	0,501	0,00819786	1561296758459	0	1	1	
8795854	0,016373	0,39	0,00638547	1561296774344	0	1	2	
8795855	0,016368	0,122	0,00199689	1561296786722	1	1	-1	
8795856	0,016367	0,558	0,00913278	1561296786722	1	1	-2	
8795857	0,016365	0,8	0,013092	1561296786722	1	1	-3	
8795858	0,016365	3,053	0,04996234	1561296786722	1	1	0	
8795859	0,016363	0,24	0,00392712	1561296786722	1	1	-1	
8795860	0,01637	0,429	0,00702273	1561296810098	0	1	1	
8795861	0,01637	0,094	0,00153878	1561296810102	0	1	0	
8795862	0,016371	0,701	0,01147607	1561296846600	0	1	1	
8795863	0,016372	3	0,049116	1561296847591	0	1	2	
8795864	0,016367	0,142	0,00232411	1561296855681	1	1	-1	
8795865	0,016367	3,858	0,06314388	1561296856263	1	1	0	
8795866	0,016366	0,122	0,00199665	1561296863087	1	1	-1	
8795867	0,016356	0,116	0,00189729	1561296864973	1	1	-2	
8795868	0,016356	0,066	0,00107949	1561296871274	1	1	0	
8795869	0,016364	0,542	0,00886928	1561296875452	0	1	1	
8795870	0,016365	0,138	0,00225837	1561296885636	0	1	2	
8795871	0,016365	0,138	0,00225837	1561296885732	0	1	0	
8795872	0,016365	0,122	0,00199653	1561296891604	0	1	0	
8795873	0,016365	0,154	0,00252021	1561296905153	0	1	0	
8795874	0,016358	0,282	0,00461295	1561296916494	1	1	-1	
8795875	0,01636	0,46	0,0075256	1561296916498	0	1	1	
8795876	0,016356	0,618	0,010108	1561296920354	1	1	-1	
8795877	0,016357	0,765	0,0125131	1561296943802	1	1	1	
8795878	0,016355	0,189	0,00309109	1561296943802	1	1	-1	
8795879	0,016354	0,096	0,00156998	1561296952192	1	1	-2	
8795880	0,016361	0,5	0,0081805	1561296955837	0	1	1	
8795881	0,016358	0,552	0,00902961	1561296964022	1	1	-1	
8795882	0,016355	0,722	0,01180831	1561296964028	1	1	-2	
8795883	0,016361	0,3	0,0049083	1561296964583	0	1	1	
8795884	0,016355	0,659	0,01077794	1561296989701	1	1	-1	
8795885	0,016354	0,343	0,00560942	1561297002606	1	1	-2	
8795886	0,016354	0,14	0,00228956	1561297024907	1	1	0	
8795887	0,016355	0,788	0,01288774	1561297028888	1	1	1	
8795888	0,01636	1,631	0,02668316	1561297028892	0	1	2	
8795889	0,016355	0,265	0,00433407	1561297060265	1	1	-1	
8795890	0,016361	1,088	0,01780076	1561297079800	0	1	1	
8795891	0,016355	0,604	0,00987842	1561297079809	1	1	-1	
8795892	0,01636	0,513	0,00839268	1561297099646	0	1	1	
8795893	0,016355	0,534	0,00873357	1561297099656	1	1	-1	
8795894	0,016361	0,453	0,00741153	1561297129915	0	1	1	
8795895	0,016355	0,413	0,00675461	1561297129920	1	1	-1	
8795896	0,016366	0,122	0,00199665	1561297144390	0	1	1	
8795897	0,016366	0,448	0,00733196	1561297144390	0	1	0	
8795898	0,016365	0,244	0,00399306	1561297153192	0	1	-1	
8795899	0,016366	0,352	0,00576083	1561297153192	0	1	1	
8795900	0,016367	1,966	0,03217752	1561297153192	0	1	2	
8795901	0,016367	2,91	0,04762797	1561297153600	0	1	0	
8795902	0,016367	13,09	0,21424403	1561297153600	0	1	0	
8795903	0,016367	0,569	0,00931282	1561297156795	0	1	0	
8795904	0,016379	0,8	0,0131032	1561297184813	0	1	1	
8795905	0,01638	0,087	0,00142506	1561297189604	0	1	2	
8795906	0,016384	0,434	0,00711065	1561297197935	0	1	3	
8795907	0,01639	0,515	0,00844085	1561297200742	0	1	4	
8795908	0,01639	0,548	0,00898172	1561297200801	0	1	0	
8795909	0,01639	0,548	0,00898172	1561297200845	0	1	0	
8795910	0,01639	0,152	0,00249128	1561297209124	0	1	0	
8795911	0,01639	0,001	0,00001639	1561297209850	0	1	0	
8795912	0,016398	2,545	0,04173291	1561297209850	0	1	1	
8795913	0,016398	10	0,16398	1561297210594	0	1	0	
8795914	0,016398	0,122	0,00200055	1561297210617	0	1	0	
8795915	0,016398	0,259	0,00424708	1561297210965	0	1	0	
8795916	0,01641	0,5	0,008205	1561297213238	0	1	1	
8795917	0,016418	0,103	0,00169105	1561297213360	1	1	2	
8795918	0,016418	0,397	0,00651794	1561297213467	1	1	0	
8795919	0,016418	0,291	0,00477763	1561297213691	1	1	0	
8795920	0,016418	0,154	0,00252837	1561297214087	1	1	0	
8795921	0,01642	1,138	0,01868596	1561297214971	0	1	1	
8795922	0,01642	0,066	0,00108372	1561297222909	0	1	0	
8795923	0,016418	0,546	0,00896422	1561297226333	1	1	-1	
8795924	0,016407	0,702	0,01151771	1561297238598	1	1	-2	
8795925	0,016405	0,121	0,001985	1561297239599	1	1	-3	
8795926	0,01639	0,121	0,00198319	1561297241686	1	1	-4	
8795927	0,016389	0,112	0,00183556	1561297241686	1	1	-5	
8795928	0,016388	1,792	0,02936729	1561297241686	1	1	-6	
8795929	0,016388	3,049	0,04996701	1561297241686	1	1	0	
8795930	0,016387	0,8	0,0131096	1561297241686	1	1	-1	
8795931	0,016384	1,943	0,03183411	1561297241686	1	1	-2	
8795932	0,016369	3,21	0,05254449	1561297241686	1	1	-3	
8795933	0,016401	0,399	0,00654399	1561297243413	1	1	1	
8795934	0,016382	0,079	0,00129417	1561297244361	1	1	-1	
8795935	0,016385	0,453	0,0074224	1561297288476	1	1	1	
8795936	0,016394	1	0,016394	1561297288599	0	1	2	
8795937	0,016395	0,121	0,00198379	1561297298404	0	1	3	
8795938	0,016396	0,079	0,00129528	1561297298404	0	1	4	
8795939	0,016395	0,281	0,00460699	1561297359547	1	1	-1	
8795940	0,016391	0,121	0,00198331	1561297362112	1	1	-2	
8795941	0,01639	0,141	0,00231099	1561297363848	1	1	-3	
8795942	0,016395	0,2	0,003279	1561297390243	0	1	1	
8795943	0,016395	0,121	0,00198379	1561297390699	0	1	0	
8795944	0,01641	0,712	0,01168392	1561297397865	1	1	1	
8795945	0,016411	0,121	0,00198573	1561297398621	1	1	2	
8795946	0,016403	0,121	0,00198476	1561297406730	1	1	-1	
8795947	0,016403	0,121	0,00198476	1561297407913	1	1	0	
8795948	0,016402	0,083	0,00136136	1561297409122	1	1	-1	
8795949	0,016402	2	0,032804	1561297425622	1	1	0	
8795950	0,016405	0,121	0,001985	1561297425801	0	1	1	
8795951	0,016406	3,879	0,06363887	1561297425801	0	1	2	
8795952	0,016405	0,242	0,00397001	1561297425912	0	1	-1	
8795953	0,016406	0,121	0,00198512	1561297426125	0	1	1	
8795954	0,016393	2,53	0,04147429	1561297432258	1	1	-1	
8795955	0,016395	1,157	0,01896901	1561297456624	0	1	1	
8795956	0,016389	0,592	0,00970228	1561297456628	1	1	-1	
8795957	0,016398	0,15	0,0024597	1561297464530	0	1	1	
8795958	0,016393	2,279	0,03735964	1561297483665	1	1	-1	
8795959	0,016389	0,406	0,00665393	1561297483673	1	1	-2	
8795960	0,016396	0,166	0,00272173	1561297489664	0	1	1	
8795961	0,016388	0,121	0,00198294	1561297493243	1	1	-1	
8795962	0,016385	0,121	0,00198258	1561297494245	1	1	-2	
8795963	0,016373	0,122	0,0019975	1561297547867	1	1	-3	
8795964	0,016372	1,101	0,01802557	1561297549343	1	1	-4	
8795965	0,016368	0,8	0,0130944	1561297568982	1	1	-5	
8795966	0,016355	0,701	0,01146485	1561297571638	1	1	-6	
8795967	0,016356	1,056	0,01727193	1561297578836	1	1	1	
8795968	0,016355	0,099	0,00161914	1561297604767	1	1	-1	
8795969	0,016353	0,086	0,00140635	1561297604856	1	1	-2	
8795970	0,016357	1,171	0,01915404	1561297619460	1	1	1	
8795971	0,01635	0,677	0,01106895	1561297619465	1	1	-1	
8795972	0,016349	1,595	0,02607665	1561297627709	1	1	-2	
8795973	0,016349	0,8	0,0130792	1561297627709	1	1	0	
8795974	0,016346	1,035	0,01691811	1561297630307	1	1	-1	
8795975	0,016359	0,088	0,00143959	1561297634506	0	1	1	
8795976	0,016346	2,021	0,03303526	1561297635323	1	1	-1	
8795977	0,016347	0,544	0,00889276	1561297646761	1	1	1	
8795978	0,01636	0,068	0,00111248	1561297687957	0	1	2	
8795979	0,01636	0,208	0,00340288	1561297689535	0	1	0	
8795980	0,016364	0,8	0,0130912	1561297690634	0	1	1	
8795981	0,016367	0,122	0,00199677	1561297770119	1	1	2	
8795982	0,016366	0,295	0,00482797	1561297770128	1	1	-1	
8795983	0,016364	0,001	0,00001636	1561297770128	1	1	-2	
8795984	0,016365	0,122	0,00199653	1561297789014	1	1	1	
8795985	0,016365	0,122	0,00199653	1561297789141	1	1	0	
8795986	0,016364	0,864	0,01413849	1561297789141	1	1	-1	
8795987	0,016364	0,122	0,0019964	1561297789232	1	1	0	
8795988	0,016364	0,695	0,01137298	1561297803393	1	1	0	
8795989	0,01636	0,379	0,00620044	1561297803399	1	1	-1	
8795990	0,01636	1,097	0,01794692	1561297840185	1	1	0	
8795991	0,01636	0,278	0,00454808	1561297868112	1	1	0	
8795992	0,016363	0,969	0,01585574	1561297902382	0	1	1	
8795993	0,01636	0,677	0,01107572	1561297902391	1	1	-1	
8795994	0,01636	0,123	0,00201228	1561297987945	0	1	0	
8795995	0,016359	0,292	0,00477682	1561298011422	1	1	-1	
8795996	0,016359	0,508	0,00831037	1561298111721	1	1	0	
8795997	0,016359	4,266	0,06978749	1561298111721	1	1	0	
8795998	0,016348	0,08	0,00130784	1561298111721	1	1	-1	
8795999	0,016349	0,735	0,01201651	1561298124695	1	1	1	
8796000	0,016349	1,024	0,01674137	1561298145766	1	1	0	
8796001	0,016349	0,492	0,0080437	1561298172011	1	1	0	
8796002	0,016348	0,107	0,00174923	1561298191527	1	1	-1	
8796003	0,016354	0,552	0,0090274	1561298207111	0	1	1	
8796004	0,016349	0,582	0,00951511	1561298207116	1	1	-1	
8796005	0,016349	1,181	0,01930816	1561298242388	1	1	0	
8796006	0,01635	1,015	0,01659525	1561298275850	1	1	1	
8796007	0,016359	0,122	0,00199579	1561298291325	0	1	2	
8796008	0,016359	0,564	0,00922647	1561298291325	0	1	0	
8796009	0,016351	0,52	0,00850252	1561298295894	1	1	-1	
8796010	0,016354	0,927	0,01516015	1561298295897	0	1	1	
8796011	0,016351	1,112	0,01818231	1561298320532	1	1	-1	
8796012	0,016357	1,259	0,02059346	1561298353542	0	1	1	
8796013	0,01635	0,459	0,00750465	1561298353544	1	1	-1	
8796014	0,016354	0,281	0,00459547	1561298393032	1	1	1	
8796015	0,01635	0,361	0,00590235	1561298393040	1	1	-1	
8796016	0,01635	0,253	0,00413655	1561298410825	1	1	0	
8796017	0,016349	0,8	0,0130792	1561298413562	1	1	-1	
8796018	0,016348	2,868	0,04688606	1561298413562	1	1	-2	
8796019	0,016348	0,074	0,00120975	1561298413562	1	1	0	
8796020	0,016348	0,8	0,0130784	1561298413562	1	1	0	
8796021	0,016345	1,002	0,01637769	1561298413562	1	1	-1	
8796022	0,016358	0,8	0,0130864	1561298413708	0	1	1	
8796023	0,016359	2	0,032718	1561298413708	0	1	2	
8796024	0,016359	0,244	0,00399159	1561298413708	0	1	0	
8796025	0,016359	0,2	0,0032718	1561298413708	0	1	0	
8796026	0,016359	0,525	0,00858847	1561298413800	0	1	0	
8796027	0,016354	0,75	0,0122655	1561298450051	0	1	-1	
8796028	0,016349	0,764	0,01249063	1561298450057	1	1	-2	
8796029	0,016353	0,211	0,00345048	1561298485415	1	1	1	
8796030	0,016349	0,376	0,00614722	1561298485417	1	1	-1	
8796031	0,016349	0,617	0,01008733	1561298527613	1	1	0	
8796032	0,016348	0,122	0,00199445	1561298528763	1	1	-1	
8796033	0,016347	0,376	0,00614647	1561298528763	1	1	-2	
8796034	0,016352	0,654	0,0106942	1561298551980	1	1	1	
8796035	0,016349	0,078	0,00127522	1561298551980	1	1	-1	
8796036	0,01635	0,494	0,0080769	1561298581516	1	1	1	
8796037	0,016355	0,13	0,00212615	1561298586349	0	1	2	
8796038	0,016352	1,234	0,02017836	1561298614792	0	1	-1	
8796039	0,016349	0,551	0,00900829	1561298614801	1	1	-2	
8796040	0,016347	0,117	0,00191259	1561298631258	1	1	-3	
8796041	0,016346	0,122	0,00199421	1561298631258	1	1	-4	
8796042	0,016345	0,338	0,00552461	1561298631258	1	1	-5	
8796043	0,016345	7,3	0,1193185	1561298648278	1	1	0	
8796044	0,01635	1,235	0,02019225	1561298657155	0	1	1	
8796045	0,016346	0,181	0,00295862	1561298657167	1	1	-1	
8796046	0,016345	2,517	0,04114036	1561298670582	1	1	-2	
8796047	0,016352	0,102	0,0016679	1561298674762	0	1	1	
8796048	0,016345	4,855	0,07935497	1561298680710	1	1	-1	
8796049	0,016345	13,831	0,22606769	1561298680742	1	1	0	
8796050	0,01634	0,803	0,01312102	1561298685208	1	1	-1	
8796051	0,01634	5,316	0,08686344	1561298685231	1	1	0	
8796052	0,01634	0,122	0,00199348	1561298693089	0	1	0	
8796053	0,01634	0,122	0,00199348	1561298693864	0	1	0	
8796054	0,016341	0,8	0,0130728	1561298693864	0	1	1	
8796055	0,016343	2,062	0,03369926	1561298693864	0	1	2	
8796056	0,016331	0,759	0,01239522	1561298697778	1	1	-1	
8796057	0,016339	0,431	0,0070421	1561298697778	0	1	1	
8796058	0,016329	0,122	0,00199213	1561298719330	1	1	-1	
8796059	0,016322	0,559	0,00912399	1561298722893	1	1	-2	
8796060	0,016322	0,122	0,00199128	1561298736949	1	1	0	
8796061	0,01632	22,478	0,36684096	1561298736949	1	1	-1	
8796062	0,016321	0,122	0,00199116	1561298737148	1	1	1	
8796063	0,01632	2,149	0,03507168	1561298737148	1	1	-1	
8796064	0,01632	2,271	0,03706272	1561298737152	1	1	0	
8796065	0,01632	0,753	0,01228896	1561298737208	1	1	0	
8796066	0,01632	3,966	0,06472512	1561298737245	1	1	0	
8796067	0,01632	1,424	0,02323968	1561298737343	1	1	0	
8796068	0,01632	1,15	0,018768	1561298737560	1	1	0	
8796069	0,016321	0,349	0,00569602	1561298748737	1	1	1	
8796070	0,016324	0,636	0,01038206	1561298790020	0	1	2	
8796071	0,016322	0,685	0,01118057	1561298790030	1	1	-1	
8796072	0,016331	0,472	0,00770823	1561298791821	0	1	1	
8796073	0,016331	0,328	0,00535656	1561298791843	0	1	0	
8796074	0,016331	0,122	0,00199238	1561298791843	0	1	0	
8796075	0,016328	0,122	0,00199201	1561298800024	1	1	-1	
8796076	0,016327	0,371	0,00605731	1561298800024	1	1	-2	
8796077	0,016326	0,87	0,01420362	1561298816307	1	1	-3	
8796078	0,016332	0,842	0,01375154	1561298816307	0	1	1	
8796079	0,016332	0,315	0,00514458	1561298837320	1	1	0	
8796080	0,016332	0,045	0,00073494	1561298837321	1	1	0	
8796081	0,016326	0,315	0,00514269	1561298840372	1	1	-1	
8796082	0,016326	0,539	0,00879971	1561298864386	1	1	0	
8796083	0,01633	1,659	0,02709147	1561298864392	0	1	1	
8796084	0,01633	1,115	0,01820795	1561298883788	1	1	0	
8796085	0,016326	0,331	0,0054039	1561298883793	1	1	-1	
8796086	0,016326	0,198	0,00323254	1561298898473	0	1	0	
8796087	0,016326	0,108	0,0017632	1561298950953	1	1	0	
8796088	0,016326	0,108	0,0017632	1561298950953	1	1	0	
8796089	0,016325	0,8	0,01306	1561298951426	1	1	-1	
8796090	0,016321	0,062	0,0010119	1561298953808	1	1	-2	
8796091	0,01632	2,623	0,04280736	1561298958890	1	1	-3	
8796092	0,016321	0,802	0,01308944	1561298971209	1	1	1	
8796093	0,01632	0,192	0,00313344	1561298971758	1	1	-1	
8796094	0,01632	0,102	0,00166464	1561298982844	1	1	0	
8796095	0,01632	0,221	0,00360672	1561298982958	1	1	0	
8796096	0,016321	0,164	0,00267664	1561299014882	1	1	1	
8796097	0,01632	23	0,37536	1561299016746	1	1	-1	
8796098	0,01632	0,945	0,0154224	1561299016773	1	1	0	
8796099	0,016317	0,5	0,0081585	1561299016775	1	1	-1	
8796100	0,016316	0,08	0,00130528	1561299016775	1	1	-2	
8796101	0,016305	1,069	0,01743004	1561299040434	0	1	-3	
8796102	0,016309	0,468	0,00763261	1561299040440	0	1	1	
8796103	0,016299	0,807	0,01315329	1561299063690	1	1	-1	
8796104	0,016306	0,81	0,01320786	1561299063694	0	1	1	
8796105	0,016299	0,787	0,01282731	1561299081614	1	1	-1	
8796106	0,016301	0,37	0,00603137	1561299120597	1	1	1	
8796107	0,016299	0,424	0,00691077	1561299120597	1	1	-1	
8796108	0,016298	0,8	0,0130384	1561299154302	1	1	-2	
8796109	0,016299	1,552	0,02529604	1561299155512	0	1	1	
8796110	0,016299	0,8	0,0130392	1561299163151	0	1	0	
8796111	0,016291	0,638	0,01039365	1561299163389	1	1	-1	
8796112	0,016291	0,245	0,00399129	1561299163389	1	1	0	
8796113	0,016291	0,245	0,00399129	1561299163389	1	1	0	
8796114	0,016291	0,245	0,00399129	1561299163389	1	1	0	
8796115	0,016282	12,927	0,21047741	1561299164765	1	1	-1	
8796116	0,016282	0,792	0,01289534	1561299168951	0	1	0	
8796117	0,016283	0,799	0,01301011	1561299170603	0	1	1	
8796118	0,016273	0,245	0,00398688	1561299183359	1	1	-1	
8796119	0,016264	0,128	0,00208179	1561299183359	1	1	-2	
8796120	0,016259	0,541	0,00879611	1561299183359	1	1	-3	
8796121	0,016278	0,244	0,00397183	1561299186226	0	1	1	
8796122	0,016279	0,144	0,00234417	1561299186226	0	1	2	
8796123	0,016278	0,122	0,00198591	1561299186517	0	1	-1	
8796124	0,016279	0,263	0,00428137	1561299195509	0	1	1	
8796125	0,016261	0,089	0,00144722	1561299201770	1	1	-1	
8796126	0,016278	0,089	0,00144874	1561299202262	0	1	1	
8796127	0,016279	0,158	0,00257208	1561299203267	0	1	2	
8796128	0,016279	0,11	0,00179069	1561299209703	0	1	0	
8796129	0,016269	1,246	0,02027117	1561299228193	0	1	-1	
8796130	0,016279	0,094	0,00153022	1561299242676	0	1	1	
8796131	0,016274	1,984	0,03228761	1561299270307	1	1	-1	
8796132	0,016279	0,031	0,00050464	1561299279332	0	1	1	
8796133	0,016296	1,476	0,02405289	1561299279332	0	1	2	
8796134	0,016278	0,071	0,00115573	1561299279933	0	1	-1	
8796135	0,016272	1,423	0,02315505	1561299286017	0	1	-2	
8796136	0,016272	1,21	0,01968912	1561299295521	0	1	0	
8796137	0,016278	0,69	0,01123182	1561299295521	0	1	1	
8796138	0,016272	1,047	0,01703678	1561299301265	1	1	-1	
8796139	0,016272	0,739	0,012025	1561299301267	1	1	0	
8796140	0,016272	1,047	0,01703678	1561299306498	0	1	0	
8796141	0,01627	0,956	0,01555412	1561299317881	1	1	-1	
8796142	0,016275	0,434	0,00706335	1561299337173	1	1	1	
8796143	0,016269	0,609	0,00990782	1561299337180	1	1	-1	
8796144	0,016278	0,039	0,00063484	1561299345544	0	1	1	
8796145	0,016289	0,13	0,00211757	1561299345544	0	1	2	
8796146	0,016269	0,179	0,00291215	1561299348311	1	1	-1	
8796147	0,016274	1,617	0,02631505	1561299394860	0	1	1	
8796148	0,016274	0,306	0,00497984	1561299394882	0	1	0	
8796149	0,016286	0,16	0,00260576	1561299402931	0	1	1	
8796150	0,016281	1,239	0,02017215	1561299409023	0	1	-1	
8796151	0,016275	0,122	0,00198555	1561299439490	1	1	-2	
8796152	0,016274	0,76	0,01236824	1561299439490	1	1	-3	
8796153	0,016273	0,8	0,0130184	1561299439490	1	1	-4	
8796154	0,016273	0,27	0,00439371	1561299439790	0	1	0	
8796155	0,016279	0,362	0,00589299	1561299445836	1	1	1	
8796156	0,016273	0,724	0,01178165	1561299445841	1	1	-1	
8796157	0,016282	0,614	0,00999714	1561299457623	0	1	1	
8796158	0,016272	0,122	0,00198518	1561299461305	1	1	-1	
8796159	0,016271	0,8	0,0130168	1561299463676	1	1	-2	
8796160	0,016271	0,122	0,00198506	1561299464874	1	1	0	
8796161	0,016271	0,228	0,00370978	1561299480032	1	1	0	
8796162	0,016271	0,65	0,01057615	1561299484075	1	1	0	
8796163	0,016277	1,968	0,03203313	1561299484079	0	1	1	
8796164	0,016275	0,136	0,0022134	1561299512243	1	1	-1	
8796165	0,016275	0,572	0,0093093	1561299512245	1	1	0	
8796166	0,016272	0,136	0,00221299	1561299512672	1	1	-1	
8796167	0,016271	1,229	0,01999705	1561299512764	1	1	-2	
8796168	0,01627	0,135	0,00219645	1561299513176	1	1	-3	
8796169	0,016263	0,8	0,0130104	1561299514824	1	1	-4	
8796170	0,016263	0,2	0,0032526	1561299514824	1	1	0	
8796171	0,016263	0,046	0,00074809	1561299518920	1	1	0	
8796172	0,016261	0,246	0,0040002	1561299520795	1	1	-1	
8796173	0,016261	0,246	0,0040002	1561299520795	1	1	0	
8796174	0,016261	0,246	0,0040002	1561299520795	1	1	0	
8796175	0,016261	0,754	0,01226079	1561299520795	1	1	0	
8796176	0,016261	0,352	0,00572387	1561299521795	1	1	0	
8796177	0,016259	8,056	0,1309825	1561299523495	1	1	-1	
8796178	0,016258	0,425	0,00690965	1561299524509	1	1	-2	
8796179	0,016256	0,719	0,01168806	1561299525561	1	1	-3	
8796180	0,016256	0,246	0,00399897	1561299525561	1	1	0	
8796181	0,016254	0,709	0,01152408	1561299526598	1	1	-1	
8796182	0,016254	0,246	0,00399848	1561299526598	1	1	0	
8796183	0,016252	0,246	0,00399799	1561299527669	1	1	-1	
8796184	0,016259	0,064	0,00104057	1561299527965	0	1	1	
8796185	0,016247	1,528	0,02482541	1561299530242	0	1	-1	
8796186	0,016255	0,116	0,00188558	1561299533779	0	1	1	
8796187	0,016255	0,006	0,00009753	1561299535809	0	1	0	
8796188	0,016256	0,25	0,004064	1561299535809	0	1	1	
8796189	0,016255	0,244	0,00396622	1561299537014	0	1	-1	
8796190	0,016256	0,26	0,00422656	1561299537014	0	1	1	
8796191	0,016256	0,29	0,00471424	1561299540659	0	1	0	
8796192	0,016259	0,145	0,00235755	1561299540659	0	1	1	
8796193	0,01626	0,8	0,013008	1561299540659	0	1	2	
8796194	0,016261	1,691	0,02749735	1561299540659	0	1	3	
8796195	0,01626	0,135	0,0021951	1561299542513	0	1	-1	
8796196	0,016247	0,122	0,00198213	1561299542786	1	1	-2	
8796197	0,016247	0,123	0,00199838	1561299543793	1	1	0	
8796198	0,016247	0,123	0,00199838	1561299544825	1	1	0	
8796199	0,016246	0,8	0,0129968	1561299545893	1	1	-1	
8796200	0,01625	0,122	0,0019825	1561299558821	0	1	1	
8796201	0,01625	0,109	0,00177125	1561299560177	0	1	0	
8796202	0,01624	0,123	0,00199752	1561299560229	1	1	-1	
8796203	0,01624	0,8	0,012992	1561299560229	1	1	0	
8796204	0,016239	0,494	0,00802206	1561299560229	1	1	-1	
8796205	0,01625	0,137	0,00222625	1561299561404	0	1	1	
8796206	0,016251	0,8	0,0130008	1561299561421	0	1	2	
8796207	0,01625	0,123	0,00199875	1561299562550	0	1	-1	
8796208	0,016244	0,122	0,00198176	1561299563303	1	1	-2	
8796209	0,016243	0,616	0,01000568	1561299563303	1	1	-3	
8796210	0,016241	0,408	0,00662632	1561299563303	1	1	-4	
8796211	0,016274	0,122	0,00198542	1561299564758	0	1	1	
8796212	0,016275	0,778	0,01266195	1561299564758	0	1	2	
8796213	0,016244	0,122	0,00198176	1561299567970	1	1	-1	
8796214	0,016243	0,178	0,00289125	1561299567970	1	1	-2	
8796215	0,016253	1,731	0,02813394	1561299569468	0	1	1	
8796216	0,01627	0,108	0,00175716	1561299572715	0	1	2	
8796217	0,016254	0,122	0,00198298	1561299576781	1	1	-1	
8796218	0,016254	0,122	0,00198298	1561299579741	1	1	0	
8796219	0,016244	0,871	0,01414852	1561299596292	1	1	-1	
8796220	0,016245	3,063	0,04975843	1561299598793	0	1	1	
8796221	0,016253	0,264	0,00429079	1561299638892	1	1	2	
8796222	0,016253	0,025	0,00040632	1561299638892	1	1	0	
8796223	0,016248	0,583	0,00947258	1561299669970	1	1	-1	
8796224	0,016247	0,068	0,00110479	1561299671810	1	1	-2	
8796225	0,016245	0,062	0,00100719	1561299673319	1	1	-3	
8796226	0,016247	0,172	0,00279448	1561299698039	1	1	1	
8796227	0,016247	2,134	0,03467109	1561299698250	1	1	0	
8796228	0,016244	0,172	0,00279396	1561299698810	1	1	-1	
8796229	0,016243	0,8	0,0129944	1561299701808	1	1	-2	
8796230	0,016247	0,172	0,00279448	1561299702590	0	1	1	
8796231	0,01625	0,136	0,00221	1561299709042	0	1	2	
8796232	0,01625	0,122	0,0019825	1561299716082	0	1	0	
8796233	0,016241	0,648	0,01052416	1561299740926	1	1	-1	
8796234	0,016246	2,118	0,03440902	1561299740932	0	1	1	
8796235	0,016245	0,873	0,01418188	1561299753784	0	1	-1	
8796236	0,016243	0,945	0,01534963	1561299760283	0	1	-2	
8796237	0,016244	0,534	0,00867429	1561299760292	0	1	1	
8796238	0,016245	0,08	0,0012996	1561299775003	0	1	2	
8796239	0,016242	0,765	0,01242513	1561299783447	1	1	-1	
8796240	0,016243	1,333	0,02165191	1561299783449	0	1	1	
8796241	0,016244	0,221	0,00358992	1561299806229	0	1	2	
8796242	0,01624	0,105	0,0017052	1561299806283	1	1	-1	
8796243	0,016245	0,911	0,01479919	1561299813969	0	1	1	
8796244	0,016245	0,544	0,00883728	1561299818067	0	1	0	
8796245	0,016242	0,72	0,01169424	1561299818077	1	1	-1	
8796246	0,016252	0,8	0,0130016	1561299818272	0	1	1	
8796247	0,016253	0,261	0,00424203	1561299820595	0	1	2	
8796248	0,016241	0,405	0,0065776	1561299857477	1	1	-1	
8796249	0,016248	1,533	0,02490818	1561299857481	0	1	1	
8796250	0,016243	0,331	0,00537643	1561299862167	0	1	-1	
8796251	0,016243	1,054	0,01712012	1561299863506	0	1	0	
8796252	0,016243	0,072	0,00116949	1561299866499	0	1	0	
8796253	0,016252	0,026	0,00042255	1561299866499	0	1	1	
8796254	0,016241	2	0,032482	1561299878226	1	1	-1	
8796255	0,016241	1	0,016241	1561299878226	1	1	0	
8796256	0,01624	0,018	0,00029232	1561299878226	1	1	-1	
8796257	0,01624	0,8	0,012992	1561299878226	1	1	0	
8796258	0,016239	0,318	0,005164	1561299878226	1	1	-1	
8796259	0,016227	2,731	0,04431593	1561299878226	1	1	-2	
8796260	0,016226	3,132	0,05081983	1561299878226	1	1	-3	
8796261	0,016238	1,224	0,01987531	1561299890906	0	1	1	
8796262	0,016246	0,8	0,0129968	1561299959922	0	1	2	
8796263	0,016246	0,079	0,00128343	1561299959922	0	1	0	
8796264	0,016248	0,138	0,00224222	1561299972464	0	1	1	
8796265	0,016238	0,595	0,00966161	1561299974550	1	1	-1	
8796266	0,016248	0,183	0,00297338	1561299980342	0	1	1	
8796267	0,016248	0,479	0,00778279	1561300002826	0	1	0	
8796268	0,016253	0,739	0,01201096	1561300003838	0	1	1	
8796269	0,016241	0,08	0,00129928	1561300004227	1	1	-1	
8796270	0,016252	0,458	0,00744341	1561300011077	0	1	1	
8796271	0,016257	0,617	0,01003056	1561300050327	0	1	2	
8796272	0,016255	1	0,016255	1561300072613	0	1	-1	
8796273	0,01625	0,38	0,006175	1561300088033	0	1	-2	
8796274	0,016248	0,991	0,01610176	1561300088038	1	1	-3	
8796275	0,016255	0,4	0,006502	1561300088063	0	1	1	
8796276	0,016252	0,122	0,00198274	1561300093169	1	1	-1	
8796277	0,016252	0,122	0,00198274	1561300109336	1	1	0	
8796278	0,016252	1,034	0,01680456	1561300109840	0	1	0	
8796279	0,016253	0,508	0,00825652	1561300114194	1	1	1	
8796280	0,016257	2,296	0,03732607	1561300114200	0	1	2	
8796281	0,016264	0,098	0,00159387	1561300114831	0	1	3	
8796282	0,016266	0,244	0,0039689	1561300115935	0	1	4	
8796283	0,016267	0,8	0,0130136	1561300116980	0	1	5	
8796284	0,016258	0,122	0,00198347	1561300117224	1	1	-1	
8796285	0,016258	0,122	0,00198347	1561300117426	1	1	0	
8796286	0,016258	0,615	0,00999867	1561300117426	1	1	0	
8796287	0,016283	0,122	0,00198652	1561300131333	0	1	1	
8796288	0,016283	0,122	0,00198652	1561300132637	0	1	0	
8796289	0,016283	0,047	0,0007653	1561300132637	0	1	0	
8796290	0,016264	0,122	0,0019842	1561300140287	1	1	-1	
8796291	0,016264	0,122	0,0019842	1561300140516	1	1	0	
8796292	0,016264	0,122	0,0019842	1561300140702	1	1	0	
8796293	0,016263	0,8	0,0130104	1561300141872	1	1	-1	
8796294	0,016263	0,975	0,01585642	1561300141872	1	1	0	
8796295	0,01626	0,431	0,00700806	1561300148720	1	1	-1	
8796296	0,016259	0,243	0,00395093	1561300161630	1	1	-2	
8796297	0,01626	0,582	0,00946332	1561300182691	1	1	1	
8796298	0,016264	0,389	0,00632669	1561300182693	0	1	2	
8796299	0,01626	0,89	0,0144714	1561300216179	1	1	-1	
8796300	0,016259	0,2	0,0032518	1561300250016	1	1	-2	
8796301	0,01626	0,282	0,00458532	1561300260917	1	1	1	
8796302	0,016264	1,012	0,01645916	1561300276587	0	1	2	
8796303	0,016267	0,874	0,01421735	1561300303212	1	1	3	
8796304	0,016265	0,566	0,00920599	1561300303212	1	1	-1	
8796305	0,016264	0,3	0,0048792	1561300305391	1	1	-2	
8796306	0,016262	0,64	0,01040768	1561300305438	0	1	-3	
8796307	0,016262	0,097	0,00157741	1561300305645	0	1	0	
8796308	0,016269	0,575	0,00935467	1561300305756	0	1	1	
8796309	0,016261	0,685	0,01113878	1561300327829	1	1	-1	
8796310	0,016266	0,346	0,00562803	1561300327833	0	1	1	
8796311	0,016259	0,355	0,00577194	1561300335072	1	1	-1	
8796312	0,016269	0,225	0,00366052	1561300338630	0	1	1	
8796313	0,01627	0,122	0,00198494	1561300338740	0	1	2	
8796314	0,01627	0,8	0,013016	1561300338740	0	1	0	
8796315	0,016271	0,244	0,00397012	1561300338840	0	1	1	
8796316	0,016272	0,556	0,00904723	1561300338840	0	1	2	
8796317	0,016272	0,244	0,00397036	1561300338941	0	1	0	
8796318	0,016262	0,071	0,0011546	1561300339914	1	1	-1	
8796319	0,016264	0,288	0,00468403	1561300372825	0	1	1	
8796320	0,016263	1,162	0,0188976	1561300404865	1	1	-1	
8796321	0,016263	1,465	0,02382529	1561300407960	0	1	0	
8796322	0,016262	0,051	0,00082936	1561300411976	1	1	-1	
8796323	0,016259	0,002	0,00003251	1561300412970	1	1	-2	
8796324	0,016241	0,123	0,00199764	1561300451275	1	1	-3	
8796325	0,016241	0,123	0,00199764	1561300462736	1	1	0	
8796326	0,01624	1,205	0,0195692	1561300462736	1	1	-1	
8796327	0,016238	0,8	0,0129904	1561300462736	1	1	-2	
8796328	0,016237	0,737	0,01196666	1561300462736	1	1	-3	
8796329	0,016228	0,153	0,00248288	1561300462736	1	1	-4	
8796330	0,016236	0,458	0,00743608	1561300473850	0	1	1	
8796331	0,016229	0,271	0,00439805	1561300473853	1	1	-1	
8796332	0,01624	0,07	0,0011368	1561300477153	0	1	1	
8796333	0,016241	0,8	0,0129928	1561300477153	0	1	2	
8796334	0,016241	2,195	0,03564899	1561300477153	0	1	0	
8796335	0,01624	0,298	0,00483952	1561300478706	0	1	-1	
8796336	0,016243	1,701	0,02762934	1561300478706	0	1	1	
8796337	0,016245	0,8	0,012996	1561300480373	0	1	2	
8796338	0,016251	2,235	0,03632098	1561300480373	0	1	3	
8796339	0,01626	0,331	0,00538206	1561300480373	0	1	4	
8796340	0,016259	0,615	0,00999928	1561300482015	0	1	-1	
8796341	0,01626	5,981	0,09725106	1561300482015	0	1	1	
8796342	0,016264	0,812	0,01320636	1561300482015	0	1	2	
8796343	0,016265	1,972	0,03207458	1561300482015	0	1	3	
8796344	0,01627	2,226	0,03621702	1561300482015	0	1	4	
8796345	0,016269	0,615	0,01000543	1561300485318	0	1	-1	
8796346	0,016278	1,747	0,02843766	1561300485318	0	1	1	
8796347	0,016281	10,669	0,17370198	1561300485318	0	1	2	
8796348	0,016283	0,027	0,00043964	1561300485318	0	1	3	
8796349	0,016299	0,593	0,0096653	1561300485318	0	1	4	
8796350	0,0163	1,951	0,0318013	1561300485318	0	1	5	
8796351	0,016292	6,958	0,11335973	1561300490335	0	1	-1	
8796352	0,016276	0,789	0,01284176	1561300513792	0	1	-2	
8796353	0,016272	1,823	0,02966385	1561300537172	1	1	-3	
8796354	0,01626	0,122	0,00198372	1561300574880	1	1	-4	
8796355	0,01626	0,122	0,00198372	1561300575885	1	1	0	
8796356	0,016267	1,254	0,02039881	1561300576013	0	1	1	
8796357	0,01626	0,122	0,00198372	1561300582879	1	1	-1	
8796358	0,016268	1,982	0,03224317	1561300603750	0	1	1	
8796359	0,016265	1,328	0,02159992	1561300617551	0	1	-1	
8796360	0,01626	0,545	0,0088617	1561300617557	1	1	-2	
8796361	0,016267	0,08	0,00130136	1561300627691	0	1	1	
8796362	0,01626	1	0,01626	1561300635875	1	1	-1	
8796363	0,016254	0,523	0,00850084	1561300662603	1	1	-2	
8796364	0,016265	0,122	0,00198433	1561300696889	0	1	1	
8796365	0,016275	0,244	0,0039711	1561300706594	0	1	2	
8796366	0,016277	0,154	0,00250665	1561300708558	0	1	3	
8796367	0,016264	0,122	0,0019842	1561300739148	1	1	-1	
8796368	0,016263	0,114	0,00185398	1561300739148	1	1	-2	
8796369	0,016264	0,122	0,0019842	1561300740154	1	1	1	
8796370	0,016263	0,124	0,00201661	1561300740588	1	1	-1	
8796371	0,016269	0,916	0,0149024	1561300740595	0	1	1	
8796372	0,016271	0,099	0,00161082	1561300741985	0	1	2	
8796373	0,016271	0,873	0,01420458	1561300754712	0	1	0	
8796374	0,016262	0,122	0,00198396	1561300757890	1	1	-1	
8796375	0,016261	0,678	0,01102495	1561300757890	1	1	-2	
8796376	0,016262	0,782	0,01271688	1561300762554	1	1	1	
8796377	0,016261	0,122	0,00198384	1561300767837	1	1	-1	
8796378	0,016249	0,8	0,0129992	1561300770519	1	1	-2	
8796379	0,016245	0,148	0,00240426	1561300772852	1	1	-3	
8796380	0,016245	0,652	0,01059174	1561300774997	1	1	0	
8796381	0,016245	0,348	0,00565326	1561300774997	1	1	0	
8796382	0,016245	0,159	0,00258295	1561300789861	1	1	0	
8796383	0,016246	0,16	0,00259936	1561300794026	1	1	1	
8796384	0,016245	0,641	0,01041304	1561300794026	1	1	-1	
8796385	0,016244	0,219	0,00355743	1561300794026	1	1	-2	
8796386	0,016238	0,136	0,00220836	1561300795282	1	1	-3	
8796387	0,016228	0,067	0,00108727	1561300799657	1	1	-4	
8796388	0,016224	0,433	0,00702499	1561300799657	1	1	-5	
8796389	0,016236	0,101	0,00163983	1561300806952	0	1	1	
8796390	0,01623	0,383	0,00621609	1561300814148	0	1	-1	
8796391	0,016234	0,46	0,00746764	1561300814148	0	1	1	
8796392	0,01623	0,383	0,00621609	1561300814900	1	1	-1	
8796393	0,016224	0,067	0,001087	1561300818107	1	1	-2	
8796394	0,016213	0,249	0,00403703	1561300819250	1	1	-3	
8796395	0,016212	0,074	0,00119968	1561300821895	1	1	-4	
8796396	0,016212	0,726	0,01176991	1561300821895	1	1	0	
8796397	0,016212	0,074	0,00119968	1561300822897	1	1	0	
8796398	0,016221	0,8	0,0129768	1561300824893	0	1	1	
8796399	0,016212	0,8	0,0129696	1561300837213	1	1	-1	
8796400	0,016211	0,613	0,00993734	1561300837213	1	1	-2	
8796401	0,016215	1,196	0,01939314	1561300845338	1	1	1	
8796402	0,016206	0,437	0,00708202	1561300845345	1	1	-1	
8796403	0,016206	0,8	0,0129648	1561300863750	1	1	0	
8796404	0,016205	0,556	0,00900998	1561300863750	1	1	-1	
8796405	0,0162	0,062	0,0010044	1561300863750	1	1	-2	
8796406	0,016194	0,244	0,00395133	1561300863750	1	1	-3	
8796407	0,016193	1,721	0,02786815	1561300863750	1	1	-4	
8796408	0,016205	0,8	0,012964	1561300868691	1	1	1	
8796409	0,016193	0,557	0,0090195	1561300868691	1	1	-1	
8796410	0,016192	0,306	0,00495475	1561300868691	1	1	-2	
8796411	0,01619	12,224	0,19790656	1561300868691	1	1	-3	
8796412	0,016211	0,121	0,00196153	1561300873503	0	1	1	
8796413	0,016202	1,547	0,02506449	1561300884901	0	1	-1	
8796414	0,016206	1,174	0,01902584	1561300910725	1	1	1	
8796415	0,0162	0,741	0,0120042	1561300910732	1	1	-1	
8796416	0,016206	1,271	0,02059782	1561300933294	0	1	1	
8796417	0,016201	1,985	0,03215898	1561300939317	1	1	-1	
8796418	0,016207	0,828	0,01341939	1561300945338	0	1	1	
8796419	0,016202	0,289	0,00468237	1561300945340	1	1	-1	
8796420	0,016202	1,057	0,01712551	1561300971189	1	1	0	
8796421	0,016206	2,534	0,041066	1561300984939	0	1	1	
8796422	0,016209	0,8	0,0129672	1561301005904	0	1	2	
8796423	0,016211	0,001	0,00001621	1561301005946	0	1	3	
8796424	0,016231	0,303	0,00491799	1561301006039	0	1	4	
8796425	0,016206	2,072	0,03357883	1561301033906	0	1	-1	
8796426	0,016222	0,091	0,0014762	1561301034513	0	1	1	
8796427	0,016214	0,468	0,00758815	1561301041644	0	1	-1	
8796428	0,016209	0,123	0,0019937	1561301044524	1	1	-2	
8796429	0,016208	0,74	0,01199392	1561301044628	1	1	-3	
8796430	0,016207	0,8	0,0129656	1561301044724	1	1	-4	
8796431	0,016206	2,174	0,03523184	1561301044820	1	1	-5	
8796432	0,016206	4,125	0,06684975	1561301044928	1	1	0	
8796433	0,016213	0,464	0,00752283	1561301068422	0	1	1	
8796434	0,016205	0,358	0,00580139	1561301068428	1	1	-1	
8796435	0,016205	0,493	0,00798906	1561301105426	1	1	0	
8796436	0,016212	1,776	0,02879251	1561301105429	0	1	1	
8796437	0,016216	0,153	0,00248104	1561301117922	0	1	2	
8796438	0,016216	2,639	0,04279402	1561301117922	0	1	0	
8796439	0,016219	0,123	0,00199493	1561301118929	0	1	1	
8796440	0,01622	0,8	0,012976	1561301119937	0	1	2	
8796441	0,016213	3	0,048639	1561301132177	1	1	-1	
8796442	0,016213	0,123	0,00199419	1561301132177	1	1	0	
8796443	0,016213	0,8	0,0129704	1561301132177	1	1	0	
8796444	0,016213	0,61	0,00988993	1561301132914	0	1	0	
8796445	0,016213	17	0,275621	1561301132917	0	1	0	
8796446	0,016213	0,075	0,00121597	1561301132923	0	1	0	
8796447	0,016216	0,123	0,00199456	1561301137405	1	1	1	
8796448	0,016215	0,871	0,01412326	1561301137405	1	1	-1	
8796449	0,016213	10	0,16213	1561301137405	1	1	-2	
8796450	0,016212	0,207	0,00335588	1561301137405	1	1	-3	
8796451	0,016211	0,002	0,00003242	1561301144220	0	1	-4	
8796452	0,016233	0,123	0,00199665	1561301168920	0	1	1	
8796453	0,016216	0,08	0,00129728	1561301173382	1	1	-1	
8796454	0,016216	0,043	0,00069728	1561301174942	1	1	0	
8796455	0,016216	0,8	0,0129728	1561301174942	1	1	0	
8796456	0,016215	0,664	0,01076676	1561301174942	1	1	-1	
8796457	0,01622	0,123	0,00199506	1561301191068	1	1	1	
8796458	0,016219	0,716	0,0116128	1561301191068	1	1	-1	
8796459	0,016217	0,8	0,0129736	1561301191068	1	1	-2	
8796460	0,01621	0,246	0,00398766	1561301191068	1	1	-3	
8796461	0,01621	0,898	0,01455658	1561301191921	0	1	0	
8796462	0,016231	0,123	0,00199641	1561301200254	0	1	1	
8796463	0,016232	2,068	0,03356777	1561301200254	0	1	2	
8796464	0,016231	0,104	0,00168802	1561301200852	0	1	-1	