129305846	0,028965	0,486	0,01407699	1561300289472	0	1	0	
129305847	0,028964	1,649	0,04776163	1561300290092	0	1	-1	
129305848	0,028964	1,072	0,0310494	1561300290207	0	1	0	
129305849	0,028965	0,39	0,01129635	1561300291931	0	1	1	
129305850	0,028965	0,332	0,00961638	1561300292040	0	1	0	
129305851	0,028956	0,041	0,00118719	1561300292938	1	1	-1	
129305852	0,028964	1,891	0,05477092	1561300293574	0	1	1	
129305853	0,028961	0,816	0,02363217	1561300293579	0	1	-1	
129305854	0,028962	1,057	0,03061283	1561300296451	1	1	1	
129305855	0,028965	1,59	0,04605435	1561300296458	0	1	2	
129305856	0,028958	0,041	0,00118727	1561300297193	1	1	-1	
129305857	0,028965	0,241	0,00698056	1561300299809	0	1	1	
129305858	0,028962	1,212	0,03510194	1561300300590	1	1	-1	
129305859	0,028964	1,147	0,0332217	1561300302762	0	1	1	
129305860	0,028962	0,041	0,00118744	1561300303406	1	1	-1	
129305861	0,028966	0,045	0,00130347	1561300303733	0	1	1	
129305862	0,028967	1,876	0,05434209	1561300304958	1	1	2	
129305863	0,028969	0,046	0,00133257	1561300305152	0	1	3	
129305864	0,028969	0,823	0,02384148	1561300305152	0	1	0	
129305865	0,028969	6,739	0,19522209	1561300305563	0	1	0	
129305866	0,028976	0,04	0,00115904	1561300305563	0	1	1	
129305867	0,028978	0,127	0,0036802	1561300305563	0	1	2	
129305868	0,028975	0,063	0,00182542	1561300305689	1	1	-1	
129305869	0,028975	0,063	0,00182542	1561300305813	1	1	0	
129305870	0,028975	0,123	0,00356392	1561300305989	1	1	0	
129305871	0,028975	0,112	0,0032452	1561300306109	1	1	0	
129305872	0,028975	0,479	0,01387902	1561300306188	1	1	0	
129305873	0,028962	0,21	0,00608202	1561300306323	1	1	-1	
129305874	0,028975	0,21	0,00608475	1561300306462	0	1	1	
129305875	0,028976	1,177	0,03410475	1561300306462	0	1	2	
129305876	0,028976	5,518	0,15988956	1561300306462	0	1	0	
129305877	0,028969	0,04	0,00115876	1561300307576	0	1	-1	
129305878	0,028969	0,927	0,02685426	1561300307576	0	1	0	
129305879	0,028969	0,532	0,0154115	1561300307839	0	1	0	
129305880	0,028976	0,208	0,006027	1561300307900	0	1	1	
129305881	0,028976	4,928	0,14279372	1561300308361	0	1	0	
129305882	0,028967	0,966	0,02798212	1561300308834	1	1	-1	
129305883	0,028968	0,651	0,01885816	1561300309147	1	1	1	
129305884	0,028978	0,138	0,00399896	1561300309889	0	1	2	
129305885	0,028979	0,966	0,02799371	1561300309907	0	1	3	
129305886	0,028983	3,419	0,09909287	1561300310010	0	1	4	
129305887	0,028988	0,041	0,0011885	1561300311798	0	1	5	
129305888	0,028984	0,055	0,00159412	1561300313464	1	1	-1	
129305889	0,028989	0,082	0,00237709	1561300314009	0	1	1	
129305890	0,028991	0,08	0,00231928	1561300314130	0	1	2	
129305891	0,028994	2,307	0,06688915	1561300314215	0	1	3	
129305892	0,028995	0,388	0,01125006	1561300314335	0	1	4	
129305893	0,029	0,418	0,012122	1561300314422	0	1	5	
129305894	0,029	0,25	0,00725	1561300314422	0	1	0	
129305895	0,028986	0,082	0,00237685	1561300314497	1	1	-1	
129305896	0,028999	0,15	0,00434985	1561300314532	0	1	1	
129305897	0,028998	0,082	0,00237783	1561300314646	0	1	-1	
129305898	0,028999	0,86	0,02493914	1561300314646	0	1	1	
129305899	0,028987	0,205	0,00594233	1561300315067	1	1	-1	
129305900	0,028986	0,082	0,00237685	1561300315537	1	1	-2	
129305901	0,028986	0,084	0,00243482	1561300316635	1	1	0	
129305902	0,028986	0,556	0,01611621	1561300316865	1	1	0	
129305903	0,028985	0,082	0,00237677	1561300317574	1	1	-1	
129305904	0,028988	4,213	0,12212644	1561300317661	0	1	1	
129305905	0,028984	0,039	0,00113037	1561300318015	1	1	-1	
129305906	0,028984	0,296	0,00857926	1561300318322	1	1	0	
129305907	0,028984	0,082	0,00237668	1561300318553	1	1	0	
129305908	0,028984	0,548	0,01588323	1561300319266	1	1	0	
129305909	0,028983	0,035	0,0010144	1561300320046	1	1	-1	
129305910	0,028984	0,643	0,01863671	1561300320210	1	1	1	
129305911	0,028984	0,715	0,02072356	1561300320560	1	1	0	
129305912	0,028984	0,038	0,00110139	1561300320560	1	1	0	
129305913	0,02899	0,192	0,00556608	1561300320642	0	1	1	
129305914	0,028987	2,177	0,06310469	1561300321040	1	1	-1	
129305915	0,028981	2,095	0,06071519	1561300321065	1	1	-2	
129305916	0,028984	3,597	0,10425544	1561300321579	1	1	1	
129305917	0,028985	0,04	0,0011594	1561300322230	1	1	2	
129305918	0,028986	0,083	0,00240583	1561300323031	1	1	3	
129305919	0,028987	3,704	0,10736784	1561300323430	1	1	4	
129305920	0,028986	0,987	0,02860918	1561300323439	1	1	-1	
129305921	0,028989	1,443	0,04183112	1561300326139	0	1	1	
129305922	0,028985	0,598	0,01733303	1561300327399	1	1	-1	
129305923	0,028984	3,258	0,09442987	1561300327399	1	1	-2	
129305924	0,028975	0,444	0,0128649	1561300327399	1	1	-3	
129305925	0,028988	2,45	0,0710206	1561300328054	0	1	1	
129305926	0,028989	0,515	0,01492933	1561300328054	0	1	2	
129305927	0,028981	0,041	0,00118822	1561300328452	1	1	-1	
129305928	0,028989	0,45	0,01304505	1561300328503	0	1	1	
129305929	0,028992	0,244	0,00707404	1561300328503	0	1	2	
129305930	0,028987	2,727	0,07904754	1561300329179	0	1	-1	
129305931	0,028992	0,161	0,00466771	1561300329388	0	1	1	
129305932	0,028991	0,257	0,00745068	1561300331134	0	1	-1	
129305933	0,028992	0,476	0,01380019	1561300331134	0	1	1	
129305934	0,028988	1,043	0,03023448	1561300331455	1	1	-1	
129305935	0,02899	2,715	0,07870785	1561300331459	0	1	1	
129305936	0,028984	0,039	0,00113037	1561300332673	1	1	-1	
129305937	0,028985	0,543	0,01573885	1561300333559	1	1	1	
129305938	0,028984	0,417	0,01208632	1561300333559	1	1	-1	
129305939	0,028984	2,036	0,05901142	1561300333648	1	1	0	
129305940	0,028981	0,924	0,02677844	1561300333648	1	1	-1	
129305941	0,02898	1,31	0,0379638	1561300333648	1	1	-2	
129305942	0,028979	0,45	0,01304055	1561300333648	1	1	-3	
129305943	0,028991	0,198	0,00574021	1561300335072	0	1	1	
129305944	0,028991	0,099	0,0028701	1561300336024	0	1	0	
129305945	0,028983	0,143	0,00414456	1561300338229	1	1	-1	
129305946	0,028987	0,428	0,01240643	1561300338417	0	1	1	
129305947	0,028983	0,001	0,00002898	1561300338886	1	1	-1	
129305948	0,028976	0,04	0,00115904	1561300338886	1	1	-2	
129305949	0,028987	0,848	0,02458097	1561300338908	0	1	1	
129305950	0,028984	2,044	0,05924329	1561300339252	1	1	-1	
129305951	0,028987	0,04	0,00115948	1561300339895	0	1	1	
129305952	0,028988	0,04	0,00115952	1561300339918	0	1	2	
129305953	0,028988	0,864	0,02504563	1561300339961	0	1	0	
129305954	0,028988	0,205	0,00594254	1561300339961	0	1	0	
129305955	0,028991	0,05	0,00144955	1561300342679	0	1	1	
129305956	0,028984	0,039	0,00113037	1561300343104	1	1	-1	
129305957	0,028987	1,167	0,03382782	1561300344167	0	1	1	
129305958	0,028985	7,915	0,22941627	1561300345647	1	1	-1	
129305959	0,028984	7,844	0,22735049	1561300345647	1	1	-2	
129305960	0,028984	1,185	0,03434604	1561300345647	1	1	0	
129305961	0,028983	4	0,115932	1561300345647	1	1	-1	
129305962	0,028982	1,31	0,03796642	1561300345647	1	1	-2	
129305963	0,028981	0,965	0,02796666	1561300345647	1	1	-3	
129305964	0,02898	1,311	0,03799278	1561300345647	1	1	-4	
129305965	0,028979	10,47	0,30341013	1561300345647	1	1	-5	
129305966	0,028983	1,164	0,03373621	1561300346600	1	1	1	
129305967	0,028983	0,36	0,01043388	1561300346930	1	1	0	
129305968	0,028983	0,04	0,00115932	1561300347329	1	1	0	
129305969	0,028988	0,247	0,00716003	1561300348459	0	1	1	
129305970	0,028986	1,73	0,05014578	1561300350691	1	1	-1	
129305971	0,028988	0,727	0,02107427	1561300350697	0	1	1	
129305972	0,028983	0,041	0,0011883	1561300351542	1	1	-1	
129305973	0,028983	0,136	0,00394168	1561300353077	1	1	0	
129305974	0,028983	2,259	0,06547259	1561300354852	1	1	0	
129305975	0,028983	2,41	0,06984903	1561300354852	1	1	0	
129305976	0,028983	2,231	0,06466107	1561300355507	0	1	0	
129305977	0,028984	4,51	0,13071784	1561300355507	0	1	1	
129305978	0,028984	0,668	0,01936131	1561300355602	0	1	0	
129305979	0,028984	1,563	0,04530199	1561300355838	0	1	0	
129305980	0,028986	1,806	0,05234871	1561300355838	0	1	1	
129305981	0,028988	1,355	0,03927874	1561300356813	1	1	2	
129305982	0,028991	0,588	0,0170467	1561300357273	0	1	3	
129305983	0,02898	0,373	0,01080954	1561300357470	1	1	-1	
129305984	0,02898	0,042	0,00121716	1561300357762	1	1	0	
129305985	0,02898	0,097	0,00281106	1561300358185	1	1	0	
129305986	0,028989	1,441	0,04177314	1561300359568	0	1	1	
129305987	0,02899	0,965	0,02797535	1561300359568	0	1	2	
129305988	0,028991	3,31	0,09596021	1561300359568	0	1	3	
129305989	0,028992	1,151	0,03336979	1561300359568	0	1	4	
129305990	0,028991	0,097	0,00281212	1561300359685	0	1	-1	
129305991	0,028992	0,098	0,00284121	1561300359685	0	1	1	
129305992	0,028987	2,203	0,06385836	1561300360701	1	1	-1	
129305993	0,028992	0,093	0,00269625	1561300361943	0	1	1	
129305994	0,02898	0,039	0,00113022	1561300363994	1	1	-1	
129305995	0,028983	0,135	0,0039127	1561300366852	1	1	1	
129305996	0,028982	2,38	0,06897716	1561300368183	0	1	-1	
129305997	0,028986	1,613	0,04675441	1561300368188	0	1	1	
129305998	0,02898	0,042	0,00121716	1561300370200	1	1	-1	
129305999	0,02899	0,052	0,00150748	1561300370288	0	1	1	
129306000	0,02898	0,122	0,00353556	1561300371053	1	1	-1	
129306001	0,028983	2,885	0,08361595	1561300373063	1	1	1	
129306002	0,028978	0,039	0,00113014	1561300374435	1	1	-1	
129306003	0,028983	2,285	0,06622615	1561300376488	0	1	1	
129306004	0,028979	0,643	0,01863349	1561300378117	1	1	-1	
129306005	0,028979	0,322	0,00933123	1561300378218	1	1	0	
129306006	0,028978	3,05	0,0883829	1561300379088	1	1	-1	
129306007	0,028978	0,891	0,02581939	1561300380318	1	1	0	
129306008	0,028978	0,02	0,00057956	1561300380341	1	1	0	
129306009	0,02897	0,206	0,00596782	1561300380341	1	1	-1	
129306010	0,028965	0,07	0,00202755	1561300380341	1	1	-2	
129306011	0,028966	0,039	0,00112967	1561300380639	1	1	1	
129306012	0,028966	0,082	0,00237521	1561300381592	1	1	0	
129306013	0,028975	2,366	0,06855485	1561300382281	0	1	1	
129306014	0,028977	0,051	0,00147782	1561300383639	0	1	2	
129306015	0,028977	1,458	0,04224846	1561300383783	0	1	0	
129306016	0,028978	0,92	0,02665976	1561300383783	0	1	1	
129306017	0,028977	3,552	0,1029263	1561300384597	1	1	-1	
129306018	0,028976	0,001	0,00002897	1561300384851	1	1	-2	
129306019	0,02897	0,038	0,00110086	1561300384851	1	1	-3	
129306020	0,02897	0,928	0,02688416	1561300385187	1	1	0	
129306021	0,028966	0,966	0,02798115	1561300386378	1	1	-1	
129306022	0,028965	4	0,11586	1561300386378	1	1	-2	
129306023	0,028962	0,069	0,00199837	1561300386401	1	1	-3	
129306024	0,028962	1,311	0,03796918	1561300386401	1	1	0	
129306025	0,028962	1,311	0,03796918	1561300386401	1	1	0	
129306026	0,028963	0,966	0,02797825	1561300386851	1	1	1	
129306027	0,028972	0,247	0,00715608	1561300387094	0	1	2	
129306028	0,028972	0,205	0,00593926	1561300387094	0	1	0	
129306029	0,028968	0,089	0,00257815	1561300387461	0	1	-1	
129306030	0,028959	0,453	0,01311842	1561300388653	0	1	-2	
129306031	0,028959	1,685	0,04879591	1561300388654	0	1	0	
129306032	0,028959	0,039	0,0011294	1561300389082	1	1	0	
129306033	0,028959	0,414	0,01198902	1561300389859	1	1	0	
129306034	0,028961	0,491	0,01421985	1561300390012	0	1	1	
129306035	0,028959	0,155	0,00448864	1561300391010	0	1	-1	
129306036	0,028959	0,069	0,00199817	1561300391398	0	1	0	
129306037	0,028959	0,069	0,00199817	1561300391617	0	1	0	
129306038	0,028959	0,069	0,00199817	1561300391815	0	1	0	
129306039	0,028959	0,069	0,00199817	1561300392004	0	1	0	
129306040	0,028958	5	0,14479	1561300392205	0	1	-1	
129306041	0,028958	0,053	0,00153477	1561300392226	0	1	0	
129306042	0,028959	0,116	0,00335924	1561300393487	0	1	1	
129306043	0,028959	0,581	0,01682517	1561300393915	0	1	0	
129306044	0,028953	0,039	0,00112916	1561300395294	1	1	-1	
129306045	0,028962	2,41	0,06979842	1561300396520	0	1	1	
129306046	0,028962	2,045	0,05922729	1561300396520	0	1	0	
129306047	0,028962	0,157	0,00454703	1561300396982	0	1	0	
129306048	0,02896	2,649	0,07671504	1561300397595	0	1	-1	
129306049	0,028962	1,882	0,05450648	1561300397605	0	1	1	
129306050	0,02896	1,993	0,05771728	1561300397809	0	1	-1	
129306051	0,028963	3,452	0,09998027	1561300399902	0	1	1	
129306052	0,028956	0,058	0,00167944	1561300400645	1	1	-1	
129306053	0,028956	0,04	0,00115824	1561300401513	1	1	0	
129306054	0,028956	0,035	0,00101346	1561300401794	1	1	0	
129306055	0,028956	1,486	0,04302861	1561300402096	0	1	0	
129306056	0,028961	1,151	0,03333411	1561300402100	0	1	1	
129306057	0,028959	1,479	0,04283036	1561300406137	0	1	-1	
129306058	0,028955	0,041	0,00118715	1561300407738	1	1	-2	
129306059	0,028955	0,337	0,00975783	1561300407765	1	1	0	
129306060	0,028959	0,582	0,01685413	1561300407986	0	1	1	
129306061	0,028957	1,095	0,03170791	1561300408465	1	1	-1	
129306062	0,028959	0,513	0,01485596	1561300408470	0	1	1	
129306063	0,02896	4	0,11584	1561300408858	0	1	2	
129306064	0,028963	0,169	0,00489474	1561300411058	0	1	3	
129306065	0,028963	6,034	0,17476274	1561300411158	0	1	0	
129306066	0,028966	1,12	0,03244192	1561300411247	0	1	1	
129306067	0,028966	0,05	0,0014483	1561300411382	0	1	0	
129306068	0,028956	0,039	0,00112928	1561300411978	1	1	-1	
129306069	0,028966	0,04	0,00115864	1561300414068	0	1	1	
129306070	0,028961	0,138	0,00399661	1561300417058	1	1	-1	
129306071	0,028961	0,138	0,00399661	1561300417265	1	1	0	
129306072	0,028961	0,041	0,0011874	1561300417363	1	1	0	
129306073	0,028961	0,069	0,0019983	1561300417455	1	1	0	
129306074	0,028961	0,329	0,00952816	1561300417572	1	1	0	
129306075	0,028961	0,069	0,0019983	1561300417662	1	1	0	
129306076	0,028961	0,069	0,0019983	1561300417768	1	1	0	
129306077	0,028967	3,435	0,09950164	1561300417937	0	1	1	
129306078	0,028961	0,06	0,00173766	1561300417980	1	1	-1	
129306079	0,028961	0,039	0,00112947	1561300418173	1	1	0	
129306080	0,028968	0,329	0,00953047	1561300418306	0	1	1	
129306081	0,028961	0,253	0,00732713	1561300419051	1	1	-1	
129306082	0,028968	0,092	0,00266505	1561300419284	0	1	1	
129306083	0,028961	0,238	0,00689271	1561300419561	1	1	-1	
129306084	0,028966	0,359	0,01039879	1561300420604	0	1	1	
129306085	0,028962	0,258	0,00747219	1561300420615	1	1	-1	
129306086	0,028954	0,04	0,00115816	1561300424439	1	1	-2	
129306087	0,02896	1,617	0,04682832	1561300424590	0	1	1	
129306088	0,028954	0,04	0,00115816	1561300428661	1	1	-1	
129306089	0,02896	0,065	0,0018824	1561300428956	0	1	1	
129306090	0,02896	0,331	0,00958576	1561300429055	0	1	0	
129306091	0,028959	0,96	0,02780064	1561300429860	0	1	-1	
129306092	0,028954	0,151	0,00437205	1561300430166	1	1	-2	
129306093	0,02896	0,442	0,01280032	1561300432427	0	1	1	
129306094	0,028956	0,04	0,00115824	1561300432834	1	1	-1	
129306095	0,02896	0,086	0,00249056	1561300432885	0	1	1	
129306096	0,02896	1,498	0,04338208	1561300432906	0	1	0	
129306097	0,02896	0,502	0,01453792	1561300433215	1	1	0	
129306098	0,028961	0,503	0,01456738	1561300436144	0	1	1	
129306099	0,028956	0,039	0,00112928	1561300437057	1	1	-1	
129306100	0,02896	1,73	0,0501008	1561300438450	0	1	1	
129306101	0,028956	0,059	0,0017084	1561300439133	1	1	-1	
129306102	0,02896	0,218	0,00631328	1561300441729	0	1	1	
129306103	0,028956	0,616	0,01783689	1561300442091	0	1	-1	
129306104	0,028956	1,492	0,04320235	1561300442094	0	1	0	
129306105	0,02896	0,616	0,01783936	1561300442733	0	1	1	
129306106	0,028961	0,442	0,01280076	1561300442836	0	1	2	
129306107	0,028957	0,041	0,00118723	1561300443272	1	1	-1	
129306108	0,028956	1,433	0,04149394	1561300444866	1	1	-2	
129306109	0,02896	1,795	0,0519832	1561300444876	0	1	1	
129306110	0,028954	0,035	0,00101339	1561300447544	1	1	-1	
129306111	0,028954	0,041	0,00118711	1561300449483	1	1	0	
129306112	0,02896	2,043	0,05916528	1561300449903	0	1	1	
129306113	0,028953	0,14	0,00405342	1561300451078	1	1	-1	
129306114	0,02896	0,791	0,02290736	1561300453075	0	1	1	
129306115	0,028953	0,168	0,0048641	1561300453432	1	1	-1	
129306116	0,028953	0,04	0,00115812	1561300453707	1	1	0	
129306117	0,028959	1,309	0,03790733	1561300456173	0	1	1	
129306118	0,028958	0,937	0,02713364	1561300456179	0	1	-1	
129306119	0,028957	0,042	0,00121619	1561300457927	1	1	-2	
129306120	0,028957	0,001	0,00002895	1561300458087	1	1	0	
129306121	0,028953	0,722	0,02090406	1561300458087	1	1	-1	
129306122	0,028953	0,966	0,02796859	1561300458087	1	1	0	
129306123	0,028953	0,816	0,02362564	1561300458087	1	1	0	
129306124	0,028952	0,08	0,00231616	1561300458087	1	1	-1	
129306125	0,02895	1,312	0,0379824	1561300458087	1	1	-2	
129306126	0,028945	1,312	0,03797584	1561300458087	1	1	-3	
129306127	0,028945	2,717	0,07864356	1561300458087	1	1	0	
129306128	0,028955	0,064	0,00185312	1561300459016	0	1	1	
129306129	0,028948	2,277	0,06591459	1561300460279	1	1	-1	
129306130	0,028953	0,042	0,00121602	1561300464145	1	1	1	
129306131	0,028954	0,334	0,00967063	1561300464538	0	1	2	
129306132	0,028954	0,776	0,0224683	1561300464696	0	1	0	
129306133	0,028953	0,001	0,00002895	1561300464816	1	1	-1	
129306134	0,028948	0,158	0,00457378	1561300464816	1	1	-2	
129306135	0,028948	2,268	0,06565406	1561300464816	1	1	0	
129306136	0,028949	1,278	0,03699682	1561300466797	1	1	1	
129306137	0,028948	0,04	0,00115792	1561300470367	1	1	-1	
129306138	0,02895	1,668	0,0482886	1561300470448	0	1	1	
129306139	0,028948	1,02	0,02952696	1561300470450	1	1	-1	
129306140	0,028953	0,054	0,00156346	1561300471098	0	1	1	
129306141	0,028955	0,04	0,0011582	1561300474582	1	1	2	
129306142	0,028957	0,966	0,02797246	1561300475109	0	1	3	
129306143	0,028958	0,093	0,00269309	1561300475170	1	1	4	
129306144	0,028958	3,887	0,11255974	1561300475217	1	1	0	
129306145	0,028955	0,093	0,00269281	1561300475217	1	1	-1	
129306146	0,028955	0,524	0,01517242	1561300475459	1	1	0	
129306147	0,028958	3,493	0,10115029	1561300475462	0	1	1	
129306148	0,028953	0,054	0,00156346	1561300476618	1	1	-1	
129306149	0,028948	30,946	0,8958248	1561300476618	1	1	-2	
129306150	0,028957	2,067	0,05985411	1561300476866	0	1	1	
129306151	0,028958	2,4	0,0694992	1561300476866	0	1	2	
129306152	0,028961	1,065	0,03084346	1561300476947	0	1	3	
129306153	0,028956	0,039	0,00112928	1561300478796	1	1	-1	
129306154	0,028967	2,412	0,0698684	1561300478863	0	1	1	
129306155	0,028969	0,039	0,00112979	1561300479075	0	1	2	
129306156	0,028972	0,001	0,00002897	1561300479075	0	1	3	
129306157	0,028973	0,233	0,0067507	1561300479075	0	1	4	
129306158	0,028962	0,07	0,00202734	1561300480569	1	1	-1	
129306159	0,028962	0,076	0,00220111	1561300481017	1	1	0	
129306160	0,028966	0,31	0,00897946	1561300481426	0	1	1	
129306161	0,028961	0,041	0,0011874	1561300483025	1	1	-1	
129306162	0,028962	2,011	0,05824258	1561300485796	1	1	1	
129306163	0,028961	0,04	0,00115844	1561300487238	1	1	-1	
129306164	0,028962	1,23	0,03562326	1561300489204	1	1	1	
129306165	0,028968	1,707	0,04944837	1561300489206	0	1	2	
129306166	0,028972	0,039	0,0011299	1561300491455	0	1	3	
129306167	0,028965	0,09	0,00260685	1561300491506	1	1	-1	
129306168	0,028965	0,622	0,01801623	1561300491609	1	1	0	
129306169	0,028964	0,153	0,00443149	1561300491649	1	1	-1	
129306170	0,028961	0,103	0,00298298	1561300491649	1	1	-2	
129306171	0,028961	0,317	0,00918063	1561300491650	1	1	0	
129306172	0,028972	1,73	0,05012156	1561300491766	0	1	1	
129306173	0,028973	3,767	0,10914129	1561300491766	0	1	2	
129306174	0,028975	8	0,2318	1561300491766	0	1	3	
129306175	0,02897	2,769	0,08021793	1561300492263	0	1	-1	
129306176	0,028968	0,111	0,00321544	1561300493947	1	1	-2	
129306177	0,028979	5,829	0,16891859	1561300494003	0	1	1	
129306178	0,028972	0,458	0,01326917	1561300494976	1	1	-1	
129306179	0,028989	0,041	0,00118854	1561300495680	0	1	1	
129306180	0,028987	1,773	0,05139395	1561300498439	0	1	-1	
129306181	0,028989	0,039	0,00113057	1561300499890	0	1	1	
129306182	0,028978	0,444	0,01286623	1561300500764	1	1	-1	
129306183	0,028982	1,734	0,05025478	1561300500767	0	1	1	
129306184	0,028978	0,79	0,02289262	1561300500963	1	1	-1	
129306185	0,028977	0,738	0,02138502	1561300501494	1	1	-2	
129306186	0,028988	0,039	0,00113053	1561300504114	0	1	1	
129306187	0,02898	1,722	0,04990356	1561300504138	1	1	-1	
129306188	0,02898	0,322	0,00933156	1561300504252	1	1	0	
129306189	0,02898	0,099	0,00286902	1561300504345	1	1	0	
129306190	0,028991	0,965	0,02797631	1561300504802	0	1	1	
129306191	0,028991	0,538	0,01559715	1561300504802	0	1	0	
129306192	0,028992	0,009	0,00026092	1561300504802	0	1	1	
129306193	0,028981	0,569	0,01649018	1561300504980	1	1	-1	
129306194	0,028984	1,628	0,04718595	1561300505137	0	1	1	
129306195	0,028984	0,099	0,00286941	1561300507909	1	1	0	
129306196	0,028988	0,415	0,01203002	1561300507984	0	1	1	
129306197	0,028984	0,054	0,00156513	1561300508781	1	1	-1	
129306198	0,028992	0,039	0,00113068	1561300510328	0	1	1	
129306199	0,028984	0,369	0,01069509	1561300512593	1	1	-1	
129306200	0,028987	1,107	0,0320886	1561300512596	0	1	1	
129306201	0,028982	0,035	0,00101437	1561300515295	1	1	-1	
129306202	0,028984	0,813	0,02356399	1561300516271	1	1	1	
129306203	0,028992	0,104	0,00301516	1561300516291	0	1	2	
129306204	0,028992	0,039	0,00113068	1561300516553	0	1	0	
129306205	0,028989	1,15	0,03333735	1561300518592	1	1	-1	
129306206	0,028984	0,872	0,02527404	1561300518597	1	1	-2	
129306207	0,028991	0,447	0,01295897	1561300518645	0	1	1	
129306208	0,028989	0,041	0,00118854	1561300520766	0	1	-1	
129306209	0,028985	0,583	0,01689825	1561300520793	1	1	-2	
129306210	0,028989	0,118	0,0034207	1561300523180	0	1	1	
129306211	0,028989	0,17	0,00492813	1561300523626	0	1	0	
129306212	0,028985	1,644	0,04765134	1561300523630	0	1	-1	
129306213	0,028981	0,178	0,00515861	1561300524101	1	1	-2	
129306214	0,028991	0,042	0,00121762	1561300524990	0	1	1	
129306215	0,028991	0,558	0,01617697	1561300525220	0	1	0	
129306216	0,028991	0,133	0,0038558	1561300525599	0	1	0	
129306217	0,028991	0,055	0,0015945	1561300525668	0	1	0	
129306218	0,028984	0,036	0,00104342	1561300526995	1	1	-1	
129306219	0,028984	0,068	0,00197091	1561300527110	1	1	0	
129306220	0,028985	0,45	0,01304325	1561300527563	0	1	1	
129306221	0,028984	0,036	0,00104342	1561300528126	1	1	-1	
129306222	0,028989	0,041	0,00118854	1561300531200	0	1	1	
129306223	0,028989	0,51	0,01478439	1561300531687	0	1	0	
129306224	0,028984	2,66	0,07709744	1561300534799	0	1	-1	
129306225	0,028981	0,21	0,00608601	1561300534864	1	1	-2	
129306226	0,02899	0,041	0,00118859	1561300535426	0	1	1	
129306227	0,028989	0,376	0,01089986	1561300537366	0	1	-1	
129306228	0,028982	0,08	0,00231856	1561300538793	1	1	-2	
129306229	0,028989	0,079	0,00229013	1561300538836	0	1	1	
129306230	0,028982	0,041	0,00118826	1561300540547	1	1	-1	
129306231	0,028982	0,033	0,0009564	1561300540586	1	1	0	
129306232	0,028981	0,041	0,00118822	1561300540586	1	1	-1	
129306233	0,028981	3,002	0,08700096	1561300540696	1	1	0	
129306234	0,028981	0,053	0,00153599	1561300540696	1	1	0	
129306235	0,02898	0,643	0,01863414	1561300540793	1	1	-1	
129306236	0,02898	0,223	0,00646254	1561300540890	1	1	0	
129306237	0,02898	3	0,08694	1561300540890	1	1	0	
129306238	0,028983	0,039	0,00113033	1561300541842	0	1	1	
129306239	0,028979	2,723	0,07890981	1561300542633	0	1	-1	
129306240	0,02898	0,87	0,0252126	1561300545118	1	1	1	
129306241	0,028977	0,643	0,01863221	1561300545218	1	1	-1	
129306242	0,028981	0,068	0,0019707	1561300545946	0	1	1	
129306243	0,028977	0,141	0,00408575	1561300546055	1	1	-1	
129306244	0,028977	0,251	0,00727322	1561300546063	1	1	0	
129306245	0,028981	0,068	0,0019707	1561300546165	0	1	1	
129306246	0,028981	0,069	0,00199968	1561300546384	0	1	0	
129306247	0,028978	1,085	0,03144113	1561300547141	0	1	-1	
129306248	0,028978	0,396	0,01147528	1561300547935	1	1	0	
129306249	0,028977	2,965	0,0859168	1561300548043	1	1	-1	
129306250	0,028979	0,039	0,00113018	1561300548056	0	1	1	
129306251	0,028976	0,291	0,00843201	1561300550154	1	1	-1	
129306252	0,028981	1,248	0,03616828	1561300550160	0	1	1	
129306253	0,028991	0,039	0,00113064	1561300552279	0	1	2	
129306254	0,028979	0,32	0,00927328	1561300553299	0	1	-1	
129306255	0,028977	0,313	0,0090698	1561300553303	1	1	-2	
129306256	0,028977	0,079	0,00228918	1561300553456	1	1	0	
129306257	0,028981	0,153	0,00443409	1561300554069	0	1	1	
129306258	0,028978	0,19	0,00550582	1561300556313	1	1	-1	
129306259	0,028978	4	0,115912	1561300556419	1	1	0	
129306260	0,02898	0,039	0,00113022	1561300556496	0	1	1	
129306261	0,028977	1,593	0,04616036	1561300557404	0	1	-1	
129306262	0,028979	1,783	0,05166955	1561300557411	0	1	1	
129306263	0,028981	0,05	0,00144905	1561300557787	0	1	2	
129306264	0,02898	0,041	0,00118818	1561300560711	0	1	-1	
129306265	0,02898	0,552	0,01599696	1561300560728	0	1	0	
129306266	0,028978	0,267	0,00773712	1561300561376	0	1	-1	
129306267	0,028978	0,873	0,02529779	1561300561379	0	1	0	
129306268	0,02898	0,267	0,00773766	1561300562522	0	1	1	
129306269	0,028981	3,008	0,08717484	1561300562522	0	1	2	
129306270	0,028981	0,521	0,0150991	1561300563033	0	1	0	
129306271	0,028978	0,228	0,00660698	1561300563352	1	1	-1	
129306272	0,028979	0,051	0,00147792	1561300563964	1	1	1	
129306273	0,028979	0,036	0,00104324	1561300564052	1	1	0	
129306274	0,028979	0,432	0,01251892	1561300564895	1	1	0	
129306275	0,02898	1,239	0,03590622	1561300564936	0	1	1	
129306276	0,028975	0,966	0,02798985	1561300564959	1	1	-1	
129306277	0,028974	0,052	0,00150664	1561300564959	1	1	-2	
129306278	0,028972	0,136	0,00394019	1561300564959	1	1	-3	
129306279	0,028979	0,039	0,00113018	1561300566946	0	1	1	
129306280	0,028978	1,416	0,04103284	1561300567543	0	1	-1	
129306281	0,028979	1,015	0,02941368	1561300567548	0	1	1	
129306282	0,028975	0,153	0,00443317	1561300568936	1	1	-1	
129306283	0,028978	2,535	0,07345923	1561300570184	1	1	1	
129306284	0,028976	1,351	0,03914657	1561300570184	1	1	-1	
129306285	0,02898	0,063	0,00182574	1561300572283	0	1	1	
129306286	0,02898	0,509	0,01475082	1561300573045	0	1	0	
129306287	0,02898	0,04	0,0011592	1561300573149	0	1	0	
129306288	0,028976	1,999	0,05792302	1561300574172	1	1	-1	
129306289	0,028976	0,158	0,0045782	1561300575564	1	1	0	
129306290	0,028977	0,038	0,00110112	1561300576829	1	1	1	
129306291	0,028976	0,526	0,01524137	1561300576864	1	1	-1	
129306292	0,028978	0,04	0,00115912	1561300577377	0	1	1	
129306293	0,02897	0,368	0,01066096	1561300577557	1	1	-1	
129306294	0,028972	1,983	0,05745147	1561300580092	0	1	1	
129306295	0,028977	1,659	0,04807284	1561300580096	0	1	2	
129306296	0,028973	0,368	0,01066206	1561300581570	1	1	-1	
129306297	0,028973	0,168	0,00486746	1561300582979	1	1	0	
129306298	0,02897	0,632	0,01830904	1561300582979	1	1	-1	
129306299	0,028969	0,966	0,02798405	1561300582979	1	1	-2	
129306300	0,028968	2,002	0,05799393	1561300582979	1	1	-3	
129306301	0,028978	0,04	0,00115912	1561300583589	0	1	1	
129306302	0,028979	0,038	0,0011012	1561300584518	0	1	2	
129306303	0,02898	0,771	0,02234358	1561300584518	0	1	3	
129306304	0,02898	0,555	0,0160839	1561300584518	0	1	0	
129306305	0,02897	0,106	0,00307082	1561300584547	1	1	-1	
129306306	0,02897	1,132	0,03279404	1561300584591	1	1	0	
129306307	0,028976	1,259	0,03648078	1561300584597	0	1	1	
129306308	0,028976	0,948	0,02746924	1561300586461	1	1	0	
129306309	0,028975	0,147	0,00425932	1561300586461	1	1	-1	
129306310	0,028969	0,966	0,02798405	1561300586461	1	1	-2	
129306311	0,028969	0,939	0,02720189	1561300586461	1	1	0	
129306312	0,028969	0,043	0,00124566	1561300586553	1	1	0	
129306313	0,028969	1,382	0,04003515	1561300587330	1	1	0	
129306314	0,028968	5,998	0,17375006	1561300587330	1	1	-1	
129306315	0,028968	7,525	0,2179842	1561300587354	0	1	0	
129306316	0,028968	1,429	0,04139527	1561300587379	0	1	0	
129306317	0,02897	0,905	0,02621785	1561300587482	0	1	1	
129306318	0,028976	2,378	0,06890492	1561300589087	0	1	2	
129306319	0,028976	0,004	0,0001159	1561300589805	0	1	0	
129306320	0,028977	0,038	0,00110112	1561300589805	0	1	1	
129306321	0,028977	1,972	0,05714264	1561300590167	0	1	0	
129306322	0,028981	14,422	0,41796398	1561300590266	0	1	1	
129306323	0,02898	0,275	0,0079695	1561300591076	0	1	-1	
129306324	0,02898	0,691	0,02002518	1561300591334	0	1	0	
129306325	0,028981	0,954	0,02764787	1561300591426	0	1	1	
129306326	0,02897	2,006	0,05811382	1561300592031	1	1	-1	
129306327	0,028973	3,785	0,1096628	1561300592033	0	1	1	
129306328	0,028969	0,172	0,00498266	1561300592430	1	1	-1	
129306329	0,028969	0,172	0,00498266	1561300592441	1	1	0	
129306330	0,028979	0,345	0,00999775	1561300592696	0	1	1	
129306331	0,02898	0,059	0,00170982	1561300592696	0	1	2	
129306332	0,02898	0,041	0,00118818	1561300594021	0	1	0	
129306333	0,028974	0,973	0,0281917	1561300594809	0	1	-1	
129306334	0,02897	1,778	0,05150866	1561300594818	1	1	-2	
129306335	0,028969	0,966	0,02798405	1561300595021	1	1	-3	
129306336	0,028968	4,376	0,12676396	1561300595021	1	1	-4	
129306337	0,028978	0,038	0,00110116	1561300598255	0	1	1	
129306338	0,028978	0,867	0,02512392	1561300599410	0	1	0	
129306339	0,028979	0,879	0,02547254	1561300599410	0	1	1	
129306340	0,028972	1,821	0,05275801	1561300599625	1	1	-1	
129306341	0,028971	0,161	0,00466433	1561300599781	1	1	-2	
129306342	0,028968	0,721	0,02088592	1561300599823	0	1	-3	
129306343	0,028968	4,474	0,12960283	1561300599869	0	1	0	
129306344	0,028981	0,074	0,00214459	1561300601043	0	1	1	
129306345	0,028981	0,04	0,00115924	1561300602463	0	1	0	
129306346	0,028975	2,328	0,0674538	1561300602866	1	1	-1	
129306347	0,02897	1,936	0,05608592	1561300602875	1	1	-2	
129306348	0,028969	0,108	0,00312865	1561300603543	1	1	-3	
129306349	0,028968	1,366	0,03957028	1561300606569	1	1	-4	
129306350	0,028979	0,039	0,00113018	1561300606678	0	1	1	
129306351	0,028968	0,705	0,02042244	1561300607576	1	1	-1	
129306352	0,028979	0,517	0,01498214	1561300607577	0	1	1	
129306353	0,028978	0,762	0,02208123	1561300607667	0	1	-1	
129306354	0,028979	0,409	0,01185241	1561300607784	0	1	1	
129306355	0,028969	0,966	0,02798405	1561300609245	1	1	-1	
129306356	0,028978	0,069	0,00199948	1561300609355	0	1	1	
129306357	0,028969	0,966	0,02798405	1561300609461	1	1	-1	
129306358	0,028978	0,442	0,01280827	1561300609571	0	1	1	
129306359	0,02897	0,798	0,02311806	1561300609585	1	1	-1	
129306360	0,02897	0,369	0,01068993	1561300609612	1	1	0	
129306361	0,028969	0,33	0,00955977	1561300609757	0	1	-1	
129306362	0,028968	0,701	0,02030656	1561300609966	1	1	-2	
129306363	0,028969	0,966	0,02798405	1561300610513	1	1	1	
129306364	0,028968	2,333	0,06758234	1561300610720	1	1	-1	
129306365	0,028979	0,001	0,00002897	1561300610898	0	1	1	
129306366	0,028979	0,041	0,00118813	1561300610898	0	1	0	
129306367	0,028968	0,762	0,02207361	1561300610912	1	1	-1	
129306368	0,028969	0,069	0,00199886	1561300611643	0	1	1	
129306369	0,028966	0,085	0,00246211	1561300612054	1	1	-1	
129306370	0,028969	0,077	0,00223061	1561300612268	0	1	1	
129306371	0,028967	0,345	0,00999361	1561300613037	0	1	-1	
129306372	0,028967	0,368	0,01065985	1561300613053	0	1	0	
129306373	0,028968	1,101	0,03189376	1561300613053	0	1	1	
129306374	0,028969	0,237	0,00686565	1561300613053	0	1	2	
129306375	0,028977	0,532	0,01541576	1561300613053	0	1	3	
129306376	0,028966	0,019	0,00055035	1561300614057	1	1	-1	
129306377	0,028966	0,063	0,00182485	1561300614057	1	1	0	
129306378	0,028967	0,385	0,01115229	1561300614901	0	1	1	
129306379	0,028967	1,522	0,04408777	1561300615148	0	1	0	
129306380	0,028967	0,386	0,01118126	1561300615163	0	1	0	
129306381	0,028967	0,069	0,00199872	1561300615374	0	1	0	
129306382	0,028967	0,35	0,01013845	1561300615414	0	1	0	
129306383	0,028967	0,277	0,00802385	1561300615458	0	1	0	
129306384	0,028977	1,594	0,04618933	1561300615458	0	1	1	
129306385	0,028978	0,421	0,01219973	1561300615458	0	1	2	
129306386	0,028974	0,642	0,0186013	1561300616769	0	1	-1	
129306387	0,028967	0,66	0,01911822	1561300616773	1	1	-2	
129306388	0,028977	0,039	0,0011301	1561300617112	0	1	1	
129306389	0,028968	0,037	0,00107181	1561300619065	1	1	-1	
129306390	0,028968	0,078	0,0022595	1561300619165	1	1	0	
129306391	0,028968	0,857	0,02482557	1561300619827	1	1	0	
129306392	0,028967	0,401	0,01161576	1561300623048	1	1	-1	
129306393	0,028966	0,085	0,00246211	1561300623261	1	1	-2	
129306394	0,028975	0,041	0,00118797	1561300623340	0	1	1	
129306395	0,028964	0,966	0,02797922	1561300623346	1	1	-1	
129306396	0,028964	0,966	0,02797922	1561300623468	1	1	0	
129306397	0,028971	0,968	0,02804392	1561300623851	0	1	1	
129306398	0,028974	1,617	0,04685095	1561300624876	0	1	2	
129306399	0,028974	0,967	0,02801785	1561300624876	0	1	0	
129306400	0,028975	3	0,086925	1561300624876	0	1	1	
129306401	0,028978	8	0,231824	1561300624876	0	1	2	
129306402	0,028978	4	0,115912	1561300624876	0	1	0	
129306403	0,02898	3	0,08694	1561300624876	0	1	1	
129306404	0,028981	4,872	0,14119543	1561300624876	0	1	2	
129306405	0,028982	5,976	0,17319643	1561300624876	0	1	3	
129306406	0,028986	8,847	0,25643914	1561300624876	0	1	4	
129306407	0,028986	5,382	0,15600265	1561300624876	0	1	0	
129306408	0,028987	1,312	0,03803094	1561300624876	0	1	1	
129306409	0,028987	3,027	0,08774364	1561300624876	0	1	0	
129306410	0,028964	0,27	0,00782028	1561300625444	1	1	-1	
129306411	0,028965	0,875	0,02534437	1561300626696	1	1	1	
129306412	0,028964	1,196	0,03464094	1561300626796	1	1	-1	
129306413	0,028964	1,534	0,04443077	1561300627400	1	1	0	
129306414	0,028964	0,965	0,02795026	1561300627400	1	1	0	
129306415	0,028963	3,231	0,09357945	1561300627400	1	1	-1	
129306416	0,028974	0,039	0,00112998	1561300627557	0	1	1	
129306417	0,028967	0,296	0,00857423	1561300628578	1	1	-1	
129306418	0,028963	0,221	0,00640082	1561300630173	1	1	-2	
129306419	0,028963	0,822	0,02380758	1561300630173	1	1	0	
129306420	0,028963	0,144	0,00417067	1561300630385	1	1	0	
129306421	0,028962	0,884	0,0256024	1561300630479	1	1	-1	
129306422	0,028964	0,256	0,00741478	1561300632176	1	1	1	
129306423	0,028973	0,041	0,00118789	1561300633772	0	1	2	
129306424	0,028968	0,591	0,01712008	1561300635580	0	1	-1	
129306425	0,028965	1,358	0,03933447	1561300635584	1	1	-2	
129306426	0,028971	0,484	0,01402196	1561300636415	0	1	1	
129306427	0,028971	0,001	0,00002897	1561300639356	0	1	0	
129306428	0,028972	0,46	0,01332712	1561300639356	0	1	1	
129306429	0,028964	0,753	0,02180989	1561300639945	1	1	-1	
129306430	0,028972	0,041	0,00118785	1561300639994	0	1	1	
129306431	0,028964	0,794	0,02299741	1561300642097	1	1	-1	
129306432	0,02897	1,079	0,03125863	1561300642100	0	1	1	
129306433	0,028963	0,468	0,01355468	1561300642815	1	1	-1	
129306434	0,02897	0,04	0,0011588	1561300644215	0	1	1	
129306435	0,028969	0,571	0,01654129	1561300647106	0	1	-1	
129306436	0,02897	1,108	0,03209876	1561300647915	0	1	1	
129306437	0,02897	0,039	0,00112983	1561300648426	0	1	0	
129306438	0,02897	0,369	0,01068993	1561300648864	0	1	0	
129306439	0,02897	0,039	0,00112983	1561300649872	0	1	0	
129306440	0,028974	0,186	0,00538916	1561300650383	1	1	1	
129306441	0,028972	0,992	0,02874022	1561300652105	1	1	-1	
129306442	0,028977	1,394	0,04039393	1561300652108	0	1	1	
129306443	0,028979	0,041	0,00118813	1561300652650	0	1	2	
129306444	0,028966	0,049	0,00141933	1561300654375	1	1	-1	
129306445	0,028975	0,042	0,00121695	1561300658867	0	1	1	
129306446	0,028975	0,572	0,0165737	1561300659115	0	1	0	
129306447	0,028975	2,603	0,07542192	1561300662824	1	1	0	
129306448	0,028977	1,55	0,04491435	1561300662833	0	1	1	
129306449	0,028978	0,039	0,00113014	1561300663086	0	1	2	
129306450	0,028983	0,039	0,00113033	1561300667307	0	1	3	
129306451	0,028973	1,641	0,04754469	1561300667726	1	1	-1	
129306452	0,02897	1,699	0,04922003	1561300670993	1	1	-2	
129306453	0,028975	0,039	0,00113002	1561300671529	0	1	1	
129306454	0,028967	0,069	0,00199872	1561300672432	1	1	-1	
129306455	0,028976	0,069	0,00199934	1561300673527	0	1	1	
129306456	0,028975	0,041	0,00118797	1561300675741	0	1	-1	
129306457	0,028974	0,684	0,01981821	1561300675811	0	1	-2	
129306458	0,028975	1,51	0,04375225	1561300675823	0	1	1	
129306459	0,028976	0,094	0,00272374	1561300677793	1	1	2	
129306460	0,028977	0,521	0,01509701	1561300678212	1	1	3	
129306461	0,028976	0,037	0,00107211	1561300678296	1	1	-1	
129306462	0,028979	0,038	0,0011012	1561300678839	0	1	1	
129306463	0,028975	1,764	0,0511119	1561300679292	0	1	-1	
129306464	0,028975	2,3	0,0666425	1561300679470	0	1	0	
129306465	0,028981	0,039	0,00113025	1561300679979	0	1	1	
129306466	0,028973	0,045	0,00130378	1561300680199	1	1	-1	
129306467	0,028975	0,54	0,0156465	1561300682762	1	1	1	
129306468	0,028975	1,141	0,03306047	1561300685287	0	1	0	
129306469	0,028976	0,04	0,00115904	1561300686186	0	1	1	
129306470	0,028976	0,427	0,01237275	1561300686234	0	1	0	
129306471	0,028973	0,04	0,00115892	1561300686454	1	1	-1	
129306472	0,028979	0,156	0,00452072	1561300690680	0	1	1	
129306473	0,028975	3,623	0,10497642	1561300690972	1	1	-1	
129306474	0,028979	0,04	0,00115916	1561300692408	0	1	1	
129306475	0,028973	0,069	0,00199913	1561300692490	1	1	-1	
129306476	0,028979	0,229	0,00663619	1561300694301	0	1	1	
129306477	0,028979	0,336	0,00973694	1561300694721	0	1	0	
129306478	0,028975	2,96	0,085766	1561300694980	0	1	-1	
129306479	0,028979	0,927	0,02686353	1561300694984	0	1	1	
129306480	0,028973	0,066	0,00191221	1561300695275	1	1	-1	
129306481	0,028978	6,032	0,17479529	1561300695419	0	1	1	
129306482	0,028982	0,828	0,02399709	1561300695561	0	1	2	
129306483	0,028983	2,383	0,06906648	1561300695561	0	1	3	
129306484	0,028983	3,211	0,09306441	1561300695631	0	1	0	
129306485	0,028983	0,056	0,00162304	1561300695644	0	1	0	
129306486	0,028983	3,155	0,09144136	1561300695644	0	1	0	
129306487	0,028985	4	0,11594	1561300696198	0	1	1	
129306488	0,028985	1,9	0,0550715	1561300696198	0	1	0	
129306489	0,028987	1,002	0,02904497	1561300696198	0	1	1	
129306490	0,028986	0,111	0,00321744	1561300696719	0	1	-1	
129306491	0,028986	2,505	0,07260993	1561300696880	0	1	0	
129306492	0,028982	0,099	0,00286921	1561300697571	1	1	-1	
129306493	0,028987	2,342	0,06788755	1561300698180	0	1	1	
129306494	0,028992	1,586	0,04598131	1561300698497	0	1	2	
129306495	0,028992	0,244	0,00707404	1561300698497	0	1	0	
129306496	0,028992	0,042	0,00121766	1561300698638	0	1	0	
129306497	0,028992	3,612	0,1047191	1561300699876	0	1	0	
129306498	0,028996	3,369	0,09768752	1561300700886	0	1	1	
129306499	0,029002	0,037	0,00107307	1561300700993	0	1	2	
129306500	0,028989	0,049	0,00142046	1561300701046	1	1	-1	
129306501	0,028993	0,22	0,00637846	1561300703230	1	1	1	
129306502	0,028996	0,131	0,00379847	1561300704280	1	1	2	
129306503	0,028996	0,102	0,00295759	1561300704589	1	1	0	
129306504	0,028993	2,165	0,06276984	1561300704589	1	1	-1	
129306505	0,029001	0,042	0,00121804	1561300704840	0	1	1	
129306506	0,028992	0,107	0,00310214	1561300705547	1	1	-1	
129306507	0,028993	0,667	0,01933833	1561300706997	1	1	1	
129306508	0,028996	0,157	0,00455237	1561300709550	1	1	2	
129306509	0,028996	0,076	0,00220369	1561300709659	1	1	0	
129306510	0,028997	2,819	0,08174254	1561300710939	0	1	1	
129306511	0,028998	0,041	0,00118891	1561300711069	0	1	2	
129306512	0,028997	0,304	0,00881508	1561300711253	1	1	-1	
129306513	0,028996	0,001	0,00002899	1561300711372	1	1	-2	
129306514	0,028996	0,176	0,00510329	1561300711372	1	1	0	
129306515	0,028998	1,243	0,03604451	1561300712181	0	1	1	
129306516	0,028999	0,826	0,02395317	1561300712278	0	1	2	
129306517	0,028997	0,688	0,01994993	1561300712328	1	1	-1	
129306518	0,028997	0,117	0,00339264	1561300712730	1	1	0	
129306519	0,028998	0,397	0,0115122	1561300712839	1	1	1	
129306520	0,028997	0,5	0,0144985	1561300712839	1	1	-1	
129306521	0,029002	0,042	0,00121808	1561300715273	0	1	1	
129306522	0,028996	0,001	0,00002899	1561300715344	1	1	-1	
129306523	0,028995	0,09	0,00260955	1561300715344	1	1	-2	
129306524	0,028996	0,036	0,00104385	1561300716813	1	1	1	
129306525	0,028998	1,392	0,04036521	1561300717418	0	1	2	
129306526	0,028996	1,945	0,05639722	1561300717429	1	1	-1	
129306527	0,029001	1,425	0,04132642	1561300718822	0	1	1	
129306528	0,029001	0,038	0,00110203	1561300719495	0	1	0	
129306529	0,028996	0,067	0,00194273	1561300719528	1	1	-1	
129306530	0,028998	0,73	0,02116854	1561300719688	1	1	1	
129306531	0,028996	7,766	0,22518293	1561300719688	1	1	-1	
129306532	0,028995	0,067	0,00194266	1561300719688	1	1	-2	
129306533	0,028991	2,465	0,07146281	1561300719688	1	1	-3	
129306534	0,02899	0,827	0,02397473	1561300719688	1	1	-4	
129306535	0,028986	0,205	0,00594213	1561300719688	1	1	-5	
129306536	0,028985	1,31	0,03797035	1561300719688	1	1	-6	
129306537	0,028985	4	0,11594	1561300719688	1	1	0	
129306538	0,028985	1,31	0,03797035	1561300719688	1	1	0	
129306539	0,028984	4	0,115936	1561300719688	1	1	-1	
129306540	0,028984	1,31	0,03796904	1561300719688	1	1	0	
129306541	0,028984	10	0,28984	1561300719688	1	1	0	
129306542	0,028984	1,31	0,03796904	1561300719688	1	1	0	
129306543	0,028984	2,637	0,0764308	1561300719688	1	1	0	
129306544	0,028989	0,827	0,0239739	1561300722779	1	1	1	
129306545	0,028988	0,383	0,0111024	1561300722779	1	1	-1	
129306546	0,028998	0,04	0,00115992	1561300723717	0	1	1	
129306547	0,028989	0,06	0,00173934	1561300723972	1	1	-1	
129306548	0,028998	0,255	0,00739449	1561300723985	0	1	1	
129306549	0,028998	0,205	0,00594459	1561300723985	0	1	0	
129306550	0,028998	0,255	0,00739449	1561300724589	1	1	0	
129306551	0,02899	2,021	0,05858879	1561300724589	1	1	-1	
129306552	0,029001	0,05	0,00145005	1561300724913	0	1	1	
129306553	0,028996	3,277	0,09501989	1561300727618	0	1	-1	
129306554	0,029	0,374	0,010846	1561300727627	0	1	1	
129306555	0,029001	0,039	0,00113103	1561300727935	0	1	2	
129306556	0,029001	0,057	0,00165305	1561300728958	0	1	0	
129306557	0,029001	1,604	0,0465176	1561300729145	0	1	0	
129306558	0,029001	0,827	0,02398382	1561300729145	0	1	0	
129306559	0,029001	0,069	0,00200106	1561300729145	0	1	0	
129306560	0,028993	1,848	0,05357906	1561300731756	0	1	-1	
129306561	0,028993	1,049	0,03041365	1561300731762	0	1	0	
129306562	0,028999	0,039	0,00113096	1561300732148	0	1	1	
129306563	0,028989	0,767	0,02223456	1561300735029	1	1	-1	
129306564	0,028988	3,617	0,10484959	1561300735029	1	1	-2	
129306565	0,028984	0,205	0,00594172	1561300735029	1	1	-3	
129306566	0,028983	4	0,115932	1561300735029	1	1	-4	
129306567	0,028983	1,31	0,03796773	1561300735029	1	1	0	
129306568	0,028983	2,61	0,07564563	1561300735029	1	1	0	
129306569	0,028982	4,491	0,13015816	1561300735029	1	1	-1	
129306570	0,028982	13,792	0,39971974	1561300735029	1	1	0	
129306571	0,028981	6,888	0,19962112	1561300735029	1	1	-1	
129306572	0,028981	0,281	0,00814366	1561300735029	1	1	0	
129306573	0,028998	0,511	0,01481797	1561300735055	0	1	1	
129306574	0,028997	0,11	0,00318967	1561300735488	0	1	-1	
129306575	0,028997	0,205	0,00594438	1561300735488	0	1	0	
129306576	0,028997	0,767	0,02224069	1561300735595	0	1	0	
129306577	0,028998	0,113	0,00327677	1561300735690	0	1	1	
129306578	0,028998	0,076	0,00220384	1561300736099	0	1	0	
129306579	0,028998	0,579	0,01678984	1561300736448	0	1	0	
129306580	0,029002	1,893	0,05490078	1561300736513	0	1	1	
129306581	0,029002	2,997	0,08691899	1561300736513	0	1	0	
129306582	0,029003	0,039	0,00113111	1561300738368	0	1	1	
129306583	0,028995	1,205	0,03493897	1561300740922	0	1	-1	
129306584	0,029003	0,228	0,00661268	1561300740922	0	1	1	
129306585	0,028995	0,1	0,0028995	1561300742964	1	1	-1	
129306586	0,028995	0,099	0,0028705	1561300743466	0	1	0	
129306587	0,028998	0,821	0,02380735	1561300744141	0	1	1	
129306588	0,028998	1,088	0,03154982	1561300744143	0	1	0	
129306589	0,029002	0,041	0,00118908	1561300744595	0	1	1	
129306590	0,028998	0,104	0,00301579	1561300745679	1	1	-1	
129306591	0,028999	1,162	0,03369683	1561300748219	1	1	1	
129306592	0,029003	0,04	0,00116012	1561300748808	0	1	2	
129306593	0,028995	0,037	0,00107281	1561300749111	1	1	-1	
129306594	0,028995	0,048	0,00139176	1561300749198	1	1	0	
129306595	0,028999	1,789	0,05187921	1561300752253	1	1	1	
129306596	0,029001	0,041	0,00118904	1561300753028	0	1	2	
129306597	0,028996	0,515	0,01493294	1561300753495	1	1	-1	
129306598	0,028996	0,297	0,00861181	1561300754046	1	1	0	
129306599	0,028998	1,027	0,02978094	1561300756442	0	1	1	
129306600	0,028994	0,122	0,00353726	1561300756613	1	1	-1	
129306601	0,029	0,04	0,00116	1561300757247	0	1	1	
129306602	0,028996	0,352	0,01020659	1561300758408	1	1	-1	
129306603	0,029003	0,582	0,01687974	1561300760352	0	1	1	
129306604	0,028999	2,535	0,07351246	1561300760352	1	1	-1	
129306605	0,029002	0,041	0,00118908	1561300763458	0	1	1	
129306606	0,029	1,103	0,031987	1561300764536	0	1	-1	
129306607	0,029	0,231	0,006699	1561300764540	0	1	0	
129306608	0,029	0,049	0,001421	1561300764667	1	1	0	
129306609	0,029	0,135	0,003915	1561300764777	1	1	0	
129306610	0,029	0,37	0,01073	1561300764889	1	1	0	
129306611	0,029001	0,091	0,00263909	1561300766672	1	1	1	
129306612	0,029002	0,04	0,00116008	1561300767686	0	1	2	
129306613	0,029001	0,544	0,01577654	1561300767829	1	1	-1	
129306614	0,029001	6,955	0,20170195	1561300767850	1	1	0	
129306615	0,028996	0,062	0,00179775	1561300771610	1	1	-1	
129306616	0,028995	0,75	0,02174625	1561300772411	0	1	-2	
129306617	0,029	0,068	0,001972	1561300773848	0	1	1	
129306618	0,029	0,042	0,001218	1561300773903	0	1	0	
129306619	0,028999	1,045	0,03030395	1561300775414	0	1	-1	
129306620	0,028995	0,088	0,00255156	1561300776991	1	1	-2	
129306621	0,029	3,086	0,089494	1561300777545	0	1	1	
129306622	0,029	0,452	0,013108	1561300778069	0	1	0	
129306623	0,029001	0,038	0,00110203	1561300778120	0	1	1	
129306624	0,028995	0,066	0,00191367	1561300778584	1	1	-1	
129306625	0,028991	0,827	0,02397555	1561300778685	1	1	-2	
129306626	0,02899	0,243	0,00704457	1561300778790	1	1	-3	
129306627	0,029	1,76	0,05104	1561300779220	0	1	1	
129306628	0,028996	0,548	0,0158898	1561300779841	1	1	-1	
129306629	0,029	0,823	0,023867	1561300781065	0	1	1	
129306630	0,029001	0,057	0,00165305	1561300781065	0	1	2	
129306631	0,029001	3,611	0,10472261	1561300781065	0	1	0	
129306632	0,029002	0,994	0,02882798	1561300781065	0	1	1	
129306633	0,028996	0,787	0,02281985	1561300784107	0	1	-1	
129306634	0,028992	0,119	0,00345004	1561300784268	1	1	-2	
129306635	0,028997	0,039	0,00113088	1561300784357	0	1	1	
129306636	0,028992	0,09	0,00260928	1561300784964	1	1	-1	
129306637	0,028989	0,314	0,00910254	1561300786451	1	1	-2	
129306638	0,028993	1,811	0,05250632	1561300787646	0	1	1	
129306639	0,028989	0,827	0,0239739	1561300790230	1	1	-1	
129306640	0,028988	0,068	0,00197118	1561300790270	1	1	-2	
129306641	0,028996	0,573	0,0166147	1561300790449	0	1	1	
129306642	0,028995	0,04	0,0011598	1561300790565	0	1	-1	
129306643	0,028989	0,137	0,00397149	1561300790788	1	1	-2	
129306644	0,028989	0,69	0,02000241	1561300790883	1	1	0	
129306645	0,028988	0,652	0,01890017	1561300791478	1	1	-1	
129306646	0,028993	1,696	0,04917212	1561300792030	0	1	1	
129306647	0,028993	3,859	0,11188398	1561300792030	0	1	0	
129306648	0,028985	3,424	0,09924464	1561300793384	1	1	-1	
129306649	0,028984	4	0,115936	1561300793384	1	1	-2	
129306650	0,028983	2,342	0,06787818	1561300793384	1	1	-3	
129306651	0,02898	4,22	0,1222956	1561300793384	1	1	-4	
129306652	0,028987	3,313	0,09603393	1561300793674	0	1	1	
129306653	0,028992	0,339	0,00982828	1561300793679	0	1	2	
129306654	0,028992	0,377	0,01092998	1561300793825	0	1	0	
129306655	0,028981	0,6	0,0173886	1561300795662	1	1	-1	
129306656	0,028981	0,227	0,00657868	1561300795753	1	1	0	
129306657	0,028972	0,04	0,00115888	1561300796785	1	1	-1	
129306658	0,028972	0,08	0,00231776	1561300798704	1	1	0	
129306659	0,02898	0,046	0,00133308	1561300800221	0	1	1	
129306660	0,028971	0,069	0,00199899	1561300800618	1	1	-1	
129306661	0,028971	0,069	0,00199899	1561300800618	1	1	0	
129306662	0,028979	0,095	0,002753	1561300801331	0	1	1	
129306663	0,028968	0,041	0,00118768	1561300803004	1	1	-1	
129306664	0,028978	0,374	0,01083777	1561300805464	0	1	1	
129306665	0,028978	0,096	0,00278188	1561300805669	0	1	0	
129306666	0,028978	1,571	0,04552443	1561300805816	0	1	0	
129306667	0,028972	0,294	0,00851776	1561300805991	1	1	-1	
129306668	0,028979	0,726	0,02103875	1561300806342	0	1	1	
129306669	0,028988	0,12	0,00347856	1561300806342	0	1	2	
129306670	0,028989	10	0,28989	1561300806342	0	1	3	
129306671	0,028989	3,03	0,08783667	1561300806342	0	1	0	
129306672	0,028995	2,544	0,07376328	1561300806342	0	1	1	
129306673	0,028973	0,827	0,02396067	1561300806731	1	1	-1	
129306674	0,028972	9,096	0,26352931	1561300806731	1	1	-2	
129306675	0,028971	8,519	0,24680394	1561300806731	1	1	-3	
129306676	0,028971	5	0,144855	1561300806731	1	1	0	
129306677	0,028971	0,143	0,00414285	1561300806731	1	1	0	
129306678	0,028969	2,14	0,06199366	1561300806731	1	1	-1	
129306679	0,028969	1,726	0,05000049	1561300806731	1	1	0	
129306680	0,028978	0,074	0,00214437	1561300806935	0	1	1	
129306681	0,02897	0,042	0,00121674	1561300807212	1	1	-1	
129306682	0,028977	2,493	0,07223966	1561300807317	0	1	1	
129306683	0,028981	0,228	0,00660766	1561300810292	0	1	2	
129306684	0,028978	0,388	0,01124346	1561300810293	1	1	-1	
129306685	0,028973	0,041	0,00118789	1561300811442	1	1	-2	
129306686	0,028974	0,333	0,00964834	1561300812869	1	1	1	
129306687	0,028989	0,04	0,00115956	1561300815653	0	1	2	
129306688	0,028974	1,832	0,05308036	1561300816509	1	1	-1	
129306689	0,028977	0,09	0,00260793	1561300819379	1	1	1	
129306690	0,028977	0,58	0,01680666	1561300819475	1	1	0	
129306691	0,028983	0,039	0,00113033	1561300819873	0	1	1	
129306692	0,028983	0,053	0,00153609	1561300819894	0	1	0	
129306693	0,02898	0,377	0,01092546	1561300820040	0	1	-1	
129306694	0,028978	1,605	0,04650969	1561300821136	1	1	-2	
129306695	0,028977	0,001	0,00002897	1561300821465	1	1	-3	
129306696	0,028974	1,261	0,03653621	1561300821465	1	1	-4	
129306697	0,028975	0,255	0,00738862	1561300821563	1	1	1	
129306698	0,028975	0,001	0,00002897	1561300821893	1	1	0	
129306699	0,028974	1,469	0,0425628	1561300822099	1	1	-1	
129306700	0,028973	6,25	0,18108125	1561300822128	1	1	-2	
129306701	0,028973	3,75	0,10864875	1561300822143	1	1	0	
129306702	0,028972	11,576	0,33537987	1561300822164	1	1	-1	
129306703	0,028972	0,924	0,02677012	1561300822164	1	1	0	
129306704	0,028972	3,076	0,08911787	1561300822183	1	1	0	
129306705	0,028971	6,25	0,18106875	1561300822186	1	1	-1	
129306706	0,028976	0,038	0,00110108	1561300822510	1	1	1	
129306707	0,028971	2,252	0,06524269	1561300822752	1	1	-1	
129306708	0,028973	0,037	0,001072	1561300825015	0	1	1	
129306709	0,028973	0,099	0,00286832	1561300825026	0	1	0	
129306710	0,028969	2,513	0,07279909	1561300825886	1	1	-1	
129306711	0,028969	0,039	0,00112979	1561300826096	0	1	0	
129306712	0,028968	0,27	0,00782136	1561300827594	1	1	-1	
129306713	0,028968	3,73	0,10805064	1561300827618	1	1	0	
129306714	0,028968	0,169	0,00489559	1561300827670	0	1	0	
129306715	0,028966	2,296	0,06650593	1561300828936	0	1	-1	
129306716	0,028967	0,825	0,02389777	1561300828945	0	1	1	
129306717	0,028967	0,041	0,00118764	1561300830313	0	1	0	
129306718	0,028967	1,012	0,0293146	1561300831315	0	1	0	
129306719	0,02896	2,471	0,07156016	1561300832499	1	1	-1	
129306720	0,028959	0,041	0,00118731	1561300832499	1	1	-2	
129306721	0,028968	0,126	0,00364996	1561300832999	0	1	1	
129306722	0,028965	0,205	0,00593782	1561300835452	1	1	-1	
129306723	0,028965	0,042	0,00121653	1561300835979	1	1	0	
129306724	0,028974	3,025	0,08764635	1561300836431	0	1	1	
129306725	0,028989	0,041	0,00118854	1561300836533	0	1	2	
129306726	0,02897	1,402	0,04061594	1561300839180	1	1	-1	
129306727	0,028969	0,154	0,00446122	1561300839450	1	1	-2	
129306728	0,028974	0,041	0,00118793	1561300840804	0	1	1	
129306729	0,028974	0,078	0,00225997	1561300840919	0	1	0	
129306730	0,028969	0,316	0,0091542	1561300841640	1	1	-1	
129306731	0,028965	0,089	0,00257788	1561300841709	1	1	-2	
129306732	0,028971	1,977	0,05727566	1561300843163	1	1	1	
129306733	0,028965	1,871	0,05419351	1561300843164	1	1	-1	
129306734	0,028964	0,039	0,00112959	1561300843446	1	1	-2	
129306735	0,028964	0,04	0,00115856	1561300843765	1	1	0	
129306736	0,028974	0,039	0,00112998	1561300846977	0	1	1	
129306737	0,028965	2,158	0,06250647	1561300847711	1	1	-1	
129306738	0,028964	0,48	0,01390272	1561300847711	1	1	-2	
129306739	0,028962	4	0,115848	1561300847711	1	1	-3	
129306740	0,028959	0,204	0,00590763	1561300847711	1	1	-4	
129306741	0,028958	0,828	0,02397722	1561300847711	1	1	-5	
129306742	0,028957	4	0,115828	1561300847711	1	1	-6	
129306743	0,028952	0,026	0,00075275	1561300847711	1	1	-7	
129306744	0,028973	3	0,086919	1561300847818	0	1	1	
129306745	0,028973	1	0,028973	1561300847818	0	1	0	
129306746	0,028973	1	0,028973	1561300847818	0	1	0	
129306747	0,028973	0,56	0,01622488	1561300847818	0	1	0	
129306748	0,028973	0,111	0,003216	1561300847839	0	1	0	
129306749	0,028955	0,111	0,003214	1561300847859	1	1	-1	
129306750	0,028972	0,315	0,00912618	1561300849226	0	1	1	
129306751	0,028972	0,096	0,00278131	1561300849244	0	1	0	
129306752	0,028958	0,16	0,00463328	1561300849956	1	1	-1	
129306753	0,028972	0,076	0,00220187	1561300851211	0	1	1	
129306754	0,028972	0,062	0,00179626	1561300851320	0	1	0	
129306755	0,028959	1,447	0,04190367	1561300852120	1	1	-1	
129306756	0,028963	0,814	0,02357588	1561300852125	0	1	1	
129306757	0,028958	1,128	0,03266462	1561300852448	1	1	-1	
129306758	0,028967	0,517	0,01497593	1561300852798	0	1	1	
129306759	0,028967	0,514	0,01488903	1561300852912	0	1	0	
129306760	0,028967	0,039	0,00112971	1561300853187	0	1	0	
129306761	0,028967	0,102	0,00295463	1561300853955	0	1	0	
129306762	0,028967	0,969	0,02806902	1561300853980	0	1	0	
129306763	0,028967	0,07	0,00202769	1561300854765	0	1	0	
129306764	0,028964	2,375	0,0687895	1561300856683	0	1	-1	
129306765	0,028957	0,323	0,00935311	1561300856692	1	1	-2	
129306766	0,028966	0,04	0,00115864	1561300859403	0	1	1	
129306767	0,028962	1,963	0,0568524	1561300859474	0	1	-1	
129306768	0,028966	1,731	0,05014014	1561300859477	0	1	1	
129306769	0,028957	1,043	0,03020215	1561300860064	1	1	-1	
129306770	0,028962	2,615	0,07573563	1561300862020	0	1	1	
129306771	0,028965	1,227	0,03554005	1561300862030	0	1	2	
129306772	0,028966	0,042	0,00121657	1561300863657	0	1	3	
129306773	0,028965	0,286	0,00828399	1561300864817	0	1	-1	
129306774	0,028959	0,902	0,02612101	1561300865038	0	1	-2	
129306775	0,028959	0,821	0,02377533	1561300865043	0	1	0	
129306776	0,028959	0,052	0,00150586	1561300865806	1	1	0	
129306777	0,028964	0,918	0,02658895	1561300866162	0	1	1	
129306778	0,028964	0,04	0,00115856	1561300867852	0	1	0	
129306779	0,02896	0,141	0,00408336	1561300867904	1	1	-1	
129306780	0,028961	0,275	0,00796427	1561300870181	0	1	1	
129306781	0,028961	1,285	0,03721488	1561300870891	0	1	0	
129306782	0,028961	0,122	0,00353324	1561300871004	1	1	0	
129306783	0,028966	0,051	0,00147726	1561300871775	0	1	1	
129306784	0,028962	1,45	0,0419949	1561300871779	1	1	-1	
129306785	0,028961	0,04	0,00115844	1561300872064	1	1	-2	
129306786	0,028963	2,461	0,07127794	1561300872233	1	1	1	
129306787	0,028961	2,473	0,07162055	1561300872405	1	1	-1	
129306788	0,028961	3,056	0,08850481	1561300873000	1	1	0	
129306789	0,02896	0,006	0,00017376	1561300873308	1	1	-1	
129306790	0,028954	0,828	0,02397391	1561300873308	1	1	-2	
129306791	0,028955	0,786	0,02275863	1561300877232	1	1	1	
129306792	0,028965	2,482	0,07189113	1561300877838	0	1	2	
129306793	0,028966	0,517	0,01497542	1561300877838	0	1	3	
129306794	0,028969	2,201	0,06376076	1561300877838	0	1	4	
129306795	0,028956	0,04	0,00115824	1561300878283	1	1	-1	
129306796	0,028957	1,452	0,04204556	1561300881590	1	1	1	
129306797	0,028957	0,04	0,00115828	1561300884506	1	1	0	
129306798	0,028963	0,985	0,02852855	1561300885029	1	1	1	
129306799	0,028963	1,033	0,02991877	1561300885031	1	1	0	
129306800	0,028957	0,985	0,02852264	1561300885477	1	1	-1	
129306801	0,028956	0,181	0,00524103	1561300886112	1	1	-2	
129306802	0,02896	0,172	0,00498112	1561300886617	0	1	1	
129306803	0,028956	1,779	0,05151272	1561300887266	1	1	-1	
129306804	0,028956	4,078	0,11808256	1561300888965	1	1	0	
129306805	0,028954	0,039	0,0011292	1561300890782	1	1	-1	
129306806	0,028954	0,074	0,00214259	1561300891029	1	1	0	
129306807	0,028958	1,664	0,04818611	1561300891102	0	1	1	
129306808	0,028966	4	0,115864	1561300891102	0	1	2	
129306809	0,028966	0,056	0,00162209	1561300891128	1	1	0	
129306810	0,028954	0,482	0,01395582	1561300891128	1	1	-1	
129306811	0,028961	3,568	0,10333284	1561300892241	0	1	1	
129306812	0,028962	0,052	0,00150602	1561300894731	1	1	2	
129306813	0,028962	0,04	0,00115848	1561300895005	1	1	0	
129306814	0,028962	0,04	0,00115848	1561300895012	1	1	0	
129306815	0,028962	0,04	0,00115848	1561300895390	1	1	0	
129306816	0,028962	0,099	0,00286723	1561300896208	1	1	0	
129306817	0,028954	1,551	0,04490765	1561300897951	1	1	-1	
129306818	0,028959	0,839	0,0242966	1561300898800	0	1	1	
129306819	0,028956	0,041	0,00118719	1561300899179	1	1	-1	
129306820	0,02896	4,096	0,11862016	1561300902053	0	1	1	
129306821	0,028957	0,039	0,00112932	1561300903391	1	1	-1	
129306822	0,028957	0,069	0,00199803	1561300903677	1	1	0	
129306823	0,028957	0,038	0,00110036	1561300904228	1	1	0	
129306824	0,028956	0,506	0,01465173	1561300904845	1	1	-1	
129306825	0,02896	1,973	0,05713808	1561300905538	0	1	1	
129306826	0,028954	0,04	0,00115816	1561300907610	1	1	-1	
129306827	0,028963	1,764	0,05109073	1561300909982	0	1	1	
129306828	0,02896	1,107	0,03205872	1561300910503	1	1	-1	
129306829	0,028963	0,1	0,0028963	1561300910503	0	1	1	
129306830	0,028963	0,037	0,00107163	1561300911317	0	1	0	
129306831	0,028954	0,041	0,00118711	1561300911827	1	1	-1	
129306832	0,028954	0,89	0,02576906	1561300912390	1	1	0	
129306833	0,028954	0,055	0,00159247	1561300914150	1	1	0	
129306834	0,028953	0,323	0,00935181	1561300914150	1	1	-1	
129306835	0,02895	0,512	0,0148224	1561300914150	1	1	-2	
129306836	0,02895	0,04	0,001158	1561300914150	1	1	0	
129306837	0,028949	0,301	0,00871364	1561300914150	1	1	-1	
129306838	0,028959	1,92	0,05560128	1561300914804	0	1	1	
129306839	0,028952	1,579	0,0457152	1561300914805	1	1	-1	
129306840	0,028949	4,62	0,13374438	1561300916158	1	1	-2	
129306841	0,028964	2,286	0,0662117	1561300916200	0	1	1	
129306842	0,028949	0,04	0,00115796	1561300918048	1	1	-1	
129306843	0,028949	0,097	0,00280805	1561300919024	1	1	0	
129306844	0,028949	0,039	0,00112901	1561300922274	1	1	0	
129306845	0,028949	0,767	0,02220388	1561300923375	1	1	0	
129306846	0,02896	0,517	0,01497232	1561300924615	0	1	1	
129306847	0,028961	1,073	0,03107515	1561300924615	0	1	2	
129306848	0,028962	1,272	0,03683966	1561300924730	1	1	3	
129306849	0,028949	0,964	0,02790683	1561300928159	1	1	-1	
129306850	0,028948	0,942	0,02726901	1561300928159	1	1	-2	
129306851	0,028948	0,853	0,02469264	1561300928229	1	1	0	
129306852	0,028959	0,43	0,01245237	1561300928272	0	1	1	
129306853	0,028948	0,04	0,00115792	1561300928486	1	1	-1	
129306854	0,028959	0,376	0,01088858	1561300929052	0	1	1	
129306855	0,028959	0,09	0,00260631	1561300929797	0	1	0	
129306856	0,028957	0,161	0,00466207	1561300930028	0	1	-1	
129306857	0,028959	0,064	0,00185337	1561300930123	0	1	1	
129306858	0,028959	0,064	0,00185337	1561300930227	0	1	0	
129306859	0,028959	0,064	0,00185337	1561300930343	0	1	0	
129306860	0,028959	0,217	0,0062841	1561300930538	0	1	0	
129306861	0,028958	1,474	0,04268409	1561300932165	0	1	-1	
129306862	0,028959	1,526	0,04419143	1561300932165	0	1	1	
129306863	0,028956	1,298	0,03758488	1561300932821	0	1	-1	
129306864	0,028952	0,068	0,00196873	1561300933952	1	1	-2	
129306865	0,028959	0,459	0,01329218	1561300934451	0	1	1	
129306866	0,028952	0,039	0,00112912	1561300934732	1	1	-1	
129306867	0,028958	1,666	0,04824402	1561300935654	0	1	1	
129306868	0,028959	0,058	0,00167962	1561300935654	0	1	2	
129306869	0,02896	7,575	0,219372	1561300935654	0	1	3	
129306870	0,02896	1,83	0,0529968	1561300935792	0	1	0	
129306871	0,02896	10,4	0,301184	1561300935850	0	1	0	
129306872	0,02896	4,096	0,11862016	1561300935853	0	1	0	
129306873	0,02896	1,414	0,04094944	1561300935894	0	1	0	
129306874	0,02896	3,409	0,09872464	1561300935903	0	1	0	
129306875	0,02896	3,197	0,09258512	1561300935904	0	1	0	
129306876	0,02896	6,904	0,19993984	1561300935914	0	1	0	
129306877	0,02896	1,429	0,04138384	1561300935946	0	1	0	
129306878	0,02896	2,858	0,08276768	1561300935949	0	1	0	
129306879	0,02896	5,165	0,1495784	1561300936012	0	1	0	
129306880	0,028964	1,714	0,04964429	1561300936060	0	1	1	
129306881	0,028966	1,74	0,05040084	1561300936060	0	1	2	
129306882	0,02896	2,478	0,07176288	1561300936709	0	1	-1	
129306883	0,02896	1,884	0,05456064	1561300936787	0	1	0	
129306884	0,028969	0,156	0,00451916	1561300936787	0	1	1	
129306885	0,02897	2,505	0,07256985	1561300936787	0	1	2	
129306886	0,028971	0,699	0,02025072	1561300936947	0	1	3	
129306887	0,028971	0,819	0,02372724	1561300937275	0	1	0	
129306888	0,028971	0,628	0,01819378	1561300937794	0	1	0	
129306889	0,028971	7,906	0,22904472	1561300938121	0	1	0	
129306890	0,028971	17,252	0,49980769	1561300938210	0	1	0	
129306891	0,028971	10,65	0,30854115	1561300938237	0	1	0	
129306892	0,028971	1,003	0,02905791	1561300938237	0	1	0	
129306893	0,028971	0,873	0,02529168	1561300938238	0	1	0	
129306894	0,02897	0,351	0,01016847	1561300938283	1	1	-1	
129306895	0,02897	0,153	0,00443241	1561300938342	1	1	0	
129306896	0,028971	0,04	0,00115884	1561300938922	1	1	1	
129306897	0,028971	0,456	0,01321077	1561300939429	1	1	0	
129306898	0,028974	1,848	0,05354395	1561300939461	0	1	1	
129306899	0,028972	0,708	0,02051217	1561300942668	1	1	-1	
129306900	0,028965	0,039	0,00112963	1561300943141	1	1	-2	
129306901	0,028965	0,478	0,01384527	1561300943465	1	1	0	
129306902	0,028964	6,304	0,18258905	1561300943465	1	1	-1	
129306903	0,028963	2,709	0,07846076	1561300943465	1	1	-2	
129306904	0,028963	0,535	0,0154952	1561300945983	1	1	0	
129306905	0,028964	0,302	0,00874712	1561300947452	1	1	1	
129306906	0,028964	0,042	0,00121648	1561300949368	1	1	0	
129306907	0,028965	1,181	0,03420766	1561300949683	1	1	1	
129306908	0,028966	0,144	0,0041711	1561300950717	1	1	2	
129306909	0,028972	0,517	0,01497852	1561300951107	0	1	3	
129306910	0,028975	0,188	0,0054473	1561300951107	0	1	4	
129306911	0,028975	2,472	0,0716262	1561300951107	0	1	0	
129306912	0,028977	0,066	0,00191248	1561300951107	0	1	1	
129306913	0,028978	0,152	0,00440465	1561300951107	0	1	2	
129306914	0,028978	4	0,115912	1561300951107	0	1	0	
129306915	0,028978	11,378	0,32971168	1561300951107	0	1	0	
129306916	0,028972	2,977	0,08624964	1561300951135	0	1	-1	
129306917	0,028965	0,044	0,00127446	1561300951142	1	1	-2	
129306918	0,028963	0,039	0,00112955	1561300953578	1	1	-3	
129306919	0,028967	2,227	0,0645095	1561300954364	1	1	1	
129306920	0,028963	0,302	0,00874682	1561300954751	1	1	-1	
129306921	0,028965	0,096	0,00278064	1561300955851	1	1	1	
129306922	0,028963	0,177	0,00512645	1561300955960	1	1	-1	
129306923	0,028961	0,517	0,01497283	1561300957365	1	1	-2	
129306924	0,02896	17,253	0,49964688	1561300957365	1	1	-3	
129306925	0,028959	4	0,115836	1561300957365	1	1	-4	
129306926	0,028957	0,845	0,02446866	1561300957365	1	1	-5	
129306927	0,028958	0,041	0,00118727	1561300957798	1	1	1	
129306928	0,028964	0,604	0,01749425	1561300958759	0	1	2	
129306929	0,028968	1,623	0,04701506	1561300958761	0	1	3	
129306930	0,02896	0,091	0,00263536	1561300960596	1	1	-1	
129306931	0,028959	0,204	0,00590763	1561300960596	1	1	-2	
129306932	0,028958	0,476	0,013784	1561300960596	1	1	-3	
129306933	0,028953	4	0,115812	1561300960596	1	1	-4	
129306934	0,02895	17,257	0,49959015	1561300960596	1	1	-5	
129306935	0,02895	6,357	0,18403515	1561300960596	1	1	0	
129306936	0,02895	6,357	0,18403515	1561300960596	1	1	0	
129306937	0,02895	6,357	0,18403515	1561300960596	1	1	0	
129306938	0,02895	6,357	0,18403515	1561300960596	1	1	0	
129306939	0,02895	6,357	0,18403515	1561300960596	1	1	0	
129306940	0,02895	2,567	0,07431465	1561300960596	1	1	0	
129306941	0,028952	0,094	0,00272148	1561300961031	1	1	1	
129306942	0,028951	0,041	0,00118699	1561300962022	1	1	-1	
129306943	0,028951	0,131	0,00379258	1561300962143	1	1	0	
129306944	0,028964	0,973	0,02818197	1561300965454	0	1	1	
129306945	0,028953	0,042	0,00121602	1561300966237	1	1	-1	
129306946	0,028953	2,351	0,0680685	1561300966514	1	1	0	
129306947	0,028951	0,345	0,00998809	1561300966514	1	1	-1	
129306948	0,028951	0,765	0,02214751	1561300966514	1	1	0	
129306949	0,028969	0,517	0,01497697	1561300967522	0	1	1	
129306950	0,028969	0,204	0,00590967	1561300967522	0	1	0	
129306951	0,02897	1,122	0,03250434	1561300967522	0	1	1	
129306952	0,02897	0,418	0,01210946	1561300967537	0	1	0	
129306953	0,028956	0,242	0,00700735	1561300968291	1	1	-1	
129306954	0,028957	0,562	0,01627383	1561300968329	1	1	1	
129306955	0,028956	0,098	0,00283768	1561300968329	1	1	-1	
129306956	0,028956	0,16	0,00463296	1561300968485	1	1	0	
129306957	0,028969	0,25	0,00724225	1561300968511	0	1	1	
129306958	0,028969	0,312	0,00903832	1561300968511	0	1	0	
129306959	0,028969	0,35	0,01013915	1561300968516	0	1	0	
129306960	0,028969	0,159	0,00460607	1561300968529	0	1	0	
129306961	0,028969	0,159	0,00460607	1561300968531	0	1	0	
129306962	0,028969	0,122	0,00353421	1561300968539	0	1	0	
129306963	0,028959	0,281	0,00813747	1561300968839	1	1	-1	
129306964	0,028958	0,517	0,01497128	1561300968839	1	1	-2	
129306965	0,028957	1,006	0,02913074	1561300968839	1	1	-3	
129306966	0,028957	0,041	0,00118723	1561300970458	1	1	0	
129306967	0,028968	1,579	0,04574047	1561300970725	0	1	1	
129306968	0,028962	3,288	0,09522705	1561300970728	0	1	-1	
129306969	0,028969	0,635	0,01839531	1561300970810	0	1	1	
129306970	0,028973	0,227	0,00657687	1561300972309	0	1	2	
129306971	0,028977	1,017	0,0294696	1561300972309	0	1	3	
129306972	0,028978	0,349	0,01011332	1561300972309	0	1	4	
129306973	0,02896	0,116	0,00335936	1561300972614	1	1	-1	
129306974	0,02896	0,041	0,00118736	1561300974687	1	1	0	
129306975	0,028962	0,072	0,00208526	1561300975771	1	1	1	
129306976	0,028961	0,17	0,00492337	1561300976512	1	1	-1	
129306977	0,028974	0,065	0,00188331	1561300976920	0	1	1	
129306978	0,028961	0,303	0,00877518	1561300977683	1	1	-1	
129306979	0,028968	1,769	0,05124439	1561300978695	0	1	1	
129306980	0,028973	1,977	0,05727962	1561300978700	0	1	2	
129306981	0,028962	0,04	0,00115848	1561300978892	1	1	-1	
129306982	0,028962	0,477	0,01381487	1561300979486	1	1	0	
129306983	0,028962	1,326	0,03840361	1561300979486	1	1	0	
129306984	0,028973	0,383	0,01109665	1561300982086	1	1	1	
129306985	0,028957	0,042	0,00121619	1561300983112	1	1	-1	
129306986	0,028961	3,432	0,09939415	1561300983693	0	1	1	
129306987	0,028958	0,053	0,00153477	1561300985167	1	1	-1	
129306988	0,028957	0,475	0,01375457	1561300985249	1	1	-2	
129306989	0,028957	0,517	0,01497076	1561300985304	1	1	0	
129306990	0,028956	4,951	0,14336115	1561300985304	1	1	-1	
129306991	0,028956	2,228	0,06451396	1561300986812	1	1	0	
129306992	0,028956	0,308	0,00891844	1561300987247	1	1	0	
129306993	0,028962	2,835	0,08210727	1561300987812	0	1	1	
129306994	0,028965	0,478	0,01384527	1561300987822	0	1	2	
129306995	0,028956	0,04	0,00115824	1561300989339	1	1	-1	
129306996	0,028956	0,051	0,00147675	1561300989590	1	1	0	
129306997	0,028956	0,416	0,01204569	1561300990123	1	1	0	
129306998	0,028952	0,038	0,00110017	1561300990454	1	1	-1	
129306999	0,028952	0,317	0,00917778	1561300990570	1	1	0	
129307000	0,028951	0,116	0,00335831	1561300991037	1	1	-1	
129307001	0,028951	0,112	0,00324251	1561300991146	1	1	0	
129307002	0,028951	3,772	0,10920317	1561300993205	1	1	0	
129307003	0,028949	0,039	0,00112901	1561300993555	1	1	-1	
129307004	0,028959	0,115	0,00333028	1561300993799	0	1	1	
129307005	0,028956	2,203	0,06379006	1561300994606	0	1	-1	
129307006	0,028959	1,769	0,05122847	1561300994609	0	1	1	
129307007	0,02896	0,517	0,01497232	1561300994947	0	1	2	
129307008	0,02896	1,587	0,04595952	1561300995279	0	1	0	
129307009	0,02895	0,458	0,0132591	1561300995632	1	1	-1	
129307010	0,028959	1,488	0,04309099	1561300995900	0	1	1	
129307011	0,028949	0,316	0,00914788	1561300996531	1	1	-1	
129307012	0,02896	0,055	0,0015928	1561300996652	0	1	1	
129307013	0,02896	0,261	0,00755856	1561300997161	0	1	0	
129307014	0,028949	0,04	0,00115796	1561300997774	1	1	-1	
129307015	0,028948	1,75	0,050659	1561300998661	1	1	-2	
129307016	0,028948	1,299	0,03760345	1561300999584	1	1	0	
129307017	0,02895	0,071	0,00205545	1561301000954	1	1	1	
129307018	0,028958	0,372	0,01077237	1561301002448	0	1	2	
129307019	0,028952	0,511	0,01479447	1561301002451	0	1	-1	
129307020	0,028961	4	0,115844	1561301002729	0	1	1	
129307021	0,028961	0,517	0,01497283	1561301002729	0	1	0	
129307022	0,028953	0,115	0,00332959	1561301003273	1	1	-1	
129307023	0,028955	0,039	0,00112924	1561301004007	1	1	1	
129307024	0,028954	0,586	0,01696704	1561301006871	1	1	-1	
129307025	0,028955	1,824	0,05281392	1561301009442	1	1	1	
129307026	0,028961	1,361	0,03941592	1561301009445	0	1	2	
129307027	0,02895	0,041	0,00118695	1561301010207	1	1	-1	
129307028	0,02896	1,095	0,0317112	1561301011201	1	1	1	
129307029	0,02896	0,9	0,026064	1561301011293	1	1	0	
129307030	0,028967	1,573	0,04556509	1561301013305	0	1	1	
129307031	0,028963	0,778	0,02253321	1561301013393	1	1	-1	
129307032	0,028955	0,062	0,00179521	1561301013758	1	1	-2	
129307033	0,028955	0,04	0,0011582	1561301014438	1	1	0	
129307034	0,028954	0,116	0,00335866	1561301014626	1	1	-1	
129307035	0,028954	0,402	0,0116395	1561301015164	1	1	0	
129307036	0,028954	0,892	0,02582696	1561301016306	0	1	0	
129307037	0,028966	0,157	0,00454766	1561301016866	0	1	1	
129307038	0,028967	0,363	0,01051502	1561301016866	0	1	2	
129307039	0,028951	2,149	0,06221569	1561301019417	1	1	-1	
129307040	0,028952	0,738	0,02136657	1561301019425	0	1	1	
129307041	0,028949	2,162	0,06258773	1561301020009	1	1	-1	
129307042	0,028948	3,908	0,11312878	1561301020326	1	1	-2	
129307043	0,028948	0,039	0,00112897	1561301020646	1	1	0	
129307044	0,028948	0,1	0,0028948	1561301021733	1	1	0	
129307045	0,028951	0,647	0,01873129	1561301022024	0	1	1	
129307046	0,028953	0,549	0,01589519	1561301023389	0	1	2	
129307047	0,028949	0,089	0,00257646	1561301024288	1	1	-1	
129307048	0,028949	0,04	0,00115796	1561301024867	1	1	0	
129307049	0,028948	5,737	0,16607467	1561301026047	1	1	-1	
129307050	0,028949	3,556	0,10294264	1561301027632	0	1	1	
129307051	0,028948	0,663	0,01919252	1561301027957	1	1	-1	
129307052	0,028948	3,897	0,11281035	1561301028072	1	1	0	
129307053	0,028948	0,958	0,02773218	1561301028154	1	1	0	
129307054	0,028948	0,248	0,0071791	1561301028156	1	1	0	
129307055	0,028949	0,958	0,02773314	1561301028158	0	1	1	
129307056	0,028949	1,433	0,04148391	1561301028204	0	1	0	
129307057	0,02895	0,014	0,0004053	1561301028204	0	1	1	
129307058	0,02895	0,529	0,01531455	1561301028216	0	1	0	
129307059	0,028948	0,054	0,00156319	1561301028272	1	1	-1	
129307060	0,028948	0,041	0,00118686	1561301029087	1	1	0	
129307061	0,028948	11,164	0,32317547	1561301029108	1	1	0	
129307062	0,028948	37,615	1,08887902	1561301029135	1	1	0	
129307063	0,028948	0,351	0,01016074	1561301029931	1	1	0	
129307064	0,028949	0,116	0,00335808	1561301030665	0	1	1	
129307065	0,028949	0,294	0,008511	1561301030969	0	1	0	
129307066	0,02895	0,549	0,01589355	1561301031057	0	1	1	
129307067	0,02895	0,087	0,00251865	1561301031719	0	1	0	
129307068	0,02895	0,948	0,0274446	1561301031804	0	1	0	
129307069	0,02895	1,804	0,0522258	1561301031804	0	1	0	
129307070	0,028956	0,895	0,02591562	1561301031889	1	1	1	
129307071	0,028949	0,041	0,0011869	1561301033302	1	1	-1	
129307072	0,028953	0,517	0,0149687	1561301035935	1	1	1	
129307073	0,028952	1,231	0,03563991	1561301036143	1	1	-1	
129307074	0,028953	4	0,115812	1561301036968	0	1	1	
129307075	0,028953	1,339	0,03876806	1561301037060	0	1	0	
129307076	0,028952	0,039	0,00112912	1561301037528	1	1	-1	
129307077	0,028953	8,345	0,24161278	1561301038436	0	1	1	
129307078	0,028953	0,111	0,00321378	1561301038550	0	1	0	
129307079	0,028953	1,889	0,05469221	1561301038678	0	1	0	
129307080	0,028953	12,235	0,35423995	1561301038908	0	1	0	
129307081	0,028956	1,51	0,04372356	1561301039573	0	1	1	
129307082	0,028962	0,507	0,01468373	1561301039888	0	1	2	
129307083	0,028963	5,608	0,1624245	1561301039888	0	1	3	
129307084	0,028952	0,209	0,00605096	1561301040805	1	1	-1	
129307085	0,028951	0,039	0,00112908	1561301041739	1	1	-2	
129307086	0,028959	2,417	0,0699939	1561301043675	0	1	1	
129307087	0,028953	1,358	0,03931817	1561301043684	1	1	-1	
129307088	0,028962	0,517	0,01497335	1561301045054	0	1	1	
129307089	0,028962	0,931	0,02696362	1561301045054	0	1	0	
129307090	0,028953	0,039	0,00112916	1561301047966	1	1	-1	
129307091	0,028953	0,207	0,00599327	1561301048111	1	1	0	
129307092	0,028952	0,108	0,00312681	1561301048111	1	1	-1	
129307093	0,02895	0,214	0,0061953	1561301050651	1	1	-2	
129307094	0,028953	0,341	0,00987297	1561301051399	1	1	1	
129307095	0,028956	0,219	0,00634136	1561301052386	1	1	2	
129307096	0,028956	0,298	0,00862888	1561301052438	1	1	0	
129307097	0,028952	0,096	0,00277939	1561301052438	1	1	-1	
129307098	0,028951	0,123	0,00356097	1561301052438	1	1	-2	
129307099	0,028957	0,042	0,00121619	1561301054189	1	1	1	
129307100	0,028957	0,25	0,00723925	1561301054603	1	1	0	
129307101	0,028957	0,828	0,02397639	1561301054683	1	1	0	
129307102	0,028956	0,25	0,007239	1561301054683	1	1	-1	
129307103	0,028956	0,215	0,00622554	1561301054760	1	1	0	
129307104	0,028956	0,052	0,00150571	1561301054888	1	1	0	
129307105	0,028951	0,035	0,00101328	1561301054986	1	1	-1	
129307106	0,028951	0,261	0,00755621	1561301055074	1	1	0	
129307107	0,028951	0,221	0,00639817	1561301055177	1	1	0	
129307108	0,028951	0,516	0,01493871	1561301055293	1	1	0	
129307109	0,028958	4,037	0,11690344	1561301055518	1	1	1	
129307110	0,02895	0,201	0,00581895	1561301056771	1	1	-1	
129307111	0,028952	0,04	0,00115808	1561301058422	1	1	1	
129307112	0,028954	1,557	0,04508137	1561301058506	0	1	2	
129307113	0,02896	0,136	0,00393856	1561301058506	0	1	3	
129307114	0,028954	0,04	0,00115816	1561301058656	1	1	-1	
129307115	0,028955	0,095	0,00275072	1561301060184	1	1	1	
129307116	0,028955	11,561	0,33474875	1561301060207	1	1	0	
129307117	0,028954	1,517	0,04392321	1561301060207	1	1	-1	
129307118	0,028951	6,601	0,19110555	1561301060207	1	1	-2	
129307119	0,028955	1,619	0,04687814	1561301063203	1	1	1	
129307120	0,028959	0,839	0,0242966	1561301063203	0	1	2	
129307121	0,028957	0,221	0,00639949	1561301064161	1	1	-1	
129307122	0,028957	0,041	0,00118723	1561301064634	1	1	0	
129307123	0,028959	0,038	0,00110044	1561301064838	0	1	1	
129307124	0,028966	0,674	0,01952308	1561301066156	0	1	2	
129307125	0,028956	0,041	0,00118719	1561301068841	1	1	-1	
129307126	0,028962	0,517	0,01497335	1561301071115	0	1	1	
129307127	0,028953	0,05	0,00144765	1561301072202	1	1	-1	
129307128	0,028953	0,04	0,00115812	1561301073268	1	1	0	
129307129	0,028961	0,16	0,00463376	1561301076098	0	1	1	
129307130	0,028953	0,064	0,00185299	1561301076222	1	1	-1	
129307131	0,028951	0,967	0,02799561	1561301077495	1	1	-2	
129307132	0,028951	0,033	0,00095538	1561301077495	1	1	0	
129307133	0,028951	0,484	0,01401228	1561301077601	1	1	0	
129307134	0,02895	1,516	0,0438882	1561301077702	1	1	-1	
129307135	0,02895	0,039	0,00112905	1561301079281	1	1	0	
129307136	0,02896	0,933	0,02701968	1561301079973	0	1	1	
129307137	0,028952	0,042	0,00121598	1561301081789	1	1	-1	
129307138	0,028953	0,063	0,00182403	1561301082273	1	1	1	
129307139	0,028953	0,396	0,01146538	1561301082667	1	1	0	
129307140	0,028958	1,072	0,03104297	1561301082992	0	1	1	
129307141	0,028958	2,156	0,06243344	1561301082995	0	1	0	
129307142	0,028958	0,042	0,00121623	1561301083493	1	1	0	
129307143	0,028962	3,085	0,08934777	1561301087601	0	1	1	
129307144	0,028964	0,502	0,01453992	1561301087601	0	1	2	
129307145	0,028958	0,04	0,00115832	1561301087718	1	1	-1	
129307146	0,028964	1,68	0,04865952	1561301089514	0	1	1	
129307147	0,028965	0,321	0,00929776	1561301089514	0	1	2	
129307148	0,028966	0,517	0,01497542	1561301089514	0	1	3	
129307149	0,028967	1,284	0,03719362	1561301089514	0	1	4	
129307150	0,028954	2,298	0,06653629	1561301090706	1	1	-1	
129307151	0,028954	0,276	0,0079913	1561301090746	1	1	0	
129307152	0,028951	0,039	0,00112908	1561301093943	1	1	-1	
129307153	0,028951	8	0,231608	1561301095980	1	1	0	
129307154	0,02895	2,244	0,0649638	1561301096279	1	1	-1	
129307155	0,028949	0,517	0,01496663	1561301096279	1	1	-2	
129307156	0,028948	15,38	0,44522024	1561301096279	1	1	-3	
129307157	0,028948	1,958	0,05668018	1561301096310	1	1	0	
129307158	0,028948	469,329	13,58613589	1561301096353	1	1	0	
129307159	0,028948	12,621	0,3653527	1561301096556	1	1	0	
129307160	0,028948	1,377	0,03986139	1561301096730	1	1	0	
129307161	0,028948	16,725	0,4841553	1561301096754	1	1	0	
129307162	0,028948	1,243	0,03598236	1561301096890	1	1	0	
129307163	0,028948	12,235	0,35417878	1561301096917	1	1	0	
129307164	0,028948	5,219	0,15107961	1561301096929	1	1	0	
129307165	0,028956	0,15	0,0043434	1561301096992	0	1	1	
129307166	0,028948	2,47	0,07150156	1561301097008	1	1	-1	
129307167	0,028948	0,038	0,00110002	1561301097249	1	1	0	
129307168	0,028948	1,418	0,04104826	1561301097687	1	1	0	
129307169	0,028948	2,7	0,0781596	1561301097786	1	1	0	
129307170	0,028948	0,128	0,00370534	1561301098417	1	1	0	
129307171	0,028949	1,175	0,03401507	1561301100079	0	1	1	
129307172	0,028948	0,04	0,00115792	1561301100151	1	1	-1	
129307173	0,028948	0,069	0,00199741	1561301101228	1	1	0	
129307174	0,028948	2,517	0,07286211	1561301101298	1	1	0	
129307175	0,028948	0,069	0,00199741	1561301101320	1	1	0	
129307176	0,028948	0,271	0,0078449	1561301101332	1	1	0	
129307177	0,028948	9,454	0,27367439	1561301101517	1	1	0	
129307178	0,028948	4,43	0,12823964	1561301101622	1	1	0	
129307179	0,028948	0,565	0,01635562	1561301102363	1	1	0	
129307180	0,028948	0,893	0,02585056	1561301102554	1	1	0	
129307181	0,028948	0,401	0,01160814	1561301102663	1	1	0	
129307182	0,028948	0,248	0,0071791	1561301102864	1	1	0	
129307183	0,028948	9,579	0,27729289	1561301102918	1	1	0	
129307184	0,028948	0,103	0,00298164	1561301103074	1	1	0	
129307185	0,028948	9,599	0,27787185	1561301103097	1	1	0	
129307186	0,028949	0,439	0,01270861	1561301103310	0	1	1	
129307187	0,028948	0,04	0,00115792	1561301104371	1	1	-1	
129307188	0,028948	0,831	0,02405578	1561301107203	1	1	0	
129307189	0,028949	0,421	0,01218752	1561301107401	0	1	1	
129307190	0,028948	0,04	0,00115792	1561301108590	1	1	-1	
129307191	0,02895	0,052	0,0015054	1561301108809	0	1	1	
129307192	0,028952	1,135	0,03286052	1561301108809	0	1	2	
129307193	0,028952	2,865	0,08294748	1561301108909	0	1	0	
129307194	0,02895	0,621	0,01797795	1561301111827	0	1	-1	
129307195	0,028952	0,143	0,00414013	1561301111827	0	1	1	
129307196	0,028952	0,2	0,0057904	1561301111856	0	1	0	
129307197	0,02895	0,039	0,00112905	1561301112812	1	1	-1	
129307198	0,028951	0,039	0,00112908	1561301114824	0	1	1	
129307199	0,028949	0,284	0,00822151	1561301116123	1	1	-1	
129307200	0,028951	1,178	0,03410427	1561301116125	0	1	1	
129307201	0,028951	1,479	0,04281852	1561301118903	1	1	0	
129307202	0,028949	1,697	0,04912645	1561301118910	1	1	-1	
129307203	0,028953	1,5	0,0434295	1561301119026	0	1	1	
129307204	0,028949	0,042	0,00121585	1561301119028	1	1	-1	
129307205	0,028956	4	0,115824	1561301119230	0	1	1	
129307206	0,02896	0,04	0,0011584	1561301119670	0	1	2	
129307207	0,02896	0,071	0,00205616	1561301120061	0	1	0	
129307208	0,028951	0,2	0,0057902	1561301121052	1	1	-1	
129307209	0,028957	0,367	0,01062721	1561301122691	1	1	1	
129307210	0,02896	0,287	0,00831152	1561301123140	0	1	2	
129307211	0,028953	0,04	0,00115812	1561301123246	1	1	-1	
129307212	0,02896	16,282	0,47152672	1561301123768	0	1	1	
129307213	0,028961	1,726	0,04998668	1561301123768	0	1	2	
129307214	0,028962	7,999	0,23166703	1561301123768	0	1	3	
129307215	0,028957	0,106	0,00306944	1561301125990	1	1	-1	
129307216	0,028958	0,614	0,01778021	1561301126781	1	1	1	
129307217	0,028956	0,039	0,00112928	1561301127458	1	1	-1	
129307218	0,028966	0,128	0,00370764	1561301127671	0	1	1	
129307219	0,028967	0,673	0,01949479	1561301127870	0	1	2	
129307220	0,028967	0,068	0,00196975	1561301128094	0	1	0	
129307221	0,028967	0,068	0,00196975	1561301128306	0	1	0	
129307222	0,028958	0,135	0,00390933	1561301128410	1	1	-1	
129307223	0,028966	1,483	0,04295657	1561301129125	0	1	1	
129307224	0,028959	0,506	0,01465325	1561301130074	1	1	-1	
129307225	0,028959	0,113	0,00327236	1561301130185	1	1	0	
129307226	0,028958	1,044	0,03023215	1561301130646	1	1	-1	
129307227	0,028965	2,862	0,08289783	1561301130647	0	1	1	
129307228	0,028967	1,791	0,05187989	1561301131112	0	1	2	
129307229	0,028967	1,054	0,03053121	1561301131167	1	1	0	
129307230	0,028956	0,422	0,01221943	1561301131349	1	1	-1	
129307231	0,028956	0,041	0,00118719	1561301131690	1	1	0	
129307232	0,028965	0,039	0,00112963	1561301132185	0	1	1	
129307233	0,028959	1,271	0,03680688	1561301135050	1	1	-1	
129307234	0,028959	0,959	0,02777168	1561301136041	1	1	0	
129307235	0,028964	0,277	0,00802302	1561301136180	0	1	1	
129307236	0,028964	2,2	0,0637208	1561301136555	0	1	0	
129307237	0,028965	2,793	0,08089924	1561301136555	0	1	1	
129307238	0,028968	0,69	0,01998792	1561301136555	0	1	2	
129307239	0,028968	0,274	0,00793723	1561301136645	1	1	0	
129307240	0,028958	0,039	0,00112936	1561301137896	1	1	-1	
129307241	0,028959	1,401	0,04057155	1561301138772	1	1	1	
129307242	0,028958	0,689	0,01995206	1561301138966	1	1	-1	
129307243	0,028957	0,169	0,00489373	1561301139150	1	1	-2	
129307244	0,028957	0,52	0,01505764	1561301139360	1	1	0	
129307245	0,028966	0,427	0,01236848	1561301139405	0	1	1	
129307246	0,028958	1,536	0,04447948	1561301139462	1	1	-1	
129307247	0,028958	0,169	0,0048939	1561301139583	1	1	0	
129307248	0,028958	0,683	0,01977831	1561301139683	1	1	0	
129307249	0,028958	0,001	0,00002895	1561301139687	1	1	0	
129307250	0,028957	0,001	0,00002895	1561301139687	1	1	-1	
129307251	0,028956	1,39	0,04024884	1561301139687	1	1	-2	
129307252	0,028957	0,051	0,0014768	1561301139772	1	1	1	
129307253	0,028957	0,69	0,01998033	1561301140950	1	1	0	
129307254	0,028957	2,01	0,05820357	1561301140950	1	1	0	
129307255	0,028967	0,089	0,00257806	1561301142448	0	1	1	
129307256	0,028967	1,084	0,03140022	1561301142448	0	1	0	
129307257	0,028967	1,207	0,03496316	1561301142454	0	1	0	
129307258	0,028967	0,522	0,01512077	1561301142542	1	1	0	
129307259	0,028967	0,65	0,01882855	1561301142910	1	1	0	
129307260	0,028956	0,042	0,00121615	1561301144127	1	1	-1	
129307261	0,028962	1,534	0,0444277	1561301147618	0	1	1	
129307262	0,028959	0,599	0,01734644	1561301148339	0	1	-1	
129307263	0,028959	0,207	0,00599451	1561301148340	0	1	0	
129307264	0,028959	0,042	0,00121627	1561301150339	1	1	0	
129307265	0,028959	3,072	0,08896204	1561301151745	0	1	0	
129307266	0,028958	0,71	0,02056018	1561301153142	1	1	-1	
129307267	0,028957	0,421	0,01219089	1561301153440	1	1	-2	
129307268	0,028957	0,137	0,0039671	1561301153664	1	1	0	
129307269	0,028957	0,368	0,01065617	1561301154171	1	1	0	
129307270	0,028956	0,066	0,00191109	1561301154347	1	1	-1	
129307271	0,028957	0,041	0,00118723	1561301156558	1	1	1	
129307272	0,028957	1,38	0,03996066	1561301156845	0	1	0	
129307273	0,028958	0,945	0,02736531	1561301156850	0	1	1	
129307274	0,028958	0,035	0,00101353	1561301157241	1	1	0	
129307275	0,02896	0,324	0,00938304	1561301158171	0	1	1	
129307276	0,028959	0,586	0,01696997	1561301158916	0	1	-1	
129307277	0,02896	0,155	0,0044888	1561301159909	0	1	1	
129307278	0,028963	2,004	0,05804185	1561301160064	1	1	2	
129307279	0,028968	0,159	0,00460591	1561301160929	0	1	3	
129307280	0,028968	0,103	0,0029837	1561301160954	0	1	0	
129307281	0,028968	0,165	0,00477972	1561301161273	0	1	0	
129307282	0,028969	0,126	0,00365009	1561301162216	0	1	1	
129307283	0,028969	0,363	0,01051574	1561301162321	0	1	0	
129307284	0,028966	0,041	0,0011876	1561301162982	1	1	-1	
129307285	0,028967	0,045	0,00130351	1561301163350	1	1	1	
129307286	0,028967	0,225	0,00651757	1561301163438	1	1	0	
129307287	0,028966	0,649	0,01879893	1561301163563	1	1	-1	
129307288	0,028966	1,177	0,03409298	1561301163563	1	1	0	
129307289	0,028966	2,522	0,07305225	1561301167530	0	1	0	
129307290	0,028966	0,002	0,00005793	1561301169183	1	1	0	
129307291	0,028959	0,037	0,00107148	1561301169183	1	1	-1	
129307292	0,028958	0,574	0,01662189	1561301169578	1	1	-2	
129307293	0,028956	0,711	0,02058771	1561301169578	1	1	-3	
129307294	0,028956	1,327	0,03842461	1561301169706	1	1	0	
129307295	0,028966	0,15	0,0043449	1561301169738	0	1	1	
129307296	0,028956	0,001	0,00002895	1561301169738	1	1	-1	
129307297	0,028952	0,69	0,01997688	1561301169738	1	1	-2	
129307298	0,028951	0,266	0,00770096	1561301169738	1	1	-3	
129307299	0,028966	0,535	0,01549681	1561301169768	0	1	1	
129307300	0,028965	0,422	0,01222323	1561301169833	0	1	-1	
129307301	0,028962	0,068	0,00196941	1561301170257	0	1	-2	
129307302	0,028963	0,068	0,00196948	1561301170450	0	1	1	
129307303	0,028963	0,068	0,00196948	1561301170657	0	1	0	
129307304	0,028957	0,126	0,00364858	1561301172029	1	1	-1	
129307305	0,028958	0,199	0,00576264	1561301172228	1	1	1	
129307306	0,028962	0,444	0,01285912	1561301172318	0	1	2	
129307307	0,028958	2,251	0,06518445	1561301172350	1	1	-1	
129307308	0,028957	2,9	0,0839753	1561301172456	1	1	-2	
129307309	0,028957	0,041	0,00118723	1561301173402	1	1	0	
129307310	0,028967	0,163	0,00472162	1561301173414	0	1	1	
129307311	0,028962	0,575	0,01665315	1561301175858	1	1	-1	
129307312	0,028966	2,012	0,05827959	1561301175866	0	1	1	
129307313	0,028958	0,05	0,0014479	1561301178298	1	1	-1	
129307314	0,028958	1,46	0,04227868	1561301178324	1	1	0	
129307315	0,028957	0,959	0,02776976	1561301179468	1	1	-1	
129307316	0,028956	0,69	0,01997964	1561301179468	1	1	-2	
129307317	0,028951	1,046	0,03028274	1561301179468	1	1	-3	
129307318	0,028949	0,297	0,00859785	1561301179468	1	1	-4	
129307319	0,02895	0,041	0,00118695	1561301179626	1	1	1	
129307320	0,02895	0,649	0,01878855	1561301181472	1	1	0	
129307321	0,028962	0,065	0,00188253	1561301181674	0	1	1	
129307322	0,028959	0,382	0,01106233	1561301182941	0	1	-1	
129307323	0,02895	0,107	0,00309765	1561301183341	1	1	-2	
129307324	0,02895	0,042	0,0012159	1561301183849	1	1	0	
129307325	0,028959	2,501	0,07242645	1561301184768	0	1	1	
129307326	0,02896	0,623	0,01804208	1561301184768	0	1	2	
129307327	0,028962	1,163	0,0336828	1561301184768	0	1	3	
129307328	0,028966	0,204	0,00590906	1561301184768	0	1	4	
129307329	0,028967	0,712	0,0206245	1561301184768	0	1	5	
129307330	0,028951	0,167	0,00483481	1561301185802	1	1	-1	
129307331	0,028957	1,771	0,05128284	1561301186520	0	1	1	
129307332	0,028956	1,429	0,04137812	1561301186661	0	1	-1	
129307333	0,02896	0,255	0,0073848	1561301187077	0	1	1	
129307334	0,028959	0,001	0,00002895	1561301188068	1	1	-1	
129307335	0,028951	0,038	0,00110013	1561301188068	1	1	-2	
129307336	0,028951	1	0,028951	1561301188079	1	1	0	
129307337	0,02896	0,216	0,00625536	1561301188405	0	1	1	
129307338	0,028958	0,715	0,02070497	1561301189994	0	1	-1	
129307339	0,028959	0,045	0,00130315	1561301189994	0	1	1	
129307340	0,028952	0,105	0,00303996	1561301190298	1	1	-1	
129307341	0,028951	6,962	0,20155686	1561301190827	1	1	-2	
129307342	0,028949	0,69	0,01997481	1561301190923	1	1	-3	
129307343	0,028948	0,233	0,00674488	1561301191065	1	1	-4	
129307344	0,028948	0,039	0,00112897	1561301192287	1	1	0	
129307345	0,028954	2,322	0,06723118	1561301193419	0	1	1	
129307346	0,028948	3,02	0,08742296	1561301193434	1	1	-1	
129307347	0,028948	0,128	0,00370534	1561301194088	1	1	0	
129307348	0,028951	0,357	0,0103355	1561301194527	0	1	1	
129307349	0,028948	0,085	0,00246058	1561301194608	1	1	-1	
129307350	0,028948	0,643	0,01861356	1561301194633	1	1	0	
129307351	0,028948	1,137	0,03291387	1561301194722	1	1	0	
129307352	0,028948	2,709	0,07842013	1561301194722	1	1	0	
129307353	0,028951	0,227	0,00657187	1561301195050	0	1	1	
129307354	0,028948	1,078	0,03120594	1561301195461	1	1	-1	
129307355	0,028951	2,321	0,06719527	1561301195543	0	1	1	
129307356	0,028948	86,46	2,50284408	1561301196497	1	1	-1	
129307357	0,028948	36	1,042128	1561301196514	1	1	0	
129307358	0,028948	2,636	0,07630692	1561301196612	1	1	0	
129307359	0,028948	3,744	0,10838131	1561301196994	1	1	0	
129307360	0,028948	16,413	0,47512352	1561301197000	1	1	0	
129307361	0,028948	0,169	0,00489221	1561301197465	1	1	0	
129307362	0,028948	0,169	0,00489221	1561301197580	1	1	0	
129307363	0,028948	0,169	0,00489221	1561301197792	1	1	0	
129307364	0,028948	10,36	0,29990128	1561301197920	1	1	0	
129307365	0,028949	1,784	0,05164501	1561301198102	0	1	1	
129307366	0,028948	0,09	0,00260532	1561301198106	1	1	-1	
129307367	0,028948	0,7	0,0202636	1561301198295	1	1	0	
129307368	0,028948	2,218	0,06420666	1561301198527	1	1	0	
129307369	0,028948	2	0,057896	1561301199050	1	1	0	
129307370	0,028948	8,45	0,2446106	1561301199074	1	1	0	
129307371	0,028948	5,768	0,16697206	1561301199467	1	1	0	
129307372	0,028948	0,959	0,02776113	1561301199559	1	1	0	
129307373	0,028948	5,74	0,16616152	1561301199678	1	1	0	
129307374	0,028948	2,912	0,08429657	1561301199793	1	1	0	
129307375	0,028948	5,566	0,16112456	1561301199901	1	1	0	
129307376	0,028948	159	4,602732	1561301199904	1	1	0	
129307377	0,028948	288	8,337024	1561301199917	1	1	0	
129307378	0,028948	74	2,142152	1561301199935	1	1	0	
129307379	0,028948	45	1,30266	1561301199941	1	1	0	
129307380	0,028948	5,566	0,16112456	1561301200003	1	1	0	
129307381	0,028948	2,28	0,06600144	1561301200058	1	1	0	
129307382	0,028949	2,309	0,06684324	1561301201501	0	1	1	
129307383	0,028948	1,29	0,03734292	1561301201877	1	1	-1	
129307384	0,028948	0,959	0,02776113	1561301201989	1	1	0	
129307385	0,028948	0,367	0,01062391	1561301202089	1	1	0	
129307386	0,028948	2,057	0,05954603	1561301202175	1	1	0	
129307387	0,028948	0,959	0,02776113	1561301202510	1	1	0	
129307388	0,028948	0,039	0,00112897	1561301202728	1	1	0	
129307389	0,028948	0,631	0,01826618	1561301203426	1	1	0	
129307390	0,028948	5,263	0,15235332	1561301203783	1	1	0	
129307391	0,028948	2,758	0,07983858	1561301204079	1	1	0	
129307392	0,02895	0,877	0,02538915	1561301204807	0	1	1	
129307393	0,028951	0,822	0,02379772	1561301204807	0	1	2	
129307394	0,028948	1,948	0,0563907	1561301206810	1	1	-1	
129307395	0,028948	0,039	0,00112897	1561301206942	1	1	0	
129307396	0,028951	0,037	0,00107118	1561301207342	0	1	1	
129307397	0,028951	0,037	0,00107118	1561301207442	0	1	0	
129307398	0,028949	0,178	0,00515292	1561301207966	1	1	-1	
129307399	0,028948	2,311	0,06689882	1561301208413	1	1	-2	
129307400	0,02895	2,588	0,0749226	1561301209916	0	1	1	
129307401	0,028951	2,326	0,06734002	1561301212595	0	1	2	
129307402	0,028951	0,778	0,02252387	1561301212911	0	1	0	
129307403	0,028951	0,039	0,00112908	1561301213159	1	1	0	
129307404	0,028954	0,05	0,0014477	1561301214439	1	1	1	
129307405	0,028955	2,555	0,07398002	1561301214522	0	1	2	
129307406	0,028954	0,056	0,00162142	1561301217166	1	1	-1	
129307407	0,028955	0,295	0,00854172	1561301218322	1	1	1	