29111745	0,013063	0,57	0,00744591	1561299539629	0	1	0	
29111746	0,013063	10	0,13063	1561299539629	0	1	0	
29111747	0,013063	0,33	0,00431079	1561299539787	1	1	0	
29111748	0,013063	0,22	0,00287386	1561299539919	1	1	0	
29111749	0,013063	0,66	0,00862158	1561299540728	1	1	0	
29111750	0,013063	3,31	0,04323853	1561299541354	1	1	0	
29111751	0,013063	3,89	0,05081507	1561299542308	1	1	0	
29111752	0,013063	3,31	0,04323853	1561299542434	1	1	0	
29111753	0,013063	1,88	0,02455844	1561299542700	1	1	0	
29111754	0,013063	0,68	0,00888284	1561299542716	1	1	0	
29111755	0,013063	7,36	0,09614368	1561299542930	1	1	0	
29111756	0,013063	2,12	0,02769356	1561299542946	1	1	0	
29111757	0,013063	2,12	0,02769356	1561299542969	1	1	0	
29111758	0,013065	0,16	0,0020904	1561299543730	0	1	1	
29111759	0,013063	0,14	0,00182882	1561299543961	1	1	-1	
29111760	0,013064	3,28	0,04284992	1561299545914	1	1	1	
29111761	0,013063	13,27	0,17334601	1561299547699	1	1	-1	
29111762	0,013063	23,62	0,30854806	1561299547828	1	1	0	
29111763	0,01306	0,15	0,001959	1561299551099	0	1	-1	
29111764	0,01306	1,84	0,0240304	1561299553512	0	1	0	
29111765	0,013061	0,78	0,01018758	1561299553512	0	1	1	
29111766	0,013061	1,84	0,02403224	1561299553787	0	1	0	
29111767	0,013061	0,66	0,00862026	1561299553787	0	1	0	
29111768	0,013063	6	0,078378	1561299555591	0	1	1	
29111769	0,01306	1,84	0,0240304	1561299556686	1	1	-1	
29111770	0,013058	0,15	0,0019587	1561299556686	1	1	-2	
29111771	0,013056	1,32	0,01723392	1561299556776	0	1	-3	
29111772	0,01306	0,15	0,001959	1561299558825	0	1	1	
29111773	0,01306	0,23	0,0030038	1561299558825	0	1	0	
29111774	0,01306	2,07	0,0270342	1561299559967	0	1	0	
29111775	0,013061	0,67	0,00875087	1561299559968	0	1	1	
29111776	0,013063	0,38	0,00496394	1561299559979	0	1	2	
29111777	0,013064	2,5	0,03266	1561299559992	0	1	3	
29111778	0,013064	2,5	0,03266	1561299559993	0	1	0	
29111779	0,013064	5	0,06532	1561299559999	0	1	0	
29111780	0,013063	2,5	0,0326575	1561299560022	0	1	-1	
29111781	0,013062	2,17	0,02834454	1561299560123	0	1	-2	
29111782	0,013068	5	0,06534	1561299563777	0	1	1	
29111783	0,013067	3,26	0,04259842	1561299566605	0	1	-1	
29111784	0,013063	0,43	0,00561709	1561299568791	0	1	-2	
29111785	0,013063	1,62	0,02116206	1561299569282	0	1	0	
29111786	0,013069	0,1	0,0013069	1561299570843	0	1	1	
29111787	0,013065	0,15	0,00195975	1561299571657	1	1	-1	
29111788	0,013064	7,65	0,0999396	1561299571657	1	1	-2	
29111789	0,013063	3,04	0,03971152	1561299571657	1	1	-3	
29111790	0,013061	1	0,013061	1561299571657	1	1	-4	
29111791	0,013058	11,06	0,14442148	1561299571657	1	1	-5	
29111792	0,013057	15,31	0,19990267	1561299571657	1	1	-6	
29111793	0,013055	5,3	0,0691915	1561299571657	1	1	-7	
29111794	0,013055	6,49	0,08472695	1561299571657	1	1	0	
29111795	0,013066	0,15	0,0019599	1561299572263	0	1	1	
29111796	0,013067	0,56	0,00731752	1561299572263	0	1	2	
29111797	0,013067	2,02	0,02639534	1561299572293	0	1	0	
29111798	0,013069	2,04	0,02666076	1561299574384	0	1	1	
29111799	0,013063	2,38	0,03108994	1561299574854	0	1	-1	
29111800	0,013069	0,14	0,00182966	1561299581836	0	1	1	
29111801	0,013069	7,65	0,09997785	1561299581861	0	1	0	
29111802	0,013069	0,14	0,00182966	1561299587698	0	1	0	
29111803	0,013069	1,35	0,01764315	1561299587722	0	1	0	
29111804	0,013069	1,35	0,01764315	1561299587751	0	1	0	
29111805	0,013069	0,9	0,0117621	1561299587781	0	1	0	
29111806	0,013069	8,47	0,11069443	1561299588868	0	1	0	
29111807	0,01307	1	0,01307	1561299591099	0	1	1	
29111808	0,013073	0,15	0,00196095	1561299594273	1	1	2	
29111809	0,013072	0,61	0,00797392	1561299594273	1	1	-1	
29111810	0,013071	8,56	0,11188776	1561299594273	1	1	-2	
29111811	0,013068	0,29	0,00378972	1561299594273	1	1	-3	
29111812	0,013068	1,35	0,0176418	1561299594273	1	1	0	
29111813	0,013067	14,98	0,19574366	1561299594273	1	1	-1	
29111814	0,013066	10	0,13066	1561299594273	1	1	-2	
29111815	0,013063	2,05	0,02677915	1561299594273	1	1	-3	
29111816	0,013062	9,05	0,1182111	1561299594273	1	1	-4	
29111817	0,013071	0,15	0,00196065	1561299601806	0	1	1	
29111818	0,013071	2,02	0,02640342	1561299602883	0	1	0	
29111819	0,013071	3,13	0,04091223	1561299602889	0	1	0	
29111820	0,013072	2,02	0,02640544	1561299602915	0	1	1	
29111821	0,013072	0,15	0,0019608	1561299605819	1	1	0	
29111822	0,013076	0,15	0,0019614	1561299606622	0	1	1	
29111823	0,013076	2,66	0,03478216	1561299606622	0	1	0	
29111824	0,013073	0,15	0,00196095	1561299606803	1	1	-1	
29111825	0,013072	0,15	0,0019608	1561299607184	1	1	-2	
29111826	0,013071	2,02	0,02640342	1561299607184	1	1	-3	
29111827	0,013071	0,1	0,0013071	1561299613828	0	1	0	
29111828	0,013066	0,7	0,0091462	1561299613867	0	1	-1	
29111829	0,013064	0,15	0,0019596	1561299614094	1	1	-2	
29111830	0,013064	0,52	0,00679328	1561299614094	1	1	0	
29111831	0,013062	0,62	0,00809844	1561299614094	1	1	-1	
29111832	0,013069	0,35	0,00457415	1561299614243	0	1	1	
29111833	0,013071	2,87	0,03751377	1561299621881	0	1	2	
29111834	0,013076	4,03	0,05269628	1561299623756	0	1	3	
29111835	0,013079	0,19	0,00248501	1561299628331	0	1	4	
29111836	0,013078	0,15	0,0019617	1561299632817	1	1	-1	
29111837	0,013078	0,15	0,0019617	1561299636104	1	1	0	
29111838	0,013077	0,08	0,00104616	1561299636104	1	1	-1	
29111839	0,013077	2,72	0,03556944	1561299638158	1	1	0	
29111840	0,013077	1,06	0,01386162	1561299638158	1	1	0	
29111841	0,013075	0,08	0,001046	1561299640841	1	1	-1	
29111842	0,013074	0,14	0,00183036	1561299644285	1	1	-2	
29111843	0,013074	2,71	0,03543054	1561299644306	1	1	0	
29111844	0,013073	0,15	0,00196095	1561299646819	0	1	-1	
29111845	0,013072	4,48	0,05856256	1561299651567	0	1	-2	
29111846	0,013071	0,15	0,00196065	1561299651618	1	1	-3	
29111847	0,013067	0,15	0,00196005	1561299651921	1	1	-4	
29111848	0,013071	0,15	0,00196065	1561299652582	0	1	1	
29111849	0,013072	2,25	0,029412	1561299652582	0	1	2	
29111850	0,013069	0,15	0,00196035	1561299652778	1	1	-1	
29111851	0,013068	10	0,13068	1561299652870	1	1	-2	
29111852	0,013065	3,52	0,0459888	1561299659456	1	1	-3	
29111853	0,013064	2,67	0,03488088	1561299669569	0	1	-4	
29111854	0,013065	0,3	0,0039195	1561299674882	0	1	1	
29111855	0,013064	1,23	0,01606872	1561299675896	0	1	-1	
29111856	0,013065	0,15	0,00195975	1561299677087	0	1	1	
29111857	0,013068	3,09	0,04038012	1561299677284	0	1	2	
29111858	0,013066	0,98	0,01280468	1561299685357	1	1	-1	
29111859	0,013066	0,78	0,01019148	1561299685811	1	1	0	
29111860	0,013065	0,15	0,00195975	1561299685899	1	1	-1	
29111861	0,013063	3,09	0,04036467	1561299687221	1	1	-2	
29111862	0,013062	0,15	0,0019593	1561299689807	1	1	-3	
29111863	0,01306	0,15	0,001959	1561299690750	1	1	-4	
29111864	0,013059	3,17	0,04139703	1561299690750	1	1	-5	
29111865	0,013059	5,93	0,07743987	1561299690869	1	1	0	
29111866	0,013059	0,45	0,00587655	1561299690869	1	1	0	
29111867	0,013056	0,09	0,00117504	1561299694809	1	1	-1	
29111868	0,013055	0,14	0,0018277	1561299695045	0	1	-2	
29111869	0,013055	0,01	0,00013055	1561299695376	0	1	0	
29111870	0,013055	0,14	0,0018277	1561299695478	0	1	0	
29111871	0,013055	0,16	0,0020888	1561299695510	0	1	0	
29111872	0,013057	0,93	0,01214301	1561299696974	0	1	1	
29111873	0,013059	3,06	0,03996054	1561299701802	1	1	2	
29111874	0,01306	0,59	0,0077054	1561299701802	0	1	3	
29111875	0,013062	0,1	0,0013062	1561299715700	0	1	4	
29111876	0,013065	3,35	0,04376775	1561299715700	0	1	5	
29111877	0,013065	0,55	0,00718575	1561299715700	0	1	0	
29111878	0,013063	4,08	0,05329704	1561299716274	1	1	-1	
29111879	0,013061	0,15	0,00195915	1561299717916	1	1	-2	
29111880	0,01306	2,65	0,034609	1561299718818	1	1	-3	
29111881	0,013058	1,91	0,02494078	1561299723523	0	1	-4	
29111882	0,013057	0,15	0,00195855	1561299726338	1	1	-5	
29111883	0,013056	0,15	0,0019584	1561299728736	0	1	-6	
29111884	0,013057	3,2	0,0417824	1561299728817	0	1	1	
29111885	0,013057	9,53	0,12443321	1561299728912	0	1	0	
29111886	0,01306	0,15	0,001959	1561299730528	0	1	1	
29111887	0,013061	0,56	0,00731416	1561299731064	0	1	2	
29111888	0,013061	0,44	0,00574684	1561299732832	0	1	0	
29111889	0,013063	0,96	0,01254048	1561299734046	0	1	1	
29111890	0,013063	0,08	0,00104504	1561299740359	1	1	0	
29111891	0,013063	2,11	0,02756293	1561299740385	1	1	0	
29111892	0,013064	0,14	0,00182896	1561299747866	0	1	1	
29111893	0,013064	5,13	0,06701832	1561299747908	0	1	0	
29111894	0,013064	2,52	0,03292128	1561299747908	0	1	0	
29111895	0,013064	0,61	0,00796904	1561299749271	0	1	0	
29111896	0,013064	2,14	0,02795696	1561299749439	0	1	0	
29111897	0,013066	0,11	0,00143726	1561299755138	0	1	1	
29111898	0,013066	3,2	0,0418112	1561299755846	0	1	0	
29111899	0,013064	1,2	0,0156768	1561299757629	1	1	-1	
29111900	0,013063	1,5	0,0195945	1561299762693	0	1	-2	
29111901	0,013065	0,22	0,0028743	1561299762693	0	1	1	
29111902	0,013065	1,5	0,0195975	1561299765686	0	1	0	
29111903	0,013066	0,03	0,00039198	1561299765686	0	1	1	
29111904	0,013066	3,11	0,04063526	1561299765889	0	1	0	
29111905	0,013062	2,26	0,02952012	1561299773129	0	1	-1	
29111906	0,013065	0,79	0,01032135	1561299773135	0	1	1	
29111907	0,013066	0,18	0,00235188	1561299776840	0	1	2	
29111908	0,013066	1,57	0,02051362	1561299780245	0	1	0	
29111909	0,013066	2,33	0,03044378	1561299780518	0	1	0	
29111910	0,013064	0,7	0,0091448	1561299783500	1	1	-1	
29111911	0,013066	0,27	0,00352782	1561299783580	0	1	1	
29111912	0,013064	0,6	0,0078384	1561299783704	1	1	-1	
29111913	0,013065	0,08	0,0010452	1561299785579	0	1	1	
29111914	0,013063	0,12	0,00156756	1561299786762	1	1	-1	
29111915	0,013063	5,59	0,07302217	1561299786877	1	1	0	
29111916	0,013064	0,15	0,0019596	1561299789379	1	1	1	
29111917	0,013063	22,86	0,29862018	1561299789379	1	1	-1	
29111918	0,013065	0,64	0,0083616	1561299790814	0	1	1	
29111919	0,013066	3,13	0,04089658	1561299790814	0	1	2	
29111920	0,013064	0,15	0,0019596	1561299791184	1	1	-1	
29111921	0,013063	0,55	0,00718465	1561299791304	1	1	-2	
29111922	0,013063	2,88	0,03762144	1561299791601	1	1	0	
29111923	0,013063	3,38	0,04415294	1561299791921	1	1	0	
29111924	0,013063	7,65	0,09993195	1561299791950	1	1	0	
29111925	0,013063	3,3	0,0431079	1561299794148	1	1	0	
29111926	0,013063	0,15	0,00195945	1561299794286	1	1	0	
29111927	0,013062	0,09	0,00117558	1561299794459	1	1	-1	
29111928	0,013062	0,15	0,0019593	1561299802310	0	1	0	
29111929	0,013063	1,53	0,01998639	1561299802310	0	1	1	
29111930	0,013063	2,09	0,02730167	1561299802310	0	1	0	
29111931	0,013062	0,3	0,0039186	1561299805857	0	1	-1	
29111932	0,013062	1,02	0,01332324	1561299805857	0	1	0	
29111933	0,013062	3,46	0,04519452	1561299809197	0	1	0	
29111934	0,013063	0,22	0,00287386	1561299812982	0	1	1	
29111935	0,013068	2,84	0,03711312	1561299812982	0	1	2	
29111936	0,013064	0,64	0,00836096	1561299819966	1	1	-1	
29111937	0,013064	3,17	0,04141288	1561299819966	1	1	0	
29111938	0,013064	0,2	0,0026128	1561299820228	0	1	0	
29111939	0,013067	0,68	0,00888556	1561299823596	0	1	1	
29111940	0,013067	0,65	0,00849355	1561299824312	0	1	0	
29111941	0,013063	0,15	0,00195945	1561299826284	1	1	-1	
29111942	0,013063	3,13	0,04088719	1561299826284	1	1	0	
29111943	0,013062	0,03	0,00039186	1561299826284	1	1	-1	
29111944	0,013063	0,15	0,00195945	1561299826979	1	1	1	
29111945	0,013062	0,35	0,0045717	1561299827829	1	1	-1	
29111946	0,013062	3,13	0,04088406	1561299827829	1	1	0	
29111947	0,013059	0,15	0,00195885	1561299828827	0	1	-1	
29111948	0,01306	1,94	0,0253364	1561299828827	0	1	1	
29111949	0,013059	0,15	0,00195885	1561299828896	0	1	-1	
29111950	0,01306	1,09	0,0142354	1561299828896	0	1	1	
29111951	0,013066	0,15	0,0019599	1561299835839	1	1	2	
29111952	0,013065	3,2	0,041808	1561299837123	1	1	-1	
29111953	0,013065	9,02	0,1178463	1561299837147	1	1	0	
29111954	0,013065	2,5	0,0326625	1561299837166	1	1	0	
29111955	0,013065	0,76	0,0099294	1561299837171	1	1	0	
29111956	0,013063	1,64	0,02142332	1561299844600	0	1	-1	
29111957	0,013064	0,15	0,0019596	1561299845076	0	1	1	
29111958	0,013064	0,56	0,00731584	1561299845076	0	1	0	
29111959	0,013065	2,93	0,03828045	1561299853552	1	1	1	
29111960	0,013064	19,08	0,24926112	1561299855183	1	1	-1	
29111961	0,013065	0,71	0,00927615	1561299856521	0	1	1	
29111962	0,013064	0,14	0,00182896	1561299856939	0	1	-1	
29111963	0,013064	2,35	0,0307004	1561299858543	0	1	0	
29111964	0,013063	0,61	0,00796843	1561299860056	1	1	-1	
29111965	0,013063	0,46	0,00600898	1561299861883	1	1	0	
29111966	0,013063	2,12	0,02769356	1561299861883	1	1	0	
29111967	0,013063	0,72	0,00940536	1561299863823	0	1	0	
29111968	0,013064	1,92	0,02508288	1561299865231	1	1	1	
29111969	0,013064	0,63	0,00823032	1561299865425	1	1	0	
29111970	0,013063	0,14	0,00182882	1561299874142	0	1	-1	
29111971	0,013063	9,86	0,12880118	1561299875082	0	1	0	
29111972	0,013064	1,93	0,02521352	1561299875188	0	1	1	
29111973	0,013066	0,95	0,0124127	1561299875595	0	1	2	
29111974	0,013063	1,2	0,0156756	1561299875931	1	1	-1	
29111975	0,013062	0,15	0,0019593	1561299875931	1	1	-2	
29111976	0,013059	0,93	0,01214487	1561299875931	1	1	-3	
29111977	0,013065	0,15	0,00195975	1561299878552	0	1	1	
29111978	0,013065	1,03	0,01345695	1561299878552	0	1	0	
29111979	0,013065	0,14	0,0018291	1561299880948	0	1	0	
29111980	0,013063	0,15	0,00195945	1561299882351	1	1	-1	
29111981	0,013062	5,58	0,07288596	1561299882856	0	1	-2	
29111982	0,013064	0,15	0,0019596	1561299883589	0	1	1	
29111983	0,013065	0,29	0,00378885	1561299883693	0	1	2	
29111984	0,013065	0,68	0,0088842	1561299886199	0	1	0	
29111985	0,013063	0,99	0,01293237	1561299887232	1	1	-1	
29111986	0,013061	0,15	0,00195915	1561299887232	1	1	-2	
29111987	0,01306	7,35	0,095991	1561299887232	1	1	-3	
29111988	0,013063	0,66	0,00862158	1561299889825	0	1	1	
29111989	0,013063	0,71	0,00927473	1561299890353	0	1	0	
29111990	0,013062	5,35	0,0698817	1561299891892	0	1	-1	
29111991	0,013063	1,09	0,01423867	1561299891892	0	1	1	
29111992	0,013064	0,15	0,0019596	1561299893480	0	1	2	
29111993	0,013065	1,32	0,0172458	1561299895025	0	1	3	
29111994	0,013064	1,22	0,01593808	1561299905989	1	1	-1	
29111995	0,013066	1,31	0,01711646	1561299909976	0	1	1	
29111996	0,013066	0,38	0,00496508	1561299911122	1	1	0	
29111997	0,013066	0,71	0,00927686	1561299914253	0	1	0	
29111998	0,013066	0,46	0,00601036	1561299915626	0	1	0	
29111999	0,013065	1,54	0,0201201	1561299927158	0	1	-1	
29112000	0,013065	0,6	0,007839	1561299931927	0	1	0	
29112001	0,013065	0,14	0,0018291	1561299932007	0	1	0	
29112002	0,013065	0,56	0,0073164	1561299932834	0	1	0	
29112003	0,013065	0,29	0,00378885	1561299936322	0	1	0	
29112004	0,013064	13,28	0,17348992	1561299938111	1	1	-1	
29112005	0,013064	3,32	0,04337248	1561299938285	1	1	0	
29112006	0,013065	0,71	0,00927615	1561299941262	0	1	1	
29112007	0,013065	0,54	0,0070551	1561299941855	0	1	0	
29112008	0,013065	0,54	0,0070551	1561299941938	0	1	0	
29112009	0,013065	0,54	0,0070551	1561299941940	0	1	0	
29112010	0,013065	0,54	0,0070551	1561299941985	0	1	0	
29112011	0,013065	0,36	0,0047034	1561299942030	0	1	0	
29112012	0,013065	2,5	0,0326625	1561299942826	0	1	0	
29112013	0,013065	0,06	0,0007839	1561299942843	0	1	0	
29112014	0,013065	0,7	0,0091455	1561299942843	0	1	0	
29112015	0,013065	0,15	0,00195975	1561299943647	1	1	0	
29112016	0,013064	6,02	0,07864528	1561299943647	1	1	-1	
29112017	0,013069	0,15	0,00196035	1561299945966	0	1	1	
29112018	0,01307	0,29	0,0037903	1561299946057	0	1	2	
29112019	0,01307	0,41	0,0053587	1561299946057	0	1	0	
29112020	0,013071	1,92	0,02509632	1561299961114	1	1	1	
29112021	0,013071	1,44	0,01882224	1561299961135	1	1	0	
29112022	0,01307	2,95	0,0385565	1561299961960	1	1	-1	
29112023	0,01307	0,47	0,0061429	1561299968145	1	1	0	
29112024	0,013071	2,95	0,03855945	1561299968278	1	1	1	
29112025	0,013071	4,4	0,0575124	1561299968281	1	1	0	
29112026	0,013071	2,95	0,03855945	1561299968832	0	1	0	
29112027	0,013071	5,22	0,06823062	1561299968832	0	1	0	
29112028	0,013072	6,63	0,08666736	1561299969842	0	1	1	
29112029	0,013072	8,81	0,11516432	1561299969842	0	1	0	
29112030	0,013074	1,9	0,0248406	1561299970893	0	1	1	
29112031	0,013073	0,15	0,00196095	1561299972751	1	1	-1	
29112032	0,013071	10,69	0,13972899	1561299972825	0	1	-2	
29112033	0,013073	3,09	0,04039557	1561299977293	1	1	1	
29112034	0,013073	1,93	0,02523089	1561299977680	1	1	0	
29112035	0,013072	3,97	0,05189584	1561299977682	1	1	-1	
29112036	0,013074	0,14	0,00183036	1561299978016	0	1	1	
29112037	0,013072	3,32	0,04339904	1561299978472	1	1	-1	
29112038	0,013071	0,15	0,00196065	1561299979111	1	1	-2	
29112039	0,013071	3,17	0,04143507	1561299979111	1	1	0	
29112040	0,013071	0,15	0,00196065	1561299979828	1	1	0	
29112041	0,013074	0,01	0,00013074	1561299996009	0	1	1	
29112042	0,013075	0,73	0,00954475	1561299996137	1	1	2	
29112043	0,013075	23,75	0,31053125	1561299996161	1	1	0	
29112044	0,013075	2,51	0,03281825	1561299996163	1	1	0	
29112045	0,013075	1,67	0,02183525	1561299996192	1	1	0	
29112046	0,013075	3,32	0,043409	1561299996473	1	1	0	
29112047	0,013075	1,11	0,01451325	1561299996501	1	1	0	
29112048	0,013075	0,74	0,0096755	1561299996830	1	1	0	
29112049	0,013076	0,15	0,0019614	1561299996946	1	1	1	
29112050	0,013075	0,35	0,00457625	1561299996946	1	1	-1	
29112051	0,013075	0,45	0,00588375	1561299996998	1	1	0	
29112052	0,013075	0,3	0,0039225	1561299997219	1	1	0	
29112053	0,013075	0,2	0,002615	1561299997249	1	1	0	
29112054	0,013075	0,2	0,002615	1561299997274	1	1	0	
29112055	0,013075	4,13	0,05399975	1561299998510	1	1	0	
29112056	0,013076	2,51	0,03282076	1561299999720	1	1	1	
29112057	0,013076	0,24	0,00313824	1561300000085	1	1	0	
29112058	0,013076	0,74	0,00967624	1561300001819	1	1	0	
29112059	0,013076	0,73	0,00954548	1561300001840	1	1	0	
29112060	0,013077	4,09	0,05348493	1561300002237	0	1	1	
29112061	0,013076	2,72	0,03556672	1561300007443	1	1	-1	
29112062	0,013078	0,3	0,0039234	1561300008713	0	1	1	
29112063	0,01308	27,91	0,3650628	1561300009545	1	1	2	
29112064	0,013078	3,35	0,0438113	1561300010358	1	1	-1	
29112065	0,013079	2,06	0,02694274	1561300014351	1	1	1	
29112066	0,01308	0,09	0,0011772	1561300015434	0	1	2	
29112067	0,01308	2,61	0,0341388	1561300015434	0	1	0	
29112068	0,013078	0,29	0,00379262	1561300015813	1	1	-1	
29112069	0,013081	0,58	0,00758698	1561300017896	0	1	1	
29112070	0,013081	0,19	0,00248539	1561300017896	0	1	0	
29112071	0,01308	1,12	0,0146496	1561300020307	1	1	-1	
29112072	0,013081	1,48	0,01935988	1561300020514	0	1	1	
29112073	0,013087	0,15	0,00196305	1561300021727	0	1	2	
29112074	0,013088	0,85	0,0111248	1561300021727	0	1	3	
29112075	0,013082	0,15	0,0019623	1561300023138	1	1	-1	
29112076	0,013081	0,34	0,00444754	1561300024035	0	1	-2	
29112077	0,013086	0,15	0,0019629	1561300025916	0	1	1	
29112078	0,013087	1	0,013087	1561300025916	0	1	2	
29112079	0,013084	0,15	0,0019626	1561300027329	1	1	-1	
29112080	0,013083	1,31	0,01713873	1561300027329	1	1	-2	
29112081	0,013084	0,15	0,0019626	1561300028807	1	1	1	
29112082	0,013083	0,65	0,00850395	1561300029259	1	1	-1	
29112083	0,013083	0,33	0,00431739	1561300030637	1	1	0	
29112084	0,01308	0,98	0,0128184	1561300032093	1	1	-1	
29112085	0,01308	1,01	0,0132108	1561300033636	1	1	0	
29112086	0,013082	1,59	0,02080038	1561300034191	0	1	1	
29112087	0,013081	0,24	0,00313944	1561300034224	1	1	-1	
29112088	0,013081	0,15	0,00196215	1561300034514	1	1	0	
29112089	0,013082	2,89	0,03780698	1561300040085	0	1	1	
29112090	0,013081	10	0,13081	1561300041795	1	1	-1	
29112091	0,013081	7,05	0,09222105	1561300041795	1	1	0	
29112092	0,013081	1,98	0,02590038	1561300046284	1	1	0	
29112093	0,013082	3,19	0,04173158	1561300046284	0	1	1	
29112094	0,013082	2,82	0,03689124	1561300055285	0	1	0	
29112095	0,013083	0,65	0,00850395	1561300060744	0	1	1	
29112096	0,013081	0,15	0,00196215	1561300062743	1	1	-1	
29112097	0,013081	0,12	0,00156972	1561300063121	0	1	0	
29112098	0,013081	1,73	0,02263013	1561300071868	0	1	0	
29112099	0,013083	0,37	0,00484071	1561300071868	0	1	1	
29112100	0,013083	1,73	0,02263359	1561300073843	0	1	0	
29112101	0,013083	2,47	0,03231501	1561300076036	0	1	0	
29112102	0,013081	0,5	0,0065405	1561300077568	0	1	-1	
29112103	0,013084	0,14	0,00183176	1561300078501	0	1	1	
29112104	0,013083	1,32	0,01726956	1561300083832	0	1	-1	
29112105	0,013083	3,25	0,04251975	1561300084117	0	1	0	
29112106	0,013084	0,01	0,00013084	1561300089773	0	1	1	
29112107	0,013084	0,13	0,00170092	1561300089773	0	1	0	
29112108	0,013084	4,86	0,06358824	1561300089826	0	1	0	
29112109	0,013084	0,81	0,01059804	1561300091940	1	1	0	
29112110	0,013084	31,89	0,41724876	1561300093830	0	1	0	
29112111	0,013084	1,22	0,01596248	1561300095585	1	1	0	
29112112	0,013083	0,15	0,00196245	1561300097859	1	1	-1	
29112113	0,01308	2,23	0,0291684	1561300109553	1	1	-2	
29112114	0,01308	2,23	0,0291684	1561300109579	1	1	0	
29112115	0,01308	0,74	0,0096792	1561300109740	1	1	0	
29112116	0,01308	0,5	0,00654	1561300109769	1	1	0	
29112117	0,01308	0,33	0,0043164	1561300109796	1	1	0	
29112118	0,01308	0,28	0,0036624	1561300109890	1	1	0	
29112119	0,01308	13,09	0,1712172	1561300109928	1	1	0	
29112120	0,013079	0,22	0,00287738	1561300109966	1	1	-1	
29112121	0,013079	5,78	0,07559662	1561300110001	1	1	0	
29112122	0,013079	0,31	0,00405449	1561300110962	1	1	0	
29112123	0,013079	0,31	0,00405449	1561300110996	1	1	0	
29112124	0,013079	0,46	0,00601634	1561300111037	1	1	0	
29112125	0,013079	0,26	0,00340054	1561300111068	1	1	0	
29112126	0,013079	2,04	0,02668116	1561300111274	1	1	0	
29112127	0,013079	1,69	0,02210351	1561300112731	1	1	0	
29112128	0,013078	1,75	0,0228865	1561300112868	1	1	-1	
29112129	0,013078	0,08	0,00104624	1561300112868	1	1	0	
29112130	0,013075	0,14	0,0018305	1561300122367	1	1	-1	
29112131	0,013078	0,14	0,00183092	1561300124965	0	1	1	
29112132	0,013076	6,59	0,08617084	1561300126546	0	1	-1	
29112133	0,013077	2,8	0,0366156	1561300133453	0	1	1	
29112134	0,013075	4,65	0,06079875	1561300133528	1	1	-1	
29112135	0,013076	4,15	0,0542654	1561300143474	1	1	1	
29112136	0,013075	0,14	0,0018305	1561300146465	1	1	-1	
29112137	0,013076	3,41	0,04458916	1561300161526	1	1	1	
29112138	0,013075	37,52	0,490574	1561300164558	1	1	-1	
29112139	0,013076	1,8	0,0235368	1561300169198	1	1	1	
29112140	0,013076	2,56	0,03347456	1561300169225	1	1	0	
29112141	0,013075	3,29	0,04301675	1561300170720	1	1	-1	
29112142	0,013075	1,78	0,0232735	1561300172135	1	1	0	
29112143	0,013076	1,37	0,01791412	1561300174404	0	1	1	
29112144	0,013075	8,52	0,111399	1561300176207	1	1	-1	
29112145	0,013076	2,73	0,03569748	1561300179980	1	1	1	
29112146	0,013075	3,32	0,043409	1561300180819	1	1	-1	
29112147	0,013075	12,6	0,164745	1561300185156	1	1	0	
29112148	0,013075	39,79	0,52025425	1561300186337	1	1	0	
29112149	0,013075	1,74	0,0227505	1561300186833	1	1	0	
29112150	0,013075	0,1	0,0013075	1561300186833	1	1	0	
29112151	0,013075	0,14	0,0018305	1561300186833	1	1	0	
29112152	0,013069	0,15	0,00196035	1561300188853	0	1	-1	
29112153	0,013069	3,2	0,0418208	1561300189844	0	1	0	
29112154	0,013068	0,16	0,00209088	1561300195064	0	1	-1	
29112155	0,013068	2,77	0,03619836	1561300195850	0	1	0	
29112156	0,013067	2,12	0,02770204	1561300198371	0	1	-1	
29112157	0,013069	1,88	0,02456972	1561300198474	0	1	1	
29112158	0,013069	0,81	0,01058589	1561300198474	0	1	0	
29112159	0,013069	0,94	0,01228486	1561300198483	0	1	0	
29112160	0,013071	0,15	0,00196065	1561300200864	1	1	1	
29112161	0,013073	0,15	0,00196095	1561300204477	0	1	2	
29112162	0,013074	7,85	0,1026309	1561300206491	1	1	3	
29112163	0,013076	0,2	0,0026152	1561300206626	0	1	4	
29112164	0,013073	0,15	0,00196095	1561300208508	1	1	-1	
29112165	0,013073	0,14	0,00183022	1561300208508	1	1	0	
29112166	0,013075	0,15	0,00196125	1561300218117	0	1	1	
29112167	0,013072	3,18	0,04156896	1561300224163	0	1	-1	
29112168	0,013075	1,34	0,0175205	1561300224163	0	1	1	
29112169	0,013075	3,18	0,0415785	1561300225364	0	1	0	
29112170	0,013076	0,28	0,00366128	1561300225364	0	1	1	
29112171	0,013074	1,1	0,0143814	1561300232061	0	1	-1	
29112172	0,013075	0,14	0,0018305	1561300236591	0	1	1	
29112173	0,013073	6,05	0,07909165	1561300245671	1	1	-1	
29112174	0,013075	0,02	0,0002615	1561300252419	0	1	1	
29112175	0,013081	0,06	0,00078486	1561300252419	0	1	2	
29112176	0,013077	0,15	0,00196155	1561300260283	1	1	-1	
29112177	0,013077	2,33	0,03046941	1561300261183	1	1	0	
29112178	0,013076	3,3	0,0431508	1561300261183	1	1	-1	
29112179	0,013074	0,15	0,0019611	1561300261307	0	1	-2	
29112180	0,013075	0,5	0,0065375	1561300261796	0	1	1	
29112181	0,013075	0,77	0,01006775	1561300262540	0	1	0	
29112182	0,013075	0,52	0,006799	1561300262812	0	1	0	
29112183	0,013075	0,34	0,0044455	1561300263453	0	1	0	
29112184	0,013075	0,34	0,0044455	1561300263497	0	1	0	
29112185	0,013075	0,14	0,0018305	1561300265267	0	1	0	
29112186	0,013075	1,02	0,0133365	1561300268751	0	1	0	
29112187	0,013075	0,14	0,0018305	1561300271077	0	1	0	
29112188	0,013075	7,72	0,100939	1561300271839	0	1	0	
29112189	0,013075	13,85	0,18108875	1561300275049	0	1	0	
29112190	0,013075	6,02	0,0787115	1561300275072	0	1	0	
29112191	0,013082	5,18	0,06776476	1561300283055	0	1	1	
29112192	0,013082	0,5	0,006541	1561300289172	0	1	0	
29112193	0,013081	4,33	0,05664073	1561300291868	1	1	-1	
29112194	0,013081	2,15	0,02812415	1561300303609	0	1	0	
29112195	0,013081	1,13	0,01478153	1561300303609	0	1	0	
29112196	0,013081	2,15	0,02812415	1561300304211	1	1	0	
29112197	0,01308	0,15	0,001962	1561300305291	1	1	-1	
29112198	0,013079	0,15	0,00196185	1561300305776	0	1	-2	
29112199	0,013078	0,14	0,00183092	1561300308060	0	1	-3	
29112200	0,013078	0,89	0,01163942	1561300308069	0	1	0	
29112201	0,013078	0,6	0,0078468	1561300308878	0	1	0	
29112202	0,013078	0,51	0,00666978	1561300308936	0	1	0	
29112203	0,013081	1,24	0,01622044	1561300310373	0	1	1	
29112204	0,013081	1,24	0,01622044	1561300310584	0	1	0	
29112205	0,01308	4,32	0,0565056	1561300310625	1	1	-1	
29112206	0,013081	1,63	0,02132203	1561300310628	0	1	1	
29112207	0,013084	0,5	0,006542	1561300312707	0	1	2	
29112208	0,013084	11,46	0,14994264	1561300312956	0	1	0	
29112209	0,013084	2,5	0,03271	1561300313124	0	1	0	
29112210	0,013084	3,56	0,04657904	1561300313258	0	1	0	
29112211	0,013084	0,14	0,00183176	1561300314296	0	1	0	
29112212	0,013084	0,14	0,00183176	1561300314929	0	1	0	
29112213	0,013084	25,5	0,333642	1561300315110	0	1	0	
29112214	0,013085	3,08	0,0403018	1561300316495	0	1	1	
29112215	0,01309	0,14	0,0018326	1561300322407	0	1	2	
29112216	0,01309	0,1	0,001309	1561300325237	0	1	0	
29112217	0,013096	3,36	0,04400256	1561300327359	1	1	1	
29112218	0,013091	0,15	0,00196365	1561300329398	1	1	-1	
29112219	0,013091	0,15	0,00196365	1561300329802	1	1	0	
29112220	0,01309	2,3	0,030107	1561300329802	1	1	-1	
29112221	0,01309	2,4	0,031416	1561300329834	1	1	0	
29112222	0,013092	0,83	0,01086636	1561300330862	1	1	1	
29112223	0,013092	0,83	0,01086636	1561300330937	1	1	0	
29112224	0,013092	0,56	0,00733152	1561300330981	1	1	0	
29112225	0,013092	7,78	0,10185576	1561300331521	1	1	0	
29112226	0,013091	0,15	0,00196365	1561300332550	1	1	-1	
29112227	0,013093	2,14	0,02801902	1561300334878	0	1	1	
29112228	0,013092	2,67	0,03495564	1561300340436	1	1	-1	
29112229	0,013093	2,57	0,03364901	1561300349418	0	1	1	
29112230	0,013094	0,11	0,00144034	1561300353672	0	1	2	
29112231	0,013094	0,04	0,00052376	1561300355056	0	1	0	
29112232	0,013095	0,3	0,0039285	1561300355647	0	1	1	
29112233	0,013096	2,89	0,03784744	1561300355647	0	1	2	
29112234	0,013096	3,19	0,04177624	1561300355683	0	1	0	
29112235	0,013093	4,82	0,06310826	1561300359431	0	1	-1	
29112236	0,013095	1,2	0,015714	1561300359439	0	1	1	
29112237	0,013095	0,14	0,0018333	1561300360302	0	1	0	
29112238	0,013095	0,14	0,0018333	1561300361357	0	1	0	
29112239	0,013095	3,03	0,03967785	1561300362875	0	1	0	
29112240	0,013095	3,03	0,03967785	1561300362913	0	1	0	
29112241	0,013095	2,02	0,0264519	1561300362943	0	1	0	
29112242	0,013094	4,28	0,05604232	1561300366852	1	1	-1	
29112243	0,013093	0,15	0,00196395	1561300367370	1	1	-2	
29112244	0,013093	7,2	0,0942696	1561300368456	0	1	0	
29112245	0,013091	0,15	0,00196365	1561300371173	1	1	-1	
29112246	0,01309	0,23	0,0030107	1561300371812	1	1	-2	
29112247	0,013088	3,19	0,04175072	1561300374891	1	1	-3	
29112248	0,013088	3,19	0,04175072	1561300374960	1	1	0	
29112249	0,013088	3,62	0,04737856	1561300374983	1	1	0	
29112250	0,013088	3,47	0,04541536	1561300377745	0	1	0	
29112251	0,013087	0,15	0,00196305	1561300381808	1	1	-1	
29112252	0,013087	0,3	0,0039261	1561300381808	1	1	0	
29112253	0,013087	9,7	0,1269439	1561300381833	1	1	0	
29112254	0,013086	0,14	0,00183204	1561300383048	0	1	-1	
29112255	0,013085	0,99	0,01295415	1561300383356	0	1	-2	
29112256	0,013085	0,14	0,0018319	1561300384191	0	1	0	
29112257	0,013085	0,12	0,0015702	1561300384854	0	1	0	
29112258	0,013086	0,01	0,00013086	1561300386065	0	1	1	
29112259	0,01309	1,4	0,018326	1561300386148	0	1	2	
29112260	0,013088	1,51	0,01976288	1561300395175	0	1	-1	
29112261	0,013088	0,14	0,00183232	1561300395418	1	1	0	
29112262	0,013087	1,57	0,02054659	1561300395723	1	1	-1	
29112263	0,013087	8,04	0,10521948	1561300395753	1	1	0	
29112264	0,013088	0,14	0,00183232	1561300396421	1	1	1	
29112265	0,013088	9,86	0,12904768	1561300396524	1	1	0	
29112266	0,013089	0,18	0,00235602	1561300397299	0	1	1	
29112267	0,013087	4,41	0,05771367	1561300397797	1	1	-1	
29112268	0,013088	7,64	0,09999232	1561300399898	1	1	1	
29112269	0,013088	10	0,13088	1561300400529	1	1	0	
29112270	0,013087	2,09	0,02735183	1561300401736	1	1	-1	
29112271	0,013087	0,45	0,00588915	1561300401767	1	1	0	
29112272	0,013086	0,15	0,0019629	1561300401875	1	1	-1	
29112273	0,013081	0,15	0,00196215	1561300401889	1	1	-2	
29112274	0,013086	2,5	0,032715	1561300407851	1	1	1	
29112275	0,013085	2,08	0,0272168	1561300408472	0	1	-1	
29112276	0,013086	0,3	0,0039258	1561300408520	0	1	1	
29112277	0,013087	4,01	0,05247887	1561300408520	0	1	2	
29112278	0,013087	1,14	0,01491918	1561300408520	0	1	0	
29112279	0,013084	0,15	0,0019626	1561300414398	1	1	-1	
29112280	0,013084	0,06	0,00078504	1561300414398	1	1	0	
29112281	0,013086	2	0,026172	1561300419242	0	1	1	
29112282	0,013084	3,48	0,04553232	1561300419995	1	1	-1	
29112283	0,013086	2,33	0,03049038	1561300419999	0	1	1	
29112284	0,013083	0,11	0,00143913	1561300420011	1	1	-1	
29112285	0,013085	3,4	0,044489	1561300426439	0	1	1	
29112286	0,013084	0,15	0,0019626	1561300428731	1	1	-1	
29112287	0,013083	0,44	0,00575652	1561300428731	1	1	-2	
29112288	0,01308	8,03	0,1050324	1561300428731	1	1	-3	
29112289	0,013085	0,15	0,00196275	1561300428834	0	1	1	
29112290	0,013085	0,14	0,0018319	1561300428955	0	1	0	
29112291	0,013085	0,16	0,0020936	1561300429061	0	1	0	
29112292	0,013086	1,55	0,0202833	1561300430952	0	1	1	
29112293	0,013082	5,66	0,07404412	1561300436391	0	1	-1	
29112294	0,013085	2,75	0,03598375	1561300436403	0	1	1	
29112295	0,013085	3,95	0,05168575	1561300443213	0	1	0	
29112296	0,013085	1	0,013085	1561300453396	0	1	0	
29112297	0,013085	1,06	0,0138701	1561300453805	0	1	0	
29112298	0,013086	0,28	0,00366408	1561300457617	0	1	1	
29112299	0,013085	0,28	0,0036638	1561300464844	0	1	-1	
29112300	0,013085	2,33	0,03048805	1561300465350	0	1	0	
29112301	0,013085	0,62	0,0081127	1561300470497	0	1	0	
29112302	0,013084	2,36	0,03087824	1561300476403	0	1	-1	
29112303	0,013085	4,8	0,062808	1561300479570	0	1	1	
29112304	0,013085	0,14	0,0018319	1561300479776	0	1	0	
29112305	0,013083	0,15	0,00196245	1561300481181	1	1	-1	
29112306	0,01308	20,78	0,2718024	1561300481181	1	1	-2	
29112307	0,01308	2,97	0,0388476	1561300481181	1	1	0	
29112308	0,013079	0,15	0,00196185	1561300481862	0	1	-1	
29112309	0,01308	0,17	0,0022236	1561300481870	0	1	1	
29112310	0,013084	4,28	0,05599952	1561300482918	0	1	2	
29112311	0,013084	2,8	0,0366352	1561300482918	0	1	0	
29112312	0,013083	0,87	0,01138221	1561300483939	0	1	-1	
29112313	0,013082	1,87	0,02446334	1561300484867	0	1	-2	
29112314	0,013084	1,79	0,02342036	1561300485143	0	1	1	
29112315	0,013085	0,29	0,00379465	1561300494755	0	1	2	
29112316	0,013085	3,19	0,04174115	1561300499871	0	1	0	
29112317	0,013085	4,36	0,0570506	1561300499897	0	1	0	
29112318	0,013086	2,35	0,0307521	1561300504249	0	1	1	
29112319	0,013086	1,85	0,0242091	1561300504281	0	1	0	
29112320	0,013092	4,1	0,0536772	1561300507516	1	1	1	
29112321	0,01309	0,15	0,0019635	1561300509194	1	1	-1	
29112322	0,013089	0,94	0,01230366	1561300509194	1	1	-2	
29112323	0,013085	4,55	0,05953675	1561300509194	1	1	-3	
29112324	0,013089	0,14	0,00183246	1561300513895	0	1	1	
29112325	0,013089	0,7	0,0091623	1561300515005	0	1	0	
29112326	0,013087	3,07	0,04017709	1561300516217	1	1	-1	
29112327	0,013086	0,15	0,0019629	1561300516250	1	1	-2	
29112328	0,013084	0,58	0,00758872	1561300516250	1	1	-3	
29112329	0,013082	0,75	0,0098115	1561300516250	1	1	-4	
29112330	0,013081	15,28	0,19987768	1561300516250	1	1	-5	
29112331	0,01308	10	0,1308	1561300516250	1	1	-6	
29112332	0,013079	4,19	0,05480101	1561300516250	1	1	-7	
29112333	0,013078	22,91	0,29961698	1561300516250	1	1	-8	
29112334	0,013078	22,91	0,29961698	1561300516250	1	1	0	
29112335	0,013078	22,91	0,29961698	1561300516250	1	1	0	
29112336	0,013078	43,77	0,57242406	1561300516250	1	1	0	
29112337	0,013077	7,6	0,0993852	1561300516250	1	1	-1	
29112338	0,013077	30,57	0,39976389	1561300516250	1	1	0	
29112339	0,013077	28,83	0,37700991	1561300516250	1	1	0	
29112340	0,013077	7,6	0,0993852	1561300516250	1	1	0	
29112341	0,013077	7,6	0,0993852	1561300516250	1	1	0	
29112342	0,013077	7,6	0,0993852	1561300516250	1	1	0	
29112343	0,013077	7,6	0,0993852	1561300516250	1	1	0	
29112344	0,013077	5,28	0,06904656	1561300516250	1	1	0	
29112345	0,013076	22,91	0,29957116	1561300516250	1	1	-1	
29112346	0,013076	22,91	0,29957116	1561300516250	1	1	0	
29112347	0,013074	10,51	0,13740774	1561300516250	1	1	-1	
29112348	0,013073	6,95	0,09085735	1561300516250	1	1	-2	
29112349	0,013072	9	0,117648	1561300516250	1	1	-3	
29112350	0,013071	14,35	0,18756885	1561300516250	1	1	-4	
29112351	0,013071	8,08	0,10561368	1561300516250	1	1	0	
29112352	0,013071	14,35	0,18756885	1561300516250	1	1	0	
29112353	0,013071	8,08	0,10561368	1561300516250	1	1	0	
29112354	0,013071	14,35	0,18756885	1561300516250	1	1	0	
29112355	0,013071	8,08	0,10561368	1561300516250	1	1	0	
29112356	0,013071	14,35	0,18756885	1561300516250	1	1	0	
29112357	0,013071	8,08	0,10561368	1561300516250	1	1	0	
29112358	0,013071	14,35	0,18756885	1561300516250	1	1	0	
29112359	0,013071	8,08	0,10561368	1561300516250	1	1	0	
29112360	0,013071	8,15	0,10652865	1561300516250	1	1	0	
29112361	0,013071	8,08	0,10561368	1561300516250	1	1	0	
29112362	0,013071	7,52	0,09829392	1561300516250	1	1	0	
29112363	0,01307	7,65	0,0999855	1561300516250	1	1	-1	
29112364	0,01307	7,02	0,0917514	1561300516250	1	1	0	
29112365	0,01307	7,65	0,0999855	1561300516250	1	1	0	
29112366	0,01307	7,65	0,0999855	1561300516250	1	1	0	
29112367	0,01307	7,65	0,0999855	1561300516250	1	1	0	
29112368	0,01307	7,65	0,0999855	1561300516250	1	1	0	
29112369	0,01307	5,39	0,0704473	1561300516250	1	1	0	
29112370	0,013069	13,26	0,17329494	1561300516250	1	1	-1	
29112371	0,013069	13,26	0,17329494	1561300516250	1	1	0	
29112372	0,013069	13,26	0,17329494	1561300516250	1	1	0	
29112373	0,013069	13,26	0,17329494	1561300516250	1	1	0	
29112374	0,013069	13,26	0,17329494	1561300516250	1	1	0	
29112375	0,013069	7,03	0,09187507	1561300516250	1	1	0	
29112376	0,013067	28,85	0,37698295	1561300516250	1	1	-1	
29112377	0,013067	6,65	0,08689555	1561300516250	1	1	0	
29112378	0,013067	6,65	0,08689555	1561300516250	1	1	0	
29112379	0,013067	6,65	0,08689555	1561300516250	1	1	0	
29112380	0,013067	6,65	0,08689555	1561300516250	1	1	0	
29112381	0,013067	6,65	0,08689555	1561300516250	1	1	0	
29112382	0,013067	6,65	0,08689555	1561300516250	1	1	0	
29112383	0,013067	5,65	0,07382855	1561300516250	1	1	0	
29112384	0,013066	7,3	0,0953818	1561300516250	1	1	-1	
29112385	0,013082	0,15	0,0019623	1561300518696	1	1	1	
29112386	0,013082	0,87	0,01138134	1561300518696	1	1	0	
29112387	0,013081	1,28	0,01674368	1561300519706	1	1	-1	
29112388	0,013081	2,6	0,0340106	1561300519706	1	1	0	
29112389	0,013083	0,71	0,00928893	1561300522713	1	1	1	
29112390	0,013084	0,15	0,0019626	1561300524312	0	1	2	
29112391	0,013084	1,24	0,01622416	1561300524312	0	1	0	
29112392	0,013085	2,4	0,031404	1561300532472	0	1	1	
29112393	0,013086	0,47	0,00615042	1561300534447	0	1	2	
29112394	0,013085	1,76	0,0230296	1561300536850	1	1	-1	
29112395	0,013085	2,37	0,03101145	1561300539161	1	1	0	
29112396	0,013085	0,1	0,0013085	1561300541657	1	1	0	
29112397	0,013084	0,15	0,0019626	1561300544857	1	1	-1	
29112398	0,013084	2,5	0,03271	1561300544982	1	1	0	
29112399	0,013084	1,04	0,01360736	1561300545102	1	1	0	
29112400	0,013083	1,46	0,01910118	1561300545102	1	1	-1	
29112401	0,013084	6,45	0,0843918	1561300546834	1	1	1	
29112402	0,013083	3,03	0,03964149	1561300546985	1	1	-1	
29112403	0,013083	1,69	0,02211027	1561300546985	1	1	0	
29112404	0,013077	7,03	0,09193131	1561300556532	0	1	-1	
29112405	0,013079	0,3	0,0039237	1561300560617	0	1	1	
29112406	0,013079	0,14	0,00183106	1561300563505	0	1	0	
29112407	0,013079	0,01	0,00013079	1561300564047	0	1	0	
29112408	0,01308	0,08	0,0010464	1561300564047	0	1	1	
29112409	0,013079	0,28	0,00366212	1561300566516	0	1	-1	
29112410	0,013077	2,46	0,03216942	1561300567397	0	1	-2	
29112411	0,013077	1,18	0,01543086	1561300567399	0	1	0	
29112412	0,013077	3,43	0,04485411	1561300573004	0	1	0	
29112413	0,013077	3,62	0,04733874	1561300573009	0	1	0	
29112414	0,013077	2,5	0,0326925	1561300574157	1	1	0	
29112415	0,013077	0,16	0,00209232	1561300574870	1	1	0	
29112416	0,013077	0,77	0,01006929	1561300575160	1	1	0	
29112417	0,013076	0,15	0,0019614	1561300575398	1	1	-1	
29112418	0,013077	0,35	0,00457695	1561300575539	0	1	1	
29112419	0,013075	0,15	0,00196125	1561300578056	0	1	-1	
29112420	0,013075	1,31	0,01712825	1561300584281	0	1	0	
29112421	0,013077	3,12	0,04080024	1561300588748	0	1	1	
29112422	0,013078	7,65	0,1000467	1561300588748	0	1	2	
29112423	0,013079	7,65	0,10005435	1561300588748	0	1	3	
29112424	0,013079	3,04	0,03976016	1561300588839	1	1	0	
29112425	0,013079	0,14	0,00183106	1561300588878	1	1	0	
29112426	0,013079	2,02	0,02641958	1561300588880	1	1	0	
29112427	0,013079	2,02	0,02641958	1561300588919	1	1	0	
29112428	0,013079	2,02	0,02641958	1561300588963	1	1	0	
29112429	0,013079	0,82	0,01072478	1561300588976	1	1	0	
29112430	0,013079	0,68	0,00889372	1561300588983	1	1	0	
29112431	0,013079	2,05	0,02681195	1561300589025	1	1	0	
29112432	0,013079	5,27	0,06892633	1561300589082	1	1	0	
29112433	0,013079	4,37	0,05715523	1561300590154	1	1	0	
29112434	0,013079	7,65	0,10005435	1561300590200	1	1	0	
29112435	0,013079	35,61	0,46574319	1561300590225	1	1	0	
29112436	0,013072	0,15	0,0019608	1561300590254	1	1	-1	
29112437	0,013068	0,1	0,0013068	1561300590254	1	1	-2	
29112438	0,013068	0,98	0,01280664	1561300590254	1	1	0	
29112439	0,013067	30	0,39201	1561300590254	1	1	-1	
29112440	0,013066	0,61	0,00797026	1561300590254	1	1	-2	
29112441	0,013064	0,1	0,0013064	1561300590254	1	1	-3	
29112442	0,013062	0,02	0,00026124	1561300590254	1	1	-4	
29112443	0,013077	1,21	0,01582317	1561300598450	0	1	1	
29112444	0,013078	0,14	0,00183092	1561300600469	0	1	2	
29112445	0,013077	4,71	0,06159267	1561300601521	0	1	-1	
29112446	0,013076	0,84	0,01098384	1561300601528	1	1	-2	
29112447	0,013075	0,15	0,00196125	1561300605590	1	1	-3	
29112448	0,013063	3,24	0,04232412	1561300605590	1	1	-4	
29112449	0,013062	12,36	0,16144632	1561300605590	1	1	-5	
29112450	0,01306	30,57	0,3992442	1561300605590	1	1	-6	
29112451	0,013059	1,67	0,02180853	1561300605590	1	1	-7	
29112452	0,013058	10,44	0,13632552	1561300605590	1	1	-8	
29112453	0,013057	8,27	0,10798139	1561300605590	1	1	-9	
29112454	0,013057	4,61	0,06019277	1561300605590	1	1	0	
29112455	0,013057	12,3	0,1606011	1561300605590	1	1	0	
29112456	0,013057	9	0,117513	1561300605590	1	1	0	
29112457	0,013057	7,39	0,09649123	1561300605590	1	1	0	
29112458	0,013068	3,65	0,0476982	1561300607903	1	1	1	
29112459	0,01307	0,16	0,0020912	1561300610698	0	1	2	
29112460	0,01307	1,11	0,0145077	1561300610698	0	1	0	
29112461	0,013071	2,6	0,0339846	1561300616148	0	1	1	
29112462	0,013074	0,14	0,00183036	1561300618336	1	1	2	
29112463	0,013075	0,64	0,008368	1561300619926	0	1	3	
29112464	0,013074	0,11	0,00143814	1561300620035	1	1	-1	
29112465	0,013073	0,93	0,01215789	1561300620035	1	1	-2	
29112466	0,013073	1,75	0,02287775	1561300620267	1	1	0	
29112467	0,013077	0,26	0,00340002	1561300632629	0	1	1	
29112468	0,013076	3,99	0,05217324	1561300633552	1	1	-1	
29112469	0,013076	5,65	0,0738794	1561300633552	1	1	0	
29112470	0,013075	1,52	0,019874	1561300634566	1	1	-1	
29112471	0,013075	1,52	0,019874	1561300634602	1	1	0	
29112472	0,013075	0,95	0,01242125	1561300634635	1	1	0	
29112473	0,013074	0,15	0,0019611	1561300637152	1	1	-1	
29112474	0,013073	0,15	0,00196095	1561300646262	0	1	-2	
29112475	0,013074	0,53	0,00692922	1561300647287	0	1	1	
29112476	0,013076	3,47	0,04537372	1561300648509	0	1	2	
29112477	0,013074	0,15	0,0019611	1561300654152	1	1	-1	
29112478	0,013074	0,15	0,0019611	1561300654344	1	1	0	
29112479	0,013073	3,17	0,04144141	1561300654573	1	1	-1	
29112480	0,013073	0,17	0,00222241	1561300654573	1	1	0	
29112481	0,013074	0,15	0,0019611	1561300657870	0	1	1	
29112482	0,013074	2,06	0,02693244	1561300658857	0	1	0	
29112483	0,013074	5,08	0,06641592	1561300658861	0	1	0	
29112484	0,013075	2,06	0,0269345	1561300658955	0	1	1	
29112485	0,013074	0,5	0,006537	1561300658956	1	1	-1	
29112486	0,013076	0,51	0,00666876	1561300663797	1	1	1	
29112487	0,013078	0,15	0,0019617	1561300665650	0	1	2	
29112488	0,013079	1,2	0,0156948	1561300665650	0	1	3	
29112489	0,01308	21,37	0,2795196	1561300665650	0	1	4	
29112490	0,013081	5,56	0,07273036	1561300665873	0	1	5	
29112491	0,013081	0,8	0,0104648	1561300665873	0	1	0	
29112492	0,013081	5,56	0,07273036	1561300665873	0	1	0	
29112493	0,013081	5,56	0,07273036	1561300665873	0	1	0	
29112494	0,013081	5,56	0,07273036	1561300665873	0	1	0	
29112495	0,013081	5,56	0,07273036	1561300665873	0	1	0	
29112496	0,013081	5,56	0,07273036	1561300665873	0	1	0	
29112497	0,013081	5,56	0,07273036	1561300665873	0	1	0	
29112498	0,013081	5,56	0,07273036	1561300665873	0	1	0	
29112499	0,013081	0,67	0,00876427	1561300665873	0	1	0	
29112500	0,013082	7,15	0,0935363	1561300665873	0	1	1	
29112501	0,013082	15,3	0,2001546	1561300665873	0	1	0	
29112502	0,013082	5,27	0,06894214	1561300665873	0	1	0	
29112503	0,013077	0,15	0,00196155	1561300666001	1	1	-1	
29112504	0,013077	0,42	0,00549234	1561300666001	1	1	0	
29112505	0,013078	0,15	0,0019617	1561300666433	1	1	1	
29112506	0,013077	2,63	0,03439251	1561300666533	1	1	-1	
29112507	0,013077	0,15	0,00196155	1561300666648	1	1	0	
29112508	0,013076	4,13	0,05400388	1561300666648	1	1	-1	
29112509	0,013076	0,15	0,0019614	1561300666749	1	1	0	
29112510	0,013074	2,22	0,02902428	1561300666843	1	1	-1	
29112511	0,013079	0,15	0,00196185	1561300668167	0	1	1	
29112512	0,013079	1,55	0,02027245	1561300668167	0	1	0	
29112513	0,013084	15,29	0,20005436	1561300668167	0	1	1	
29112514	0,013085	2,47	0,03231995	1561300668167	0	1	2	
29112515	0,013085	10	0,13085	1561300668167	0	1	0	
29112516	0,013087	30,59	0,40033133	1561300668167	0	1	1	
29112517	0,013089	9	0,117801	1561300668167	0	1	2	
29112518	0,013089	20,97	0,27447633	1561300668167	0	1	0	
29112519	0,013089	0,17	0,00222513	1561300668167	0	1	0	
29112520	0,013081	3,93	0,05140833	1561300668921	1	1	-1	
29112521	0,013082	1,03	0,01347446	1561300668990	0	1	1	
29112522	0,013083	0,3	0,0039249	1561300668990	0	1	2	
29112523	0,013089	0,01	0,00013089	1561300668990	0	1	3	
29112524	0,013089	9	0,117801	1561300668990	0	1	0	
29112525	0,01309	15,14	0,1981826	1561300668990	0	1	1	
29112526	0,013088	0,69	0,00903072	1561300670343	0	1	-1	
29112527	0,013088	3,82	0,04999616	1561300670343	0	1	0	
29112528	0,013089	10	0,13089	1561300670343	0	1	1	
29112529	0,013092	12,87	0,16849404	1561300670343	0	1	2	
29112530	0,013088	0,15	0,0019632	1561300682955	1	1	-1	
29112531	0,013088	0,14	0,00183232	1561300683052	1	1	0	
29112532	0,013089	0,28	0,00366492	1561300683472	1	1	1	
29112533	0,013089	1,09	0,01426701	1561300683584	1	1	0	
29112534	0,01309	0,15	0,0019635	1561300684852	0	1	1	
29112535	0,013091	0,14	0,00183274	1561300684852	0	1	2	
29112536	0,013089	2,05	0,02683245	1561300684923	1	1	-1	
29112537	0,013089	0,16	0,00209424	1561300684944	1	1	0	
29112538	0,013088	0,01	0,00013088	1561300685793	1	1	-1	
29112539	0,013086	1,67	0,02185362	1561300695543	0	1	-2	
29112540	0,013087	0,15	0,00196305	1561300696233	0	1	1	
29112541	0,013089	0,29	0,00379581	1561300700026	1	1	2	
29112542	0,01309	1,7	0,022253	1561300700524	0	1	3	
29112543	0,013089	4,14	0,05418846	1561300700525	1	1	-1	
29112544	0,013091	0,29	0,00379639	1561300704274	0	1	1	
29112545	0,01309	2,3	0,030107	1561300709253	0	1	-1	
29112546	0,013089	0,14	0,00183246	1561300714377	0	1	-2	
29112547	0,013089	62,22	0,81439758	1561300715085	0	1	0	
29112548	0,013092	0,52	0,00680784	1561300715183	0	1	1	
29112549	0,013095	0,14	0,0018333	1561300716175	0	1	2	
29112550	0,013092	0,15	0,0019638	1561300718439	1	1	-1	
29112551	0,01309	1,27	0,0166243	1561300718439	1	1	-2	
29112552	0,013091	0,15	0,00196365	1561300719936	1	1	1	
29112553	0,013089	6,77	0,08861253	1561300720018	0	1	-1	
29112554	0,013089	0,14	0,00183246	1561300720217	0	1	0	
29112555	0,013089	27,2	0,3560208	1561300720882	0	1	0	
29112556	0,013089	20	0,26178	1561300722562	0	1	0	
29112557	0,013089	2,14	0,02801046	1561300722889	0	1	0	
29112558	0,013089	0,14	0,00183246	1561300723933	0	1	0	
29112559	0,013089	4,6	0,0602094	1561300723956	0	1	0	
29112560	0,01309	0,15	0,0019635	1561300726302	1	1	1	
29112561	0,01309	2	0,02618	1561300726302	1	1	0	
29112562	0,013087	0,15	0,00196305	1561300732662	0	1	-1	
29112563	0,013088	2,97	0,03887136	1561300732662	0	1	1	
29112564	0,01309	12,4	0,162316	1561300732662	0	1	2	
29112565	0,013093	4,48	0,05865664	1561300732662	0	1	3	
29112566	0,013092	0,3	0,0039276	1561300742488	0	1	-1	
29112567	0,013092	3,34	0,04372728	1561300742488	0	1	0	
29112568	0,013092	10	0,13092	1561300742488	0	1	0	
29112569	0,01309	0,15	0,0019635	1561300743338	1	1	-1	
29112570	0,013089	3,24	0,04240836	1561300743338	1	1	-2	
29112571	0,013094	1,9	0,0248786	1561300743668	1	1	1	
29112572	0,013095	0,08	0,0010476	1561300745470	0	1	2	
29112573	0,013095	0,07	0,00091665	1561300747007	0	1	0	
29112574	0,013096	2,28	0,02985888	1561300747007	0	1	1	
29112575	0,013096	10	0,13096	1561300747007	0	1	0	
29112576	0,01309	0,15	0,0019635	1561300747612	1	1	-1	
29112577	0,01309	0,15	0,0019635	1561300747888	1	1	0	
29112578	0,013093	0,15	0,00196395	1561300748985	0	1	1	
29112579	0,013093	0,2	0,0026186	1561300748985	0	1	0	
29112580	0,013093	9,8	0,1283114	1561300748985	0	1	0	
29112581	0,013092	0,15	0,0019638	1561300750097	1	1	-1	
29112582	0,013091	3,67	0,04804397	1561300750097	1	1	-2	
29112583	0,013094	0,15	0,0019641	1561300752926	1	1	1	
29112584	0,013093	0,84	0,01099812	1561300752926	1	1	-1	
29112585	0,013093	0,99	0,01296207	1561300752968	1	1	0	
29112586	0,013093	0,63	0,00824859	1561300752991	1	1	0	
29112587	0,013093	0,31	0,00405883	1561300752991	1	1	0	
29112588	0,013093	0,19	0,00248767	1561300753019	1	1	0	
29112589	0,013091	0,57	0,00746187	1561300760846	1	1	-1	
29112590	0,01309	0,15	0,0019635	1561300762932	0	1	-2	
29112591	0,01309	0,15	0,0019635	1561300762932	0	1	0	
29112592	0,013089	0,3	0,0039267	1561300764752	0	1	-1	
29112593	0,01309	0,82	0,0107338	1561300764855	0	1	1	
29112594	0,013091	2,42	0,03168022	1561300765248	0	1	2	
29112595	0,01309	0,14	0,0018326	1561300766793	1	1	-1	
29112596	0,01309	0,01	0,0001309	1561300767615	1	1	0	
29112597	0,013086	0,15	0,0019629	1561300770903	1	1	-1	
29112598	0,013085	0,26	0,0034021	1561300770960	1	1	-2	
29112599	0,013081	3,41	0,04460621	1561300771101	1	1	-3	
29112600	0,013082	0,15	0,0019623	1561300773864	1	1	1	
29112601	0,013082	0,15	0,0019623	1561300776489	0	1	0	
29112602	0,013083	0,41	0,00536403	1561300776489	0	1	1	
29112603	0,013078	1,18	0,01543204	1561300776554	1	1	-1	
29112604	0,01308	1,57	0,0205356	1561300777772	0	1	1	
29112605	0,013081	2,53	0,03309493	1561300777772	0	1	2	
29112606	0,013081	0,09	0,00117729	1561300779621	0	1	0	
29112607	0,013081	1,48	0,01935988	1561300779643	0	1	0	
29112608	0,013079	9,65	0,12621235	1561300783807	0	1	-1	
29112609	0,013081	2,23	0,02917063	1561300783816	0	1	1	
29112610	0,013078	0,15	0,0019617	1561300788030	1	1	-1	
29112611	0,013077	0,26	0,00340002	1561300790896	0	1	-2	
29112612	0,013072	4,87	0,06366064	1561300805700	0	1	-3	
29112613	0,013076	0,3	0,0039228	1561300807107	0	1	1	
29112614	0,013076	0,15	0,0019614	1561300807203	0	1	0	
29112615	0,013077	3,48	0,04550796	1561300807203	0	1	1	
29112616	0,013077	0,15	0,00196155	1561300807337	0	1	0	
29112617	0,013072	0,15	0,0019608	1561300807741	1	1	-1	
29112618	0,013072	5,27	0,06888944	1561300807741	1	1	0	
29112619	0,013077	0,15	0,00196155	1561300812692	0	1	1	
29112620	0,013077	0,36	0,00470772	1561300812692	0	1	0	
29112621	0,013078	1,65	0,0215787	1561300812794	0	1	1	
29112622	0,013081	4,05	0,05297805	1561300813302	1	1	2	
29112623	0,013081	3,19	0,04172839	1561300813803	0	1	0	
29112624	0,013082	2,75	0,0359755	1561300813903	0	1	1	
29112625	0,013082	2,69	0,03519058	1561300813933	0	1	0	
29112626	0,013082	4,56	0,05965392	1561300813939	0	1	0	
29112627	0,013082	3,08	0,04029256	1561300813939	0	1	0	
29112628	0,013082	2,21	0,02891122	1561300814094	0	1	0	
29112629	0,013082	2,22	0,02904204	1561300814097	0	1	0	
29112630	0,013082	2,75	0,0359755	1561300814861	0	1	0	
29112631	0,013082	0,81	0,01059642	1561300814865	0	1	0	
29112632	0,01308	9,62	0,1258296	1561300816607	0	1	-1	
29112633	0,013081	0,15	0,00196215	1561300816885	1	1	1	
29112634	0,013082	1,88	0,02459416	1561300817885	1	1	2	
29112635	0,013082	5,76	0,07535232	1561300817984	0	1	0	
29112636	0,013082	4,38	0,05729916	1561300817984	0	1	0	
29112637	0,013082	0,14	0,00183148	1561300818099	0	1	0	
29112638	0,013081	0,15	0,00196215	1561300818635	1	1	-1	
29112639	0,01308	0,01	0,0001308	1561300818635	1	1	-2	
29112640	0,013078	3,09	0,04041102	1561300818635	1	1	-3	
29112641	0,013076	0,03	0,00039228	1561300818635	1	1	-4	
29112642	0,013081	0,15	0,00196215	1561300819459	0	1	1	
29112643	0,013081	0,15	0,00196215	1561300819542	0	1	0	
29112644	0,013082	5,33	0,06972706	1561300819542	0	1	1	
29112645	0,013082	0,15	0,0019623	1561300819640	0	1	0	
29112646	0,01308	3,13	0,0409404	1561300821356	1	1	-1	
29112647	0,013079	0,15	0,00196185	1561300821889	1	1	-2	
29112648	0,013078	2,14	0,02798692	1561300822278	1	1	-3	
29112649	0,013077	0,99	0,01294623	1561300822297	1	1	-4	
29112650	0,013078	0,15	0,0019617	1561300822889	1	1	1	
29112651	0,013077	5,91	0,07728507	1561300823008	1	1	-1	
29112652	0,013077	0,38	0,00496926	1561300823033	1	1	0	
29112653	0,013075	6,93	0,09060975	1561300823367	0	1	-1	
29112654	0,013078	0,15	0,0019617	1561300825860	0	1	1	
29112655	0,013079	1,09	0,01425611	1561300825860	0	1	2	
29112656	0,013079	1,19	0,01556401	1561300825896	0	1	0	
29112657	0,013078	0,15	0,0019617	1561300825989	0	1	-1	
29112658	0,013079	0,28	0,00366212	1561300825989	0	1	1	
29112659	0,013079	0,43	0,00562397	1561300826036	0	1	0	
29112660	0,013079	0,43	0,00562397	1561300826053	0	1	0	
29112661	0,013079	0,43	0,00562397	1561300826100	0	1	0	
29112662	0,013073	0,15	0,00196095	1561300827131	1	1	-1	
29112663	0,013072	0,15	0,0019608	1561300827323	1	1	-2	
29112664	0,013072	0,15	0,0019608	1561300827425	1	1	0	
29112665	0,013071	1,09	0,01424739	1561300827425	1	1	-1	
29112666	0,01307	0,16	0,0020912	1561300827542	1	1	-2	
29112667	0,013072	0,14	0,00183008	1561300831115	0	1	1	
29112668	0,013072	0,01	0,00013072	1561300838886	0	1	0	
29112669	0,013073	0,14	0,00183022	1561300840783	0	1	1	
29112670	0,013076	3,04	0,03975104	1561300842497	0	1	2	
29112671	0,013073	0,15	0,00196095	1561300842602	1	1	-1	
29112672	0,013069	1,82	0,02378558	1561300842602	1	1	-2	
29112673	0,013075	0,14	0,0018305	1561300843313	0	1	1	
29112674	0,013071	2,09	0,02731839	1561300849248	1	1	-1	
29112675	0,013072	3,46	0,04522912	1561300849251	0	1	1	
29112676	0,013075	0,16	0,002092	1561300849260	0	1	2	
29112677	0,013075	0,74	0,0096755	1561300849260	0	1	0	
29112678	0,013071	0,15	0,00196065	1561300849420	1	1	-1	
29112679	0,013071	0,83	0,01084893	1561300849935	0	1	0	
29112680	0,013071	13,23	0,17292933	1561300849956	0	1	0	
29112681	0,013071	0,83	0,01084893	1561300849975	0	1	0	
29112682	0,013071	0,83	0,01084893	1561300849995	0	1	0	
29112683	0,013071	0,83	0,01084893	1561300850011	0	1	0	
29112684	0,013071	0,28	0,00365988	1561300850061	0	1	0	
29112685	0,013071	2,5	0,0326775	1561300850579	0	1	0	
29112686	0,013071	0,52	0,00679692	1561300851575	0	1	0	
29112687	0,013072	0,63	0,00823536	1561300857011	1	1	1	
29112688	0,013071	0,15	0,00196065	1561300857653	1	1	-1	
29112689	0,013068	0,15	0,0019602	1561300864646	0	1	-2	
29112690	0,013069	1,43	0,01868867	1561300864646	0	1	1	
29112691	0,013065	3,15	0,04115475	1561300866537	0	1	-1	
29112692	0,013064	9,6	0,1254144	1561300866540	1	1	-2	
29112693	0,013063	2,63	0,03435569	1561300866841	1	1	-3	
29112694	0,013064	3,2	0,0418048	1561300866963	0	1	1	
29112695	0,013064	3,2	0,0418048	1561300869307	0	1	0	
29112696	0,013063	0,15	0,00195945	1561300870552	1	1	-1	
29112697	0,013063	0,2	0,0026126	1561300870552	1	1	0	
29112698	0,013063	3,2	0,0418016	1561300870750	0	1	0	
29112699	0,013063	1,96	0,02560348	1561300872489	0	1	0	
29112700	0,013064	1,24	0,01619936	1561300872489	0	1	1	
29112701	0,013064	1,85	0,0241684	1561300873886	0	1	0	
29112702	0,013064	1,1	0,0143704	1561300877194	1	1	0	
29112703	0,013063	8,86	0,11573818	1561300877194	1	1	-1	
29112704	0,013063	1,85	0,02416655	1561300882505	0	1	0	
29112705	0,013064	0,36	0,00470304	1561300886624	0	1	1	
29112706	0,013062	0,27	0,00352674	1561300889049	1	1	-1	
29112707	0,013064	6,85	0,0894884	1561300892575	0	1	1	
29112708	0,013063	1,1	0,0143693	1561300892579	1	1	-1	
29112709	0,013065	3,09	0,04037085	1561300893752	0	1	1	
29112710	0,013066	0,3	0,0039198	1561300893752	0	1	2	
29112711	0,01307	5,9	0,077113	1561300893752	0	1	3	
29112712	0,01307	5,9	0,077113	1561300893752	0	1	0	
29112713	0,01307	4,81	0,0628667	1561300893752	0	1	0	
29112714	0,013065	0,15	0,00195975	1561300894148	1	1	-1	
29112715	0,013064	6,81	0,08896584	1561300894148	1	1	-2	
29112716	0,013065	0,15	0,00195975	1561300895890	1	1	1	
29112717	0,013063	2,01	0,02625663	1561300897942	1	1	-1	
29112718	0,013065	0,15	0,00195975	1561300902617	0	1	1	
29112719	0,013065	0,12	0,0015678	1561300902874	0	1	0	
29112720	0,013067	2,5	0,0326675	1561300902936	0	1	1	
29112721	0,013066	0,3	0,0039198	1561300902948	0	1	-1	
29112722	0,013067	2,2	0,0287474	1561300902948	0	1	1	
29112723	0,013067	0,14	0,00182938	1561300903027	0	1	0	
29112724	0,013067	0,14	0,00182938	1561300903242	0	1	0	
29112725	0,013064	0,15	0,0019596	1561300908585	1	1	-1	
29112726	0,013064	1,28	0,01672192	1561300908585	1	1	0	
29112727	0,013063	1,85	0,02416655	1561300908585	1	1	-1	
29112728	0,013066	0,15	0,0019599	1561300908925	0	1	1	
29112729	0,013067	0,56	0,00731752	1561300909056	0	1	2	
29112730	0,013067	0,84	0,01097628	1561300909056	0	1	0	
29112731	0,013067	0,24	0,00313608	1561300909103	0	1	0	
29112732	0,013064	0,15	0,0019596	1561300909417	1	1	-1	
29112733	0,013064	3,13	0,04089032	1561300909417	1	1	0	
29112734	0,013064	0,15	0,0019596	1561300911522	1	1	0	
29112735	0,013064	2,5	0,03266	1561300912480	0	1	0	
29112736	0,013064	0,96	0,01254144	1561300912493	0	1	0	
29112737	0,013068	0,15	0,0019602	1561300912907	0	1	1	
29112738	0,013068	0,28	0,00365904	1561300913065	1	1	0	
29112739	0,013069	3,2	0,0418208	1561300913174	0	1	1	
29112740	0,01307	0,15	0,0019605	1561300916265	1	1	2	
29112741	0,01307	2,5	0,032675	1561300916265	1	1	0	
29112742	0,01307	0,58	0,0075806	1561300920654	1	1	0	
29112743	0,013069	2,04	0,02666076	1561300920654	1	1	-1	
29112744	0,013069	0,57	0,00744933	1561300921937	1	1	0	
29112745	0,013069	6,47	0,08455643	1561300925538	1	1	0	
29112746	0,01307	9,05	0,1182835	1561300925542	0	1	1	
29112747	0,013069	0,15	0,00196035	1561300925920	1	1	-1	
29112748	0,013068	3,18	0,04155624	1561300929492	1	1	-2	
29112749	0,013068	10,38	0,13564584	1561300929529	1	1	0	
29112750	0,013068	1,42	0,01855656	1561300929529	1	1	0	
29112751	0,013063	0,95	0,01240985	1561300929972	1	1	-1	
29112752	0,013062	2,36	0,03082632	1561300929972	1	1	-2	
29112753	0,013065	0,15	0,00195975	1561300930126	0	1	1	
29112754	0,013065	0,3	0,0039195	1561300930235	0	1	0	
29112755	0,013063	0,15	0,00195945	1561300930715	1	1	-1	
29112756	0,013063	0,5	0,0065315	1561300930901	0	1	0	
29112757	0,013064	2,68	0,03501152	1561300931570	1	1	1	
29112758	0,013063	0,15	0,00195945	1561300931957	1	1	-1	
29112759	0,013062	1,31	0,01711122	1561300931958	1	1	-2	
29112760	0,013063	0,15	0,00195945	1561300932159	0	1	1	
29112761	0,013063	0,47	0,00613961	1561300932185	0	1	0	
29112762	0,013063	0,31	0,00404953	1561300932898	0	1	0	
29112763	0,013063	5,49	0,07171587	1561300932925	0	1	0	
29112764	0,013065	0,15	0,00195975	1561300933926	0	1	1	
29112765	0,013064	0,69	0,00901416	1561300936964	0	1	-1	
29112766	0,013062	1,91	0,02494842	1561300936999	1	1	-2	
29112767	0,013059	0,21	0,00274239	1561300937069	0	1	-3	
29112768	0,013059	0,14	0,00182826	1561300937079	0	1	0	
29112769	0,013059	0,21	0,00274239	1561300937795	0	1	0	
29112770	0,013059	3,81	0,04975479	1561300938118	0	1	0	
29112771	0,013059	5,04	0,06581736	1561300938939	0	1	0	
29112772	0,013059	0,5	0,0065295	1561300940202	0	1	0	
29112773	0,013058	1,57	0,02050106	1561300942631	0	1	-1	
29112774	0,013057	1,66	0,02167462	1561300944170	0	1	-2	
29112775	0,013057	4,56	0,05953992	1561300944175	0	1	0	
29112776	0,013058	1,66	0,02167628	1561300944541	0	1	1	
29112777	0,013059	3,69	0,04818771	1561300944668	0	1	2	
29112778	0,013057	0,36	0,00470052	1561300945510	1	1	-1	
29112779	0,013059	0,35	0,00457065	1561300948499	0	1	1	
29112780	0,013057	1,3	0,0169741	1561300950938	1	1	-1	
29112781	0,013056	0,08	0,00104448	1561300950938	1	1	-2	
29112782	0,013056	1,93	0,02519808	1561300950938	1	1	0	
29112783	0,013056	2,56	0,03342336	1561300951080	1	1	0	
29112784	0,013054	0,1	0,0013054	1561300951080	1	1	-1	
29112785	0,013052	0,23	0,00300196	1561300951080	1	1	-2	
29112786	0,013052	0,09	0,00117468	1561300951080	1	1	0	
29112787	0,013052	0,29	0,00378508	1561300951080	1	1	0	
29112788	0,013052	0,01	0,00013052	1561300951400	0	1	0	
29112789	0,013058	7,66	0,10002428	1561300951400	0	1	1	
29112790	0,013059	4,12	0,05380308	1561300951400	0	1	2	
29112791	0,013056	0,15	0,0019584	1561300957223	0	1	-1	
29112792	0,013057	0,2	0,0026114	1561300957223	0	1	1	
29112793	0,013057	0,34	0,00443938	1561300958034	0	1	0	
29112794	0,013057	0,43	0,00561451	1561300962119	0	1	0	
29112795	0,013057	0,08	0,00104456	1561300962119	0	1	0	
29112796	0,013057	0,42	0,00548394	1561300962311	0	1	0	
29112797	0,013055	3,28	0,0428204	1561300966063	1	1	-1	
29112798	0,013057	2,71	0,03538447	1561300966091	0	1	1	
29112799	0,013058	10	0,13058	1561300966091	0	1	2	
29112800	0,013059	15,02	0,19614618	1561300966091	0	1	3	
29112801	0,013059	6,62	0,08645058	1561300966091	0	1	0	
29112802	0,013064	4,33	0,05656712	1561300966091	0	1	1	
29112803	0,013065	0,09	0,00117585	1561300966091	0	1	2	
29112804	0,013065	3,77	0,04925505	1561300966091	0	1	0	
29112805	0,013055	2,01	0,02624055	1561300966612	1	1	-1	
29112806	0,013063	9,31	0,12161653	1561300977639	1	1	1	
29112807	0,01306	0,15	0,001959	1561300978220	1	1	-1	
29112808	0,013059	0,15	0,00195885	1561300982761	0	1	-2	
29112809	0,01306	0,18	0,0023508	1561300982761	0	1	1	
29112810	0,01306	3,11	0,0406166	1561300982761	0	1	0	
29112811	0,013064	20	0,26128	1561300982761	0	1	1	
29112812	0,013067	1,56	0,02038452	1561300982761	0	1	2	
29112813	0,013061	0,15	0,00195915	1561300982980	1	1	-1	
29112814	0,013056	0,33	0,00430848	1561300989087	0	1	-2	
29112815	0,013054	0,14	0,00182756	1561300990295	1	1	-3	
29112816	0,013056	4,82	0,06292992	1561300991058	0	1	1	
29112817	0,013053	0,15	0,00195795	1561300995724	1	1	-1	
29112818	0,013052	1,84	0,02401568	1561300995724	1	1	-2	
29112819	0,013055	0,15	0,00195825	1561300996891	0	1	1	
29112820	0,013055	3,22	0,0420371	1561300996891	0	1	0	
29112821	0,013056	5,59	0,07298304	1561300996891	0	1	1	
29112822	0,013061	0,44	0,00574684	1561300996979	1	1	2	
29112823	0,013061	2,25	0,02938725	1561300997017	1	1	0	
29112824	0,013061	2,21	0,02886481	1561300997215	1	1	0	
29112825	0,013061	3,49	0,04558289	1561300997239	1	1	0	
29112826	0,013061	0,51	0,00666111	1561300997243	1	1	0	
29112827	0,013058	4,36	0,05693288	1561300997454	0	1	-1	
29112828	0,013056	0,14	0,00182784	1561300999767	0	1	-2	
29112829	0,013055	1,69	0,02206295	1561301003174	0	1	-3	
29112830	0,013056	0,01	0,00013056	1561301003919	0	1	1	
29112831	0,013057	0,15	0,00195855	1561301004441	1	1	2	
29112832	0,013056	2,04	0,02663424	1561301004441	1	1	-1	
29112833	0,013057	0,15	0,00195855	1561301004550	1	1	1	
29112834	0,013056	7,96	0,10392576	1561301004550	1	1	-1	
29112835	0,013056	2,92	0,03812352	1561301004550	1	1	0	
29112836	0,013057	0,15	0,00195855	1561301004909	1	1	1	
29112837	0,013052	0,89	0,01161628	1561301010207	1	1	-1	
29112838	0,013051	0,09	0,00117459	1561301012175	1	1	-2	
29112839	0,013051	0,1	0,0013051	1561301012175	1	1	0	
29112840	0,013051	0,66	0,00861366	1561301012175	1	1	0	
29112841	0,013051	11,03	0,14395253	1561301012175	1	1	0	
29112842	0,01305	0,2	0,00261	1561301012175	1	1	-1	
29112843	0,01305	0,33	0,0043065	1561301012175	1	1	0	
29112844	0,01305	0,1	0,001305	1561301012175	1	1	0	
29112845	0,01305	0,2	0,00261	1561301012175	1	1	0	
29112846	0,01305	16,13	0,2104965	1561301012175	1	1	0	
29112847	0,01305	1	0,01305	1561301012175	1	1	0	
29112848	0,01305	0,78	0,010179	1561301012175	1	1	0	
29112849	0,013049	0,3	0,0039147	1561301012175	1	1	-1	
29112850	0,013049	0,14	0,00182686	1561301012175	1	1	0	
29112851	0,013049	0,1	0,0013049	1561301012175	1	1	0	
29112852	0,013049	0,18	0,00234882	1561301012175	1	1	0	
29112853	0,013049	14,86	0,19390814	1561301012175	1	1	0	
29112854	0,013048	0,58	0,00756784	1561301012175	1	1	-1	
29112855	0,013048	0,26	0,00339248	1561301012175	1	1	0	
29112856	0,013048	15,32	0,19989536	1561301012175	1	1	0	
29112857	0,013048	12,94	0,16884112	1561301012175	1	1	0	
29112858	0,013047	0,96	0,01252512	1561301012175	1	1	-1	
29112859	0,013047	3,74	0,04879578	1561301012175	1	1	0	
29112860	0,013047	19,24	0,25102428	1561301012175	1	1	0	
29112861	0,013046	0,09	0,00117414	1561301012175	1	1	-1	
29112862	0,013045	0,14	0,0018263	1561301012175	1	1	-2	
29112863	0,013045	0,11	0,00143495	1561301012175	1	1	0	
29112864	0,013045	5,28	0,0688776	1561301012200	0	1	0	
29112865	0,013045	56,82	0,7412169	1561301012220	0	1	0	
29112866	0,013045	0,44	0,0057398	1561301012227	0	1	0	
29112867	0,013045	0,29	0,00378305	1561301012271	0	1	0	
29112868	0,013045	0,29	0,00378305	1561301012307	0	1	0	
29112869	0,013045	0,08	0,0010436	1561301012319	0	1	0	
29112870	0,013045	15,32	0,1998494	1561301012468	0	1	0	
29112871	0,013045	9,64	0,1257538	1561301012522	0	1	0	
29112872	0,013045	0,72	0,0093924	1561301012621	0	1	0	
29112873	0,013045	0,14	0,0018263	1561301012846	0	1	0	
29112874	0,013045	6,12	0,0798354	1561301012903	0	1	0	
29112875	0,013045	1,46	0,0190457	1561301012905	0	1	0	
29112876	0,013052	0,15	0,0019578	1561301021588	0	1	1	
29112877	0,013048	0,12	0,00156576	1561301021609	1	1	-1	
29112878	0,013052	0,13	0,00169676	1561301021690	0	1	1	
29112879	0,013051	6	0,078306	1561301021872	0	1	-1	
29112880	0,013049	0,15	0,00195735	1561301022016	1	1	-2	
29112881	0,013048	20	0,26096	1561301022016	1	1	-3	
29112882	0,013047	10,88	0,14195136	1561301022016	1	1	-4	
29112883	0,013045	0,77	0,01004465	1561301022016	1	1	-5	
29112884	0,013044	0,11	0,00143484	1561301022016	1	1	-6	
29112885	0,013044	0,09	0,00117396	1561301022016	1	1	0	
29112886	0,013044	0,14	0,00182616	1561301022016	1	1	0	
29112887	0,013044	4,49	0,05856756	1561301022016	1	1	0	
29112888	0,013044	30,64	0,39966816	1561301022016	1	1	0	
29112889	0,013043	0,42	0,00547806	1561301022016	1	1	-1	
29112890	0,013043	10,62	0,13851666	1561301022016	1	1	0	
29112891	0,013041	1,81	0,02360421	1561301022016	1	1	-1	
29112892	0,013052	0,14	0,00182728	1561301023195	0	1	1	
29112893	0,013052	0,03	0,00039156	1561301025242	0	1	0	
29112894	0,013053	0,95	0,01240035	1561301025242	0	1	1	
29112895	0,013053	0,97	0,01266141	1561301025276	0	1	0	
29112896	0,013052	0,15	0,0019578	1561301025307	0	1	-1	
29112897	0,013053	0,5	0,0065265	1561301025307	0	1	1	
29112898	0,013053	0,33	0,00430749	1561301025339	0	1	0	
29112899	0,013053	3,59	0,04686027	1561301027211	0	1	0	
29112900	0,013057	3,54	0,04622178	1561301029490	1	1	1	
29112901	0,013058	0,15	0,0019587	1561301029903	1	1	2	
29112902	0,013055	0,8	0,010444	1561301035625	0	1	-1	
29112903	0,013054	1,15	0,0150121	1561301036904	1	1	-2	
29112904	0,013053	0,15	0,00195795	1561301037930	1	1	-3	
29112905	0,013052	0,14	0,00182728	1561301038436	0	1	-4	
29112906	0,013052	0,01	0,00013052	1561301038607	0	1	0	
29112907	0,013052	0,15	0,0019578	1561301038924	0	1	0	
29112908	0,013054	1,05	0,0137067	1561301039081	0	1	1	
29112909	0,013054	0,14	0,00182756	1561301039184	0	1	0	
29112910	0,013054	0,64	0,00835456	1561301039924	0	1	0	
29112911	0,013054	0,64	0,00835456	1561301039974	0	1	0	
29112912	0,013054	0,43	0,00561322	1561301040008	0	1	0	
29112913	0,013054	8,13	0,10612902	1561301041052	0	1	0	
29112914	0,013055	1,44	0,0187992	1561301042049	0	1	1	
29112915	0,013053	3,32	0,04333596	1561301043036	0	1	-1	
29112916	0,013055	0,11	0,00143605	1561301044170	0	1	1	
29112917	0,01306	0,15	0,001959	1561301049938	1	1	2	
29112918	0,01306	0,01	0,0001306	1561301049938	1	1	0	
29112919	0,01306	2,18	0,0284708	1561301049938	1	1	0	
29112920	0,013059	2,5	0,0326475	1561301049962	1	1	-1	
29112921	0,013059	1,56	0,02037204	1561301049979	1	1	0	
29112922	0,01306	0,15	0,001959	1561301051026	1	1	1	
29112923	0,013062	0,15	0,0019593	1561301051681	0	1	2	
29112924	0,013062	1,97	0,02573214	1561301051681	0	1	0	
29112925	0,01306	0,15	0,001959	1561301051826	1	1	-1	
29112926	0,013059	2,5	0,0326475	1561301051826	1	1	-2	
29112927	0,013059	2,33	0,03042747	1561301051826	1	1	0	
29112928	0,01306	0,14	0,0018284	1561301052095	0	1	1	
29112929	0,01306	0,16	0,0020896	1561301052270	0	1	0	
29112930	0,013061	1,02	0,01332222	1561301052270	0	1	1	
29112931	0,01306	0,5	0,00653	1561301052610	0	1	-1	
29112932	0,01306	4,13	0,0539378	1561301058587	0	1	0	
29112933	0,013055	5,9	0,0770245	1561301058588	1	1	-1	
29112934	0,013061	7,08	0,09247188	1561301062476	0	1	1	
29112935	0,013064	5,25	0,068586	1561301065992	1	1	2	
29112936	0,013067	1,05	0,01372035	1561301070123	0	1	3	
29112937	0,013062	3,06	0,03996972	1561301076651	0	1	-1	
29112938	0,013063	0,14	0,00182882	1561301079066	0	1	1	
29112939	0,013059	0,15	0,00195885	1561301093929	1	1	-1	
29112940	0,013059	2,76	0,03604284	1561301093929	1	1	0	
29112941	0,013058	0,15	0,0019587	1561301094050	0	1	-1	
29112942	0,013059	1,84	0,02402856	1561301094081	0	1	1	
29112943	0,013059	0,25	0,00326475	1561301094106	0	1	0	
29112944	0,01306	2,61	0,0340866	1561301094270	0	1	1	
29112945	0,013062	0,5	0,006531	1561301096071	0	1	2	
29112946	0,013063	3,29	0,04297727	1561301096671	0	1	3	
29112947	0,013067	3,21	0,04194507	1561301096671	0	1	4	
29112948	0,013068	9,73	0,12715164	1561301096671	0	1	5	
29112949	0,013068	0,27	0,00352836	1561301096671	0	1	0	
29112950	0,013063	0,19	0,00248197	1561301102507	0	1	-1	
29112951	0,013063	3,31	0,04323853	1561301104635	0	1	0	
29112952	0,013067	0,44	0,00574948	1561301105976	0	1	1	
29112953	0,013068	0,03	0,00039204	1561301105976	0	1	2	
29112954	0,013068	0,44	0,00574992	1561301107939	0	1	0	
29112955	0,013069	9,62	0,12572378	1561301108170	0	1	1	
29112956	0,013069	3,82	0,04992358	1561301108170	0	1	0	
29112957	0,013069	0,28	0,00365932	1561301108170	0	1	0	
29112958	0,013072	0,44	0,00575168	1561301108170	0	1	1	
29112959	0,013063	0,15	0,00195945	1561301109419	1	1	-1	
29112960	0,013063	0,47	0,00613961	1561301109419	1	1	0	
29112961	0,013062	1,39	0,01815618	1561301109419	1	1	-1	
29112962	0,013068	2,83	0,03698244	1561301112653	0	1	1	
29112963	0,01307	0,15	0,0019605	1561301112767	0	1	2	
29112964	0,01307	3,21	0,0419547	1561301112767	0	1	0	
29112965	0,013067	0,15	0,00196005	1561301116413	1	1	-1	
29112966	0,013066	0,61	0,00797026	1561301116413	1	1	-2	
29112967	0,013071	0,15	0,00196065	1561301119031	0	1	1	
29112968	0,013072	5,75	0,075164	1561301119655	0	1	2	
29112969	0,013075	0,36	0,004707	1561301125466	0	1	3	
29112970	0,013084	0,19	0,00248596	1561301127880	0	1	4	
29112971	0,013081	0,15	0,00196215	1561301128088	1	1	-1	
29112972	0,013081	0,15	0,00196215	1561301128311	1	1	0	
29112973	0,01308	0,63	0,0082404	1561301131678	1	1	-1	
29112974	0,01308	1,02	0,0133416	1561301131699	1	1	0	
29112975	0,01308	0,84	0,0109872	1561301131699	1	1	0	
29112976	0,01308	0,14	0,0018312	1561301134613	0	1	0	
29112977	0,013079	3,88	0,05074652	1561301136461	1	1	-1	
29112978	0,01308	0,01	0,0001308	1561301140913	0	1	1	
29112979	0,013079	0,56	0,00732424	1561301141997	1	1	-1	
29112980	0,013076	0,15	0,0019614	1561301141997	1	1	-2	
29112981	0,013071	1,31	0,01712301	1561301141997	1	1	-3	
29112982	0,013071	0,59	0,00771189	1561301141997	1	1	0	
29112983	0,01308	0,3	0,003924	1561301142086	0	1	1	
29112984	0,013081	0,71	0,00928751	1561301144921	0	1	2	
29112985	0,013084	0,15	0,0019626	1561301147924	1	1	3	
29112986	0,013084	0,15	0,0019626	1561301148918	1	1	0	
29112987	0,013083	0,94	0,01229802	1561301149393	1	1	-1	
29112988	0,013083	0,15	0,00196245	1561301149925	1	1	0	
29112989	0,013079	0,93	0,01216347	1561301151933	1	1	-1	
29112990	0,01308	0,51	0,0066708	1561301152912	1	1	1	
29112991	0,013081	1,72	0,02249932	1561301156117	0	1	2	
29112992	0,013078	0,09	0,00117702	1561301161236	1	1	-1	
29112993	0,013083	0,15	0,00196245	1561301161265	0	1	1	
29112994	0,013083	0,3	0,0039249	1561301164924	0	1	0	
29112995	0,013084	0,8	0,0104672	1561301164967	0	1	1	
29112996	0,013084	0,7	0,0091588	1561301164989	0	1	0	
29112997	0,013084	0,43	0,00562612	1561301165025	0	1	0	
29112998	0,013084	0,2	0,0026168	1561301165057	0	1	0	
29112999	0,013085	0,15	0,00196275	1561301170249	1	1	1	
29113000	0,013085	0,15	0,00196275	1561301170439	1	1	0	
29113001	0,013085	0,15	0,00196275	1561301170647	1	1	0	
29113002	0,013084	2,5	0,03271	1561301171908	1	1	-1	
29113003	0,013084	2,5	0,03271	1561301171926	1	1	0	
29113004	0,013086	2,14	0,02800404	1561301174808	0	1	1	
29113005	0,013086	7,64	0,09997704	1561301174808	0	1	0	
29113006	0,013086	3,07	0,04017402	1561301174808	0	1	0	
29113007	0,013087	10,35	0,13545045	1561301174808	0	1	1	
29113008	0,013088	0,15	0,0019632	1561301174808	0	1	2	
29113009	0,013088	7,64	0,09999232	1561301174808	0	1	0	
29113010	0,01309	1,39	0,0181951	1561301174808	0	1	1	
29113011	0,013091	10,14	0,13274274	1561301174808	0	1	2	
29113012	0,013091	7,74	0,10132434	1561301174808	0	1	0	
29113013	0,013095	0,76	0,0099522	1561301174808	0	1	1	
29113014	0,013098	15,28	0,20013744	1561301174808	0	1	2	
29113015	0,013099	1,12	0,01467088	1561301174808	0	1	3	
29113016	0,013099	0,27	0,00353673	1561301174808	0	1	0	
29113017	0,013091	0,15	0,00196365	1561301176916	1	1	-1	
29113018	0,01309	2,92	0,0382228	1561301176916	1	1	-2	
29113019	0,01309	0,15	0,0019635	1561301176928	1	1	0	
29113020	0,013086	0,32	0,00418752	1561301180007	1	1	-1	
29113021	0,013083	0,23	0,00300909	1561301185821	1	1	-2	
29113022	0,013083	2,09	0,02734347	1561301185821	1	1	0	
29113023	0,013083	1,96	0,02564268	1561301185886	0	1	0	
29113024	0,013083	1,53	0,02001699	1561301185911	0	1	0	
29113025	0,013086	0,3	0,0039258	1561301186273	0	1	1	
29113026	0,013086	1,66	0,02172276	1561301186273	0	1	0	
29113027	0,013086	0,59	0,00772074	1561301186608	0	1	0	
29113028	0,013086	0,26	0,00340236	1561301186949	0	1	0	
29113029	0,013085	0,15	0,00196275	1561301188084	0	1	-1	
29113030	0,013086	0,13	0,00170118	1561301188084	0	1	1	
29113031	0,013087	1,68	0,02198616	1561301188084	0	1	2	
29113032	0,013084	1,4	0,0183176	1561301190925	1	1	-1	
29113033	0,013083	0,15	0,00196245	1561301192231	1	1	-2	
29113034	0,013083	0,15	0,00196245	1561301192366	1	1	0	
29113035	0,013082	2,85	0,0372837	1561301192366	1	1	-1	
29113036	0,013082	0,15	0,0019623	1561301192438	1	1	0	
29113037	0,013083	0,15	0,00196245	1561301192528	1	1	1	
29113038	0,013079	3	0,039237	1561301202274	1	1	-1	
29113039	0,013081	0,95	0,01242695	1561301202277	0	1	1	
29113040	0,013078	2,32	0,03034096	1561301209823	0	1	-1	
29113041	0,01308	0,14	0,0018312	1561301211015	0	1	1	