86356	2,923	0,051	0,149073	1561188976336	0	1	0	
86357	2,922	1,466	4,283652	1561189158046	0	1	-1	
86358	2,914	0,44	1,28216	1561189380993	1	1	-2	
86359	2,926	3,083	9,020858	1561189381120	0	1	1	
86360	2,927	6,917	20,246059	1561189381120	0	1	2	
86361	2,923	0,07	0,20461	1561189493253	1	1	-1	
86362	2,895	0,07	0,20265	1561190252284	1	1	-2	
86363	2,895	0,375	1,085625	1561190258207	1	1	0	
86364	2,899	0,075	0,217425	1561190271127	0	1	1	
86365	2,899	0,072	0,208728	1561190272606	0	1	0	
86366	2,899	0,074	0,214526	1561190274392	0	1	0	
86367	2,899	0,374	1,084226	1561190276570	0	1	0	
86368	2,899	0,073	0,211627	1561190280159	0	1	0	
86369	2,899	0,615	1,782885	1561190282729	0	1	0	
86370	2,892	0,035	0,10122	1561190433802	1	1	-1	
86371	2,891	0,445	1,286495	1561190437361	1	1	-2	
86372	2,889	0,044	0,127116	1561190444504	1	1	-3	
86373	2,887	0,445	1,284715	1561190466068	1	1	-4	
86374	2,885	0,128	0,36928	1561190466301	1	1	-5	
86375	2,885	0,04	0,1154	1561190466301	1	1	0	
86376	2,885	0,006	0,01731	1561190469468	0	1	0	
86377	2,891	0,78	2,25498	1561190469468	0	1	1	
86378	2,883	0,445	1,282935	1561190481368	1	1	-1	
86379	2,879	0,445	1,281155	1561190493854	1	1	-2	
86380	2,879	0,044	0,126676	1561190493854	1	1	0	
86381	2,876	0,593	1,705468	1561190510023	1	1	-1	
86382	2,875	0,234	0,67275	1561190510023	1	1	-2	
86383	2,871	0,445	1,277595	1561190510023	1	1	-3	
86384	2,868	0,044	0,126192	1561190510023	1	1	-4	
86385	2,868	3,125	8,9625	1561190510023	1	1	0	
86386	2,867	0,445	1,275815	1561190510023	1	1	-1	
86387	2,866	1,293	3,705738	1561190510023	1	1	-2	
86388	2,871	0,445	1,277595	1561190513422	0	1	1	
86389	2,871	1,821	5,228091	1561190617530	0	1	0	
86390	2,871	2,051	5,888421	1561190623564	0	1	0	
86391	2,875	0,445	1,279375	1561190656193	0	1	1	
86392	2,879	0,044	0,126676	1561190690825	0	1	2	
86393	2,879	0,445	1,281155	1561190690825	0	1	0	
86394	2,883	0,445	1,282935	1561190754185	0	1	1	
86395	2,886	0,344	0,992784	1561190755937	0	1	2	
86396	2,886	2,781	8,025966	1561190756132	0	1	0	
86397	2,887	0,445	1,284715	1561190756132	0	1	1	
86398	2,883	0,347	1,000401	1561190769967	1	1	-1	
86399	2,889	0,044	0,127116	1561190780137	0	1	1	
86400	2,891	0,259	0,748769	1561190781216	0	1	2	
86401	2,891	0,183	0,529053	1561190782599	0	1	0	
86402	2,891	0,003	0,008673	1561190826251	0	1	0	
86403	2,891	0,13	0,37583	1561190893387	0	1	0	
86404	2,889	1,536	4,437504	1561190924848	1	1	-1	
86405	2,889	1,536	4,437504	1561190924848	1	1	0	
86406	2,889	0,333	0,962037	1561190924848	1	1	0	
86407	2,889	1,203	3,475467	1561190925223	1	1	0	
86408	2,889	0,333	0,962037	1561190925223	1	1	0	
86409	2,895	0,445	1,288275	1561191058889	0	1	1	
86410	2,896	3,113	9,015248	1561191058889	0	1	2	
86411	2,9	0,445	1,2905	1561191180721	0	1	3	
86412	2,9	0,044	0,1276	1561191180721	0	1	0	
86413	2,903	1,532	4,447396	1561191280931	1	1	1	
86414	2,898	2,916	8,450568	1561191396968	1	1	-1	
86415	2,898	1,536	4,451328	1561191396968	1	1	0	
86416	2,896	2,165	6,26984	1561191420996	1	1	-1	
86417	2,895	0,445	1,288275	1561191494326	1	1	-2	
86418	2,9	0,445	1,2905	1561191498085	0	1	1	
86419	2,903	0,477	1,384731	1561191498085	0	1	2	
86420	2,904	0,118	0,342672	1561191498085	0	1	3	
86421	2,906	3,102	9,014412	1561191498085	0	1	4	
86422	2,907	6,335	18,415845	1561191498085	0	1	5	
86423	2,908	1,536	4,466688	1561191498085	0	1	6	
86424	2,908	1,536	4,466688	1561191498085	0	1	0	
86425	2,908	1,536	4,466688	1561191498085	0	1	0	
86426	2,908	1,536	4,466688	1561191498085	0	1	0	
86427	2,91	0,344	1,00104	1561191498085	0	1	1	
86428	2,91	8,035	23,38185	1561191498085	0	1	0	
86429	2,895	0,445	1,288275	1561191504914	1	1	-1	
86430	2,891	0,445	1,286495	1561191526137	1	1	-2	
86431	2,89	1,539	4,44771	1561191526137	1	1	-3	
86432	2,89	1,539	4,44771	1561191526137	1	1	0	
86433	2,89	1,539	4,44771	1561191526137	1	1	0	
86434	2,89	1,539	4,44771	1561191526137	1	1	0	
86435	2,889	0,044	0,127116	1561191526137	1	1	-1	
86436	2,889	3,102	8,961678	1561191526137	1	1	0	
86437	2,887	0,445	1,284715	1561191526137	1	1	-1	
86438	2,884	0,186	0,536424	1561191526137	1	1	-2	
86439	2,883	0,098	0,282534	1561191526137	1	1	-3	
86440	2,879	0,445	1,281155	1561191526137	1	1	-4	
86441	2,879	0,044	0,126676	1561191526137	1	1	0	
86442	2,879	4,035	11,616765	1561191526137	1	1	0	
86443	2,884	0,445	1,28338	1561191529403	1	1	1	
86444	2,887	0,394	1,137478	1561191529947	0	1	2	
86445	2,887	0,051	0,147237	1561191530165	0	1	0	
86446	2,889	0,044	0,127116	1561191536369	0	1	1	
86447	2,891	0,445	1,286495	1561191536775	0	1	2	
86448	2,895	0,089	0,257655	1561191617989	0	1	3	
86449	2,89	2,941	8,49949	1561191651890	0	1	-1	
86450	2,89	2,059	5,95051	1561191651890	0	1	0	
86451	2,887	0,445	1,284715	1561191826526	1	1	-1	
86452	2,883	0,445	1,282935	1561191848166	1	1	-2	
86453	2,881	0,659	1,898579	1561191848166	1	1	-3	
86454	2,879	0,445	1,281155	1561191898461	1	1	-4	
86455	2,879	0,044	0,126676	1561191898461	1	1	0	
86456	2,875	0,445	1,279375	1561191898461	1	1	-1	
86457	2,873	0,831	2,387463	1561191898461	1	1	-2	
86458	2,873	0,735	2,111655	1561191898461	1	1	0	
86459	2,879	0,445	1,281155	1561191914616	0	1	1	
86460	2,875	0,445	1,279375	1561192011551	1	1	-1	
86461	2,875	2,055	5,908125	1561192011567	0	1	0	
86462	2,879	0,445	1,281155	1561192015256	0	1	1	
86463	2,875	0,05	0,14375	1561192109414	1	1	-1	
86464	2,875	0,395	1,135625	1561192266853	1	1	0	
86465	2,879	0,433	1,246607	1561192335746	0	1	1	
86466	2,872	1,539	4,420008	1561192464883	1	1	-1	
86467	2,872	1,539	4,420008	1561192464883	1	1	0	
86468	2,872	0,752	2,159744	1561192464883	1	1	0	
86469	2,872	0,787	2,260264	1561192464883	1	1	0	
86470	2,872	1,539	4,420008	1561192464883	1	1	0	
86471	2,879	0,012	0,034548	1561192473094	0	1	1	
86472	2,883	0,445	1,282935	1561192563405	0	1	2	
86473	2,887	0,445	1,284715	1561192569666	0	1	3	
86474	2,889	0,044	0,127116	1561192652464	0	1	4	
86475	2,891	0,445	1,286495	1561192652464	0	1	5	
86476	2,895	0,356	1,03062	1561192674915	0	1	6	
86477	2,9	0,445	1,2905	1561192689451	0	1	7	
86478	2,9	0,044	0,1276	1561192689451	0	1	0	
86479	2,907	0,654	1,901178	1561192750692	0	1	1	
86480	2,907	0,057	0,165699	1561192750892	0	1	0	
86481	2,916	3,095	9,02502	1561192799105	0	1	1	
86482	2,918	0,128	0,373504	1561192840270	0	1	2	
86483	2,911	1,029	2,995419	1561192875054	1	1	-1	
86484	2,911	1,939	5,644429	1561193002276	1	1	0	
86485	2,911	1,54	4,48294	1561193002277	1	1	0	
86486	2,911	0,2	0,5822	1561193002277	1	1	0	
86487	2,925	1,572	4,5981	1561193133752	0	1	1	
86488	2,934	1	2,934	1561193217015	0	1	2	
86489	2,934	0,086	0,252324	1561193224416	0	1	0	
86490	2,926	0,514	1,503964	1561193581631	1	1	-1	
86491	2,936	3,309	9,715224	1561193605290	0	1	1	
86492	2,929	11,858	34,732082	1561193749511	1	1	-1	
86493	2,929	0,315	0,922635	1561193752515	1	1	0	
86494	2,928	0,801	2,345328	1561193752515	1	1	-1	
86495	2,911	3,33	9,69363	1561194114551	1	1	-2	
86496	2,908	1,54	4,47832	1561194219899	1	1	-3	
86497	2,908	0,947	2,753876	1561194219915	1	1	0	
86498	2,908	3,849	11,192892	1561194219918	1	1	0	
86499	2,907	0,5	1,4535	1561194219961	1	1	-1	
86500	2,911	3,253	9,469483	1561194506019	0	1	1	
86501	2,911	0,943	2,745073	1561194508082	0	1	0	
86502	2,911	1,392	4,052112	1561194509082	0	1	0	
86503	2,911	1,5	4,3665	1561194537534	0	1	0	
86504	2,911	1,316	3,830876	1561194538511	0	1	0	
86505	2,911	0,623	1,813553	1561194543658	0	1	0	
86506	2,911	0,941	2,739251	1561194544237	0	1	0	
86507	2,917	0,92	2,68364	1561194887475	1	1	1	
86508	2,912	0,626	1,822912	1561195156920	1	1	-1	
86509	2,939	0,375	1,102125	1561196389833	0	1	1	
86510	2,939	7,812	22,959468	1561196522275	1	1	0	
86511	2,939	1,688	4,961032	1561196522289	0	1	0	
86512	2,922	0,718	2,097996	1561197097903	1	1	-1	
86513	2,922	0,131	0,382782	1561197955279	1	1	0	
86514	2,93	1,1	3,223	1561198103534	0	1	1	
86515	2,93	0,304	0,89072	1561199422467	0	1	0	
86516	2,932	2,056	6,028192	1561199428625	0	1	1	
86517	2,932	7,944	23,291808	1561199428828	0	1	0	
86518	2,932	0,716	2,099312	1561199673754	0	1	0	
86519	2,939	1,524	4,479036	1561199925269	0	1	1	
86520	2,939	0,476	1,398964	1561199925269	0	1	0	
86521	2,922	0,275	0,80355	1561200009407	1	1	-1	
86522	2,922	4,556	13,312632	1561200522185	1	1	0	
86523	2,922	0,049	0,143178	1561200809299	1	1	0	
86524	2,935	0,958	2,81173	1561201320045	1	1	1	
86525	2,946	1,866	5,497236	1561201616595	0	1	2	
86526	2,946	1,866	5,497236	1561201616596	0	1	0	
86527	2,946	0,118	0,347628	1561201919650	1	1	0	
86528	2,946	0,333	0,981018	1561202172604	0	1	0	
86529	2,931	0,074	0,216894	1561202756162	1	1	-1	
86530	2,942	1,869	5,498598	1561202983721	0	1	1	
86531	2,942	1,869	5,498598	1561202983721	0	1	0	
86532	2,942	2,272	6,684224	1561203190522	1	1	0	
86533	2,942	6,816	20,052672	1561203190533	1	1	0	
86534	2,942	0,525	1,54455	1561203199429	1	1	0	
86535	2,942	0,556	1,635752	1561203204231	1	1	0	
86536	2,942	0,88	2,58896	1561203205062	1	1	0	
86537	2,942	0,36	1,05912	1561203205338	1	1	0	
86538	2,946	1,866	5,497236	1561203417949	0	1	1	
86539	2,946	0,047	0,138462	1561203417956	0	1	0	
86540	2,948	1,819	5,362412	1561203417956	0	1	1	
86541	2,946	1,91	5,62686	1561203418823	1	1	-1	
86542	2,925	1,709	4,998825	1561203772831	1	1	-2	
86543	2,922	2,272	6,638784	1561203784811	1	1	-3	
86544	2,922	0,087	0,254214	1561203817139	1	1	0	
86545	2,922	3,546	10,361412	1561203825689	1	1	0	
86546	2,922	0,195	0,56979	1561203825689	1	1	0	
86547	2,922	0,779	2,276238	1561203830130	1	1	0	
86548	2,922	0,487	1,423014	1561203830130	1	1	0	
86549	2,92	0,4	1,168	1561203976346	1	1	-1	
86550	2,92	1,126	3,28792	1561204047358	1	1	0	
86551	2,928	1,515	4,43592	1561204598558	1	1	1	
86552	2,928	0,02	0,05856	1561204598558	1	1	0	
86553	2,928	0,29	0,84912	1561204601920	1	1	0	
86554	2,949	0,199	0,586851	1561205603431	0	1	1	
86555	2,95	0,154	0,4543	1561205627075	0	1	2	
86556	2,941	0,578	1,699898	1561205771224	1	1	-1	
86557	2,95	1,5	4,425	1561205965179	0	1	1	
86558	2,95	2,551	7,52545	1561205968435	0	1	0	
86559	2,952	0,128	0,377856	1561205974639	0	1	1	
86560	2,961	0,718	2,125998	1561206168790	0	1	2	
86561	2,969	0,068	0,201892	1561206263289	0	1	3	
86562	2,969	0,018	0,053442	1561206265457	0	1	0	
86563	2,983	0,04	0,11932	1561206287524	0	1	1	
86564	2,983	0,044	0,131252	1561206287564	1	1	0	
86565	2,983	0,321	0,957543	1561206316241	0	1	0	
86566	2,985	0,128	0,38208	1561206323069	0	1	1	
86567	2,968	3,024	8,975232	1561206381852	1	1	-1	
86568	2,968	3,943	11,702824	1561206381852	1	1	0	
86569	2,984	0,671	2,002264	1561206382859	0	1	1	
86570	2,972	0,408	1,212576	1561206389702	1	1	-1	
86571	2,972	2,64	7,84608	1561206412976	0	1	0	
86572	2,972	2,594	7,709368	1561206413143	0	1	0	
86573	2,972	1,083	3,218676	1561206413341	0	1	0	
86574	2,972	1,08	3,20976	1561206413408	0	1	0	
86575	2,972	5,047	14,999684	1561206414002	0	1	0	
86576	2,972	1,5	4,458	1561206417149	0	1	0	
86577	2,972	0,791	2,350852	1561206417193	0	1	0	
86578	2,972	0,432	1,283904	1561206417247	0	1	0	
86579	2,972	1,5	4,458	1561206417365	0	1	0	
86580	2,972	1,5	4,458	1561206417561	0	1	0	
86581	2,972	4,404	13,088688	1561206417637	0	1	0	
86582	2,971	0,896	2,662016	1561206464245	1	1	-1	
86583	2,969	3,019	8,963411	1561206474231	1	1	-2	
86584	2,976	0,034	0,101184	1561206576320	0	1	1	
86585	2,96	0,687	2,03352	1561206699617	1	1	-1	
86586	2,96	0,687	2,03352	1561206700133	1	1	0	
86587	2,96	0,687	2,03352	1561206700599	1	1	0	
86588	2,96	0,687	2,03352	1561206700957	1	1	0	
86589	2,959	0,801	2,370159	1561206761735	0	1	-1	
86590	2,954	1,266	3,739764	1561206772875	1	1	-2	
86591	2,96	3,888	11,50848	1561206802383	0	1	1	
86592	2,96	0,499	1,47704	1561206886721	0	1	0	
86593	2,965	2,398	7,11007	1561207004124	1	1	1	
86594	2,984	0,22	0,65648	1561207052081	0	1	2	
86595	2,984	0,072	0,214848	1561207054628	0	1	0	
86596	2,983	0,118	0,351994	1561207074878	0	1	-1	
86597	2,977	0,107	0,318539	1561207248442	0	1	-2	
86598	2,983	0,184	0,548872	1561207471013	0	1	1	
86599	2,988	0,335	1,00098	1561207690332	0	1	2	
86600	2,997	0,212	0,635364	1561207760863	0	1	3	
86601	2,997	0,212	0,635364	1561207769168	0	1	0	
86602	2,988	0,747	2,232036	1561207835470	1	1	-1	
86603	2,988	1,498	4,476024	1561207835470	1	1	0	
86604	2,988	1,498	4,476024	1561207835992	1	1	0	
86605	2,988	0,649	1,939212	1561207835992	1	1	0	
86606	2,988	0,586	1,750968	1561207837514	1	1	0	
86607	2,988	0,263	0,785844	1561207838466	1	1	0	
86608	2,988	0,586	1,750968	1561207838466	1	1	0	
86609	2,997	0,021	0,062937	1561207875186	0	1	1	
86610	2,997	3,011	9,023967	1561207875186	0	1	0	
86611	2,997	1,59	4,76523	1561207875213	1	1	0	
86612	2,997	0,429	1,285713	1561207875218	1	1	0	
86613	2,997	0,17	0,50949	1561207875226	1	1	0	
86614	2,997	3,155	9,455535	1561207875237	1	1	0	
86615	2,997	1,537	4,606389	1561207875244	1	1	0	
86616	2,997	1,53	4,58541	1561207875245	1	1	0	
86617	2,997	0,261	0,782217	1561207875246	1	1	0	
86618	2,997	1,59	4,76523	1561207875251	1	1	0	
86619	2,997	0,166	0,497502	1561207875251	1	1	0	
86620	2,997	0,141	0,422577	1561207875256	1	1	0	
86621	2,997	0,414	1,240758	1561207875268	1	1	0	
86622	2,997	1,126	3,374622	1561207875302	1	1	0	
86623	2,997	1,126	3,374622	1561207875303	1	1	0	
86624	2,997	1,287	3,857139	1561207875307	1	1	0	
86625	2,997	0,196	0,587412	1561207875321	1	1	0	
86626	2,993	0,113	0,338209	1561207923384	0	1	-1	
86627	2,98	0,788	2,34824	1561208450934	1	1	-2	
86628	2,986	0,045	0,13437	1561208697783	1	1	1	
86629	2,997	2,46	7,37262	1561208758796	0	1	2	
86630	2,997	0,44	1,31868	1561208813318	0	1	0	
86631	2,997	6,06	18,16182	1561208815745	0	1	0	
86632	2,997	0,213	0,638361	1561208818294	0	1	0	
86633	2,997	0,306	0,917082	1561208821617	0	1	0	
86634	2,997	1,5	4,4955	1561208821813	0	1	0	
86635	2,997	0,373	1,117881	1561208821908	0	1	0	
86636	2,997	2,502	7,498494	1561208822019	0	1	0	
86637	2,997	0,754	2,259738	1561208822120	0	1	0	
86638	2,997	0,594	1,780218	1561208831161	0	1	0	
86639	3	0,086	0,258	1561208849493	0	1	1	
86640	3	0,077	0,231	1561208849525	0	1	0	
86641	3	1,526	4,578	1561208849525	0	1	0	
86642	2,992	1,567	4,688464	1561209087841	1	1	-1	
86643	3,01	0,041	0,12341	1561209090309	0	1	1	
86644	3,01	0,624	1,87824	1561209090309	0	1	0	
86645	2,997	0,888	2,661336	1561209101599	1	1	-1	
86646	3	0,136	0,408	1561209123978	0	1	1	
86647	2,986	1,049	3,132314	1561209222405	1	1	-1	
86648	2,974	1,496	4,449104	1561209659683	1	1	-2	
86649	2,974	0,293	0,871382	1561209659686	1	1	0	
86650	2,974	0,092	0,273608	1561209734151	1	1	0	
86651	2,99	1,105	3,30395	1561210230731	1	1	1	
86652	3	0,807	2,421	1561210690271	0	1	2	
86653	2,995	3,342	10,00929	1561210787389	1	1	-1	
86654	3,008	0,665	2,00032	1561210808737	0	1	1	
86655	3,007	6,335	19,049345	1561210810928	0	1	-1	
86656	3,009	0,599	1,802391	1561210812349	0	1	1	
86657	3,01	0,113	0,34013	1561210812349	0	1	2	
86658	3,015	0,39	1,17585	1561210812349	0	1	3	
86659	3,016	0,172	0,518752	1561210812349	0	1	4	
86660	3,017	3,226	9,732842	1561210812349	0	1	5	
86661	3,016	0,034	0,102544	1561210816191	0	1	-1	
86662	3,016	0,169	0,509704	1561210947462	0	1	0	
86663	3,016	0,554	1,670864	1561211014270	1	1	0	
86664	3,016	0,073	0,220168	1561211014270	1	1	0	
86665	3,002	0,335	1,00567	1561211033480	1	1	-1	
86666	3,018	0,128	0,386304	1561211049824	0	1	1	
86667	3,018	0,204	0,615672	1561211049868	1	1	0	
86668	3,019	0,084	0,253596	1561211411615	0	1	1	
86669	3,025	0,386	1,16765	1561211423128	0	1	2	
86670	3,025	0,484	1,4641	1561211423128	0	1	0	
86671	3,026	0,348	1,053048	1561211450530	0	1	1	
86672	3,026	0,348	1,053048	1561211450532	0	1	0	
86673	3,026	0,025	0,07565	1561211508364	0	1	0	
86674	3,026	0,036	0,108936	1561211508364	0	1	0	
86675	3,031	0,118	0,357658	1561211510694	0	1	1	
86676	3,032	6,335	19,20772	1561211513707	0	1	2	
86677	3,033	0,086	0,260838	1561211513707	0	1	3	
86678	3,033	0,037	0,112221	1561211513707	0	1	0	
86679	3,034	0,63	1,91142	1561211515085	0	1	1	
86680	3,035	0,359	1,089565	1561211515085	0	1	2	
86681	3,027	0,665	2,012955	1561211557658	1	1	-1	
86682	3,036	0,382	1,159752	1561211570536	0	1	1	
86683	3,036	0,277	0,840972	1561211582105	1	1	0	
86684	3,027	0,332	1,004964	1561211584373	1	1	-1	
86685	3,027	0,717	2,170359	1561211588147	1	1	0	
86686	3,045	0,329	1,001805	1561211589709	0	1	1	
86687	3,04	1,5	4,56	1561211677334	0	1	-1	
86688	3,04	1,125	3,42	1561211677355	0	1	0	
86689	3,04	1,125	3,42	1561211677357	0	1	0	
86690	3,04	0,464	1,41056	1561211677654	0	1	0	
86691	3,04	0,835	2,5384	1561211677941	0	1	0	
86692	3,045	2,961	9,016245	1561211678606	0	1	1	
86693	3,045	3,612	10,99854	1561211678629	1	1	0	
86694	3,045	3,159	9,619155	1561211678640	1	1	0	
86695	3,045	3,612	10,99854	1561211678707	1	1	0	
86696	3,045	3,159	9,619155	1561211678713	1	1	0	
86697	3,045	2,87	8,73915	1561211678773	1	1	0	
86698	3,046	0,929	2,829734	1561211821616	0	1	1	
86699	3,048	0,378	1,152144	1561211825390	0	1	2	
86700	3,043	0,659	2,005337	1561211834849	1	1	-1	
86701	3,05	0,042	0,1281	1561211839712	0	1	1	
86702	3,05	0,169	0,51545	1561211839712	0	1	0	
86703	3,051	0,128	0,390528	1561211843774	0	1	1	
86704	3,055	0,655	2,001025	1561211848108	0	1	2	
86705	3,053	0,69	2,10657	1561212022739	1	1	-1	
86706	3,053	0,477	1,456281	1561212081929	1	1	0	
86707	3,053	0,145	0,442685	1561212122064	0	1	0	
86708	3,055	1,049	3,204695	1561212189113	0	1	1	
86709	3,059	0,094	0,287546	1561212253941	0	1	2	
86710	3,052	0,036	0,109872	1561212261637	1	1	-1	
86711	3,053	0,925	2,824025	1561212270643	1	1	1	
86712	3,043	0,103	0,313429	1561212571907	1	1	-1	
86713	3,042	0,315	0,95823	1561212573545	1	1	-2	
86714	3,042	0,56	1,70352	1561212579819	1	1	0	
86715	3,059	0,28	0,85652	1561212922683	0	1	1	
86716	3,055	0,099	0,302445	1561213313052	1	1	-1	
86717	3,064	0,036	0,110304	1561213598180	0	1	1	
86718	3,056	1,42	4,33952	1561213749524	1	1	-1	
86719	3,056	0,11	0,33616	1561213749524	1	1	0	
86720	3,056	0,329	1,005424	1561213749664	1	1	0	
86721	3,069	0,033	0,101277	1561213850222	0	1	1	
86722	3,068	0,652	2,000336	1561213856402	0	1	-1	
86723	3,054	0,87	2,65698	1561213877912	1	1	-2	
86724	3,054	0,001	0,003054	1561213963993	1	1	0	
86725	3,056	0,05	0,1528	1561213994690	0	1	1	
86726	3,056	0,278	0,849568	1561213994727	1	1	0	
86727	3,033	2,956	8,965548	1561213994943	1	1	-1	
86728	3,032	6,336	19,210752	1561213998516	1	1	-2	
86729	3,032	2,957	8,965624	1561213998516	1	1	0	
86730	3,031	1,756	5,322436	1561213999780	1	1	-1	
86731	3,027	0,331	1,001937	1561214008940	1	1	-2	
86732	3,023	2,963	8,957149	1561214008940	1	1	-3	
86733	3,018	0,128	0,386304	1561214012564	1	1	-4	
86734	3,003	0,4	1,2012	1561214016528	1	1	-5	
86735	3,003	0,066	0,198198	1561214029646	1	1	0	
86736	3,008	0,476	1,431808	1561214072871	1	1	1	
86737	2,997	2,544	7,624368	1561214110049	1	1	-1	
86738	2,997	0,4	1,1988	1561214118916	1	1	0	
86739	2,997	0,607	1,819179	1561214120139	1	1	0	
86740	2,997	0,8	2,3976	1561214123363	1	1	0	
86741	2,997	3,08	9,23076	1561214124345	1	1	0	
86742	2,997	1,537	4,606389	1561214124362	1	1	0	
86743	2,997	1,164	3,488508	1561214124392	1	1	0	
86744	2,997	1,537	4,606389	1561214124427	1	1	0	
86745	2,997	1,34	4,01598	1561214124433	1	1	0	
86746	2,997	1,164	3,488508	1561214124465	1	1	0	
86747	2,997	1,537	4,606389	1561214124494	1	1	0	
86748	2,997	1,164	3,488508	1561214124550	1	1	0	
86749	2,997	1,04	3,11688	1561214125083	1	1	0	
86750	2,997	3,085	9,245745	1561214125956	1	1	0	
86751	2,997	1,164	3,488508	1561214125984	1	1	0	
86752	2,997	1,164	3,488508	1561214126072	1	1	0	
86753	2,997	1,164	3,488508	1561214126154	1	1	0	
86754	2,997	1,164	3,488508	1561214126247	1	1	0	
86755	2,997	1,164	3,488508	1561214126329	1	1	0	
86756	2,997	1,164	3,488508	1561214126408	1	1	0	
86757	2,997	2,714	8,133858	1561214127031	1	1	0	
86758	2,988	0,034	0,101592	1561214143757	1	1	-1	
86759	2,985	0,128	0,38208	1561214173006	1	1	-2	
86760	2,977	0,704	2,095808	1561214173006	1	1	-3	
86761	2,976	0,05	0,1488	1561214173006	1	1	-4	
86762	3,014	0,327	0,985578	1561214175844	0	1	1	
86763	2,992	2,84	8,49728	1561214206310	0	1	-1	
86764	2,992	0,234	0,700128	1561214206310	0	1	0	
86765	2,995	1,836	5,49882	1561214221796	0	1	1	
86766	2,995	1,234	3,69583	1561214221800	0	1	0	
86767	3,018	0,704	2,124672	1561214248476	0	1	1	
86768	3,018	0,121	0,365178	1561214248476	0	1	0	
86769	3,018	0,007	0,021126	1561214248547	0	1	0	
86770	3,028	4,625	14,0045	1561214248547	0	1	1	
86771	3,028	4,632	14,025696	1561214248748	0	1	0	
86772	3,051	2,961	9,034011	1561214271904	0	1	1	
86773	3,051	0,128	0,390528	1561214271904	0	1	0	
86774	3,029	6,83	20,68807	1561214410666	1	1	-1	
86775	3,049	0,327	0,997023	1561214442404	0	1	1	
86776	3,049	0,329	1,003121	1561214442474	1	1	0	
86777	3,036	2,954	8,968344	1561214460679	1	1	-1	
86778	3,036	2,953	8,965308	1561214460679	1	1	0	
86779	3,035	0,429	1,302015	1561214460679	1	1	-1	
86780	3,036	4,034	12,247224	1561214463732	1	1	1	
86781	3,035	2,53	7,67855	1561214506964	1	1	-1	
86782	3,035	0,877	2,661695	1561214506964	1	1	0	
86783	3,034	2,959	8,977606	1561214523097	1	1	-1	
86784	3,033	0,132	0,400356	1561214523097	1	1	-2	
86785	3,033	2,828	8,577324	1561214523522	1	1	0	
86786	3,018	0,37	1,11666	1561214605352	1	1	-1	
86787	3,018	0,128	0,386304	1561214605352	1	1	0	
86788	3,012	1,758	5,295096	1561214620044	1	1	-1	
86789	3,012	0,009	0,027108	1561214729325	1	1	0	
86790	3,008	0,938	2,821504	1561214852772	1	1	-1	
86791	3,008	0,436	1,311488	1561214852822	1	1	0	
86792	3,008	0,058	0,174464	1561214852825	1	1	0	
86793	3,008	0,436	1,311488	1561214852825	1	1	0	
86794	3,008	0,058	0,174464	1561214852831	1	1	0	
86795	3,008	0,938	2,821504	1561214852836	1	1	0	
86796	3,008	1,432	4,307456	1561214852836	1	1	0	
86797	3,008	1,432	4,307456	1561214852836	1	1	0	
86798	3,005	3,698	11,11249	1561214852836	1	1	-1	
86799	3,005	0,436	1,31018	1561214852939	1	1	0	
86800	3,005	0,292	0,87746	1561214852939	1	1	0	
86801	3,005	0,164	0,49282	1561214853985	1	1	0	
86802	3,005	1	3,005	1561214854031	1	1	0	
86803	3,005	0,719	2,160595	1561214855001	1	1	0	
86804	3,002	0,699	2,098398	1561214903388	1	1	-1	
86805	3,005	0,092	0,27646	1561214904438	0	1	1	
86806	3,005	0,075	0,225375	1561214904494	1	1	0	
86807	2,997	0,13	0,38961	1561214912438	1	1	-1	
86808	2,997	0,238	0,713286	1561215028592	1	1	0	
86809	2,985	0,128	0,38208	1561215087364	1	1	-1	
86810	2,978	3,033	9,032274	1561215099510	1	1	-2	
86811	2,978	0,54	1,60812	1561215100077	1	1	0	
86812	2,977	0,243	0,723411	1561215101814	1	1	-1	
86813	2,977	0,439	1,306903	1561215101814	1	1	0	
86814	2,966	0,408	1,210128	1561215120767	1	1	-1	
86815	2,966	0,524	1,554184	1561215120767	1	1	0	
86816	2,959	1,5	4,4385	1561215123828	1	1	-1	
86817	2,96	0,989	2,92744	1561215127756	1	1	1	
86818	2,96	0,518	1,53328	1561215128092	1	1	0	
86819	2,957	0,034	0,100538	1561215128092	1	1	-1	
86820	2,953	6,336	18,710208	1561215128092	1	1	-2	
86821	2,952	0,128	0,377856	1561215128092	1	1	-3	
86822	2,947	0,039	0,114933	1561215128092	1	1	-4	
86823	2,945	20,065	59,091425	1561215128092	1	1	-5	
86824	2,985	0,128	0,38208	1561215453678	0	1	1	
86825	2,977	0,445	1,324765	1561216352246	0	1	-1	
86826	2,985	0,125	0,373125	1561216388493	0	1	1	
86827	2,985	1,536	4,58496	1561216527309	1	1	0	
86828	2,985	0,464	1,38504	1561216527345	1	1	0	
86829	2,974	1,435	4,26769	1561217060222	0	1	-1	
86830	2,974	0,611	1,817114	1561217060222	0	1	0	
86831	2,974	0,198	0,588852	1561217261704	0	1	0	
86832	2,992	0,1	0,2992	1561217708858	0	1	1	
86833	2,999	0,12	0,35988	1561218011100	0	1	2	
86834	2,992	0,1	0,2992	1561218313105	1	1	-1	
86835	2,993	1,278	3,825054	1561218523463	1	1	1	
86836	2,996	0,5	1,498	1561218870781	1	1	2	
86837	2,999	1	2,999	1561219047412	1	1	3	
86838	3,01	1,431	4,30731	1561219837187	0	1	4	
86839	3,012	0,396	1,192752	1561219837187	0	1	5	
86840	3,012	1,827	5,502924	1561219837195	0	1	0	
86841	3,012	0,769	2,316228	1561219837253	0	1	0	
86842	3,012	0,282	0,849384	1561220098516	0	1	0	
86843	3,012	0,257	0,774084	1561220106075	0	1	0	
86844	3,012	2,451	7,382412	1561220109863	0	1	0	
86845	3,017	0,072	0,217224	1561220354185	0	1	1	
86846	3	0,41	1,23	1561221337848	1	1	-1	
86847	2,999	3,387	10,157613	1561221380900	1	1	-2	
86848	2,999	0,042	0,125958	1561221381970	1	1	0	
86849	2,999	3,387	10,157613	1561221384914	1	1	0	
86850	2,999	17,525	52,557475	1561221398039	1	1	0	
86851	2,999	0,382	1,145618	1561221752819	0	1	0	
86852	2,999	0,367	1,100633	1561221752860	1	1	0	
86853	2,999	0,134	0,401866	1561222558128	1	1	0	
86854	3,001	1	3,001	1561222587868	0	1	1	
86855	2,992	3,174	9,496608	1561222683664	1	1	-1	
86856	2,995	0,627	1,877865	1561223039894	1	1	1	
86857	3,014	0,401	1,208614	1561223298501	0	1	2	
86858	3,014	0,298	0,898172	1561223301036	0	1	0	
86859	3,008	1,443	4,340544	1561223529117	0	1	-1	
86860	3,008	0,057	0,171456	1561223529117	0	1	0	
86861	3,008	0,498	1,497984	1561223760234	1	1	0	
86862	3,014	0,083	0,250162	1561223809271	0	1	1	
86863	3,014	0,076	0,229064	1561224111210	0	1	0	
86864	3,004	0,859	2,580436	1561224144211	1	1	-1	
86865	3,007	0,072	0,216504	1561224183953	1	1	1	
86866	3,006	0,072	0,216432	1561224185476	1	1	-1	
86867	3,018	0,128	0,386304	1561224472942	0	1	1	
86868	3,011	6,873	20,694603	1561224668465	1	1	-1	
86869	3,027	0,661	2,000847	1561224747717	0	1	1	
86870	3,017	2,973	8,969541	1561224841493	1	1	-1	
86871	3,014	0,883	2,661362	1561224844479	1	1	-2	
86872	3,013	1,583	4,769579	1561224853237	1	1	-3	
86873	3,013	1,294	3,898822	1561225107973	1	1	0	
86874	3,017	0,04	0,12068	1561225413365	0	1	1	
86875	3,012	0,366	1,102392	1561225626171	0	1	-1	
86876	2,999	0,366	1,097634	1561225956538	1	1	-2	
86877	2,991	1,779	5,320989	1561226157658	1	1	-3	
86878	3,015	0,163	0,491445	1561226248309	0	1	1	
86879	3,015	3,323	10,018845	1561226608513	1	1	0	
86880	3,034	0,659	1,999406	1561226629925	0	1	1	
86881	3,021	0,881	2,661501	1561226631531	1	1	-1	
86882	3,004	0,748	2,246992	1561227317490	1	1	-2	
86883	3,03	1,575	4,77225	1561227845692	0	1	1	
86884	3,03	1,726	5,22978	1561227846539	0	1	0	
86885	3,03	2,175	6,59025	1561227846539	0	1	0	
86886	3,025	0,403	1,219075	1561227912176	1	1	-1	
86887	3,025	1,17	3,53925	1561228042784	0	1	0	
86888	3,026	2,968	8,981168	1561228142567	1	1	1	
86889	3,022	0,786	2,375292	1561228292783	1	1	-1	
86890	3,034	1	3,034	1561228443724	0	1	1	
86891	3,013	1,448	4,362824	1561228879811	1	1	-1	
86892	3,013	1,194	3,597522	1561228880242	1	1	0	
86893	3,013	0,432	1,301616	1561229259215	1	1	0	
86894	3,013	0,859	2,588167	1561229259487	1	1	0	
86895	3,007	0,071	0,213497	1561229840472	1	1	-1	
86896	3,008	0,071	0,213568	1561229841994	1	1	1	
86897	3,008	0,089	0,267712	1561230038513	0	1	0	
86898	3,006	1,213	3,646278	1561230116875	1	1	-1	
86899	3,015	2,143	6,461145	1561230617379	1	1	1	
86900	3,014	2,143	6,459002	1561230617443	0	1	-1	
86901	3,004	1,68	5,04672	1561230825309	1	1	-2	
86902	3,004	1,307	3,926228	1561230827009	1	1	0	
86903	3,004	2,987	8,972948	1561230827009	1	1	0	
86904	3,003	2,986	8,966958	1561230884619	1	1	-1	
86905	3,001	2,989	8,969989	1561230884619	1	1	-2	
86906	2,998	1,775	5,32145	1561230884619	1	1	-3	
86907	2,996	2,456	7,358176	1561230884619	1	1	-4	
86908	2,993	0,794	2,376442	1561230884619	1	1	-5	
86909	2,996	1	2,996	1561230911741	1	1	1	
86910	2,992	0,094	0,281248	1561231516734	1	1	-1	
86911	2,992	0,269	0,804848	1561231619015	1	1	0	
86912	2,992	0,338	1,011296	1561231619652	1	1	0	
86913	2,985	0,105	0,313425	1561231718985	1	1	-1	
86914	2,985	0,023	0,068655	1561231719329	1	1	0	
86915	2,985	0,25	0,74625	1561232324889	0	1	0	
86916	2,993	0,57	1,70601	1561233661127	0	1	1	
86917	2,993	0,1	0,2993	1561233661251	0	1	0	
86918	2,984	0,051	0,152184	1561233774686	1	1	-1	
86919	2,985	2,752	8,21472	1561234189344	0	1	1	
86920	2,985	1,46	4,3581	1561234189350	0	1	0	
86921	2,991	0,989	2,958099	1561234355113	1	1	1	
86922	3,004	0,64	1,92256	1561234367061	0	1	2	
86923	3	0,1	0,3	1561234508499	1	1	-1	
86924	2,985	0,215	0,641775	1561235807057	1	1	-2	
86925	2,985	0,992	2,96112	1561235807084	0	1	0	
86926	2,985	0,001	0,002985	1561235807085	0	1	0	
86927	2,998	0,328	0,983344	1561235807960	0	1	1	
86928	2,998	0,339	1,016322	1561235968743	0	1	0	
86929	3	0,165	0,495	1561235989509	0	1	1	
86930	2,997	9,192	27,548424	1561236116745	1	1	-1	
86931	2,987	0,167	0,498829	1561238363264	0	1	-2	
86932	2,98	0,084	0,25032	1561238900880	1	1	-3	
86933	2,986	0,436	1,301896	1561239370231	1	1	1	
86934	2,986	3,728	11,131808	1561239370297	1	1	0	
86935	2,989	0,101	0,301889	1561239370350	0	1	1	
86936	2,989	0,385	1,150765	1561239384306	0	1	0	
86937	2,987	1,46	4,36102	1561240015711	0	1	-1	
86938	2,987	0,54	1,61298	1561240015711	0	1	0	
86939	2,98	4	11,92	1561240067573	1	1	-1	
86940	2,977	9,28	27,62656	1561240067573	1	1	-2	
86941	2,974	1,46	4,34204	1561240067573	1	1	-3	
86942	2,974	1,46	4,34204	1561240067573	1	1	0	
86943	2,974	1,46	4,34204	1561240067573	1	1	0	
86944	2,974	1,46	4,34204	1561240067573	1	1	0	
86945	2,972	0,543	1,613796	1561240067573	1	1	-1	
86946	2,987	0,327	0,976749	1561240068331	0	1	1	
86947	2,987	0,335	1,000645	1561240597240	1	1	0	
86948	2,982	0,251	0,748482	1561241197950	1	1	-1	
86949	2,988	0,089	0,265932	1561241495444	1	1	1	
86950	2,987	0,335	1,000645	1561241886983	0	1	-1	
86951	2,99	1,5	4,485	1561242565747	1	1	1	
86952	2,989	0,101	0,301889	1561242565850	1	1	-1	
86953	2,984	0,799	2,384216	1561243966023	1	1	-2	
86954	2,983	0,201	0,599583	1561243966023	1	1	-3	
86955	2,983	3,684	10,989372	1561244628066	1	1	0	
86956	2,983	0,626	1,867358	1561244682501	0	1	0	
86957	2,983	2,45	7,30835	1561244682603	0	1	0	
86958	2,983	1,334	3,979322	1561244684438	0	1	0	
86959	2,993	1,448	4,333864	1561244724190	0	1	1	
86960	2,993	1,448	4,333864	1561244725187	0	1	0	
86961	2,98	2,997	8,93106	1561244757228	0	1	-1	
86962	2,989	10,159	30,365251	1561244870272	0	1	1	
86963	2,989	9,841	29,414749	1561244870287	1	1	0	
86964	2,971	0,288	0,855648	1561244880616	1	1	-1	
86965	2,971	0,299	0,888329	1561244880616	1	1	0	
86966	2,985	0,385	1,149225	1561244884010	0	1	1	
86967	2,966	0,035	0,10381	1561244893607	1	1	-1	
86968	2,996	0,035	0,10486	1561245585161	0	1	1	
86969	3,001	0,77	2,31077	1561245623130	0	1	2	
86970	3,002	1,46	4,38292	1561246618629	0	1	3	
86971	3,002	1,46	4,38292	1561246618632	0	1	0	
86972	3,002	1,46	4,38292	1561246618632	0	1	0	
86973	3,002	1,458	4,376916	1561246618632	0	1	0	
86974	3,002	0,002	0,006004	1561246618634	0	1	0	
86975	3,003	0,697	2,093091	1561246618864	0	1	1	
86976	3,003	2,636	7,915908	1561246618945	0	1	0	
86977	3,005	0,697	2,094485	1561246619045	0	1	1	
86978	3,005	0,697	2,094485	1561246619047	0	1	0	
86979	3,005	0,263	0,790315	1561246619391	0	1	0	
86980	3,005	4,716	14,17158	1561246619411	0	1	0	
86981	3,005	8,818	26,49809	1561246619411	0	1	0	
86982	3,006	0,697	2,095182	1561246619658	0	1	1	
86983	3,006	0,697	2,095182	1561246619693	0	1	0	
86984	3,006	9,353	28,115118	1561246619723	0	1	0	
86985	3,006	0,804	2,416824	1561246619875	0	1	0	
86986	3,018	0,128	0,386304	1561246619904	0	1	1	
86987	3,018	0,167	0,504006	1561246619904	0	1	0	
86988	3,025	9,929	30,035225	1561246619904	0	1	1	
86989	3,025	0,7	2,1175	1561246620037	0	1	0	
86990	3,026	3,1	9,3806	1561246620037	0	1	1	
86991	3,026	0,7	2,1182	1561246620081	0	1	0	
86992	3,051	0,128	0,390528	1561246628987	0	1	1	
86993	3,053	0,102	0,311406	1561246630221	0	1	2	
86994	3,056	0,034	0,103904	1561246633500	0	1	3	
86995	3,056	0,965	2,94904	1561246646398	0	1	0	
86996	3,041	3,315	10,080915	1561246648795	1	1	-1	
86997	3,054	0,328	1,001712	1561246650985	0	1	1	
86998	3,054	0,327	0,998658	1561246651594	0	1	0	
86999	3,069	0,652	2,000988	1561246669994	0	1	1	
87000	3,055	0,871	2,660905	1561246707449	1	1	-1	
87001	3,044	4,164	12,675216	1561246716842	1	1	-2	
87002	3,064	1,199	3,673736	1561246825884	0	1	1	
87003	3,049	4,346	13,250954	1561246934856	1	1	-1	
87004	3,033	1,197	3,630501	1561247021727	1	1	-2	
87005	3,032	1,102	3,341264	1561247060701	1	1	-3	
87006	3,032	0,653	1,979896	1561247060708	1	1	0	
87007	3,05	0,257	0,78385	1561247479172	0	1	1	
87008	3,033	0,299	0,906867	1561247838641	1	1	-1	
87009	3,034	2	6,068	1561248549774	1	1	1	
87010	3,046	3,284	10,003064	1561248566623	0	1	2	
87011	3,046	5,925	18,04755	1561248566652	0	1	0	
87012	3,046	1,95	5,9397	1561248567831	0	1	0	
87013	3,046	6,57	20,01222	1561248567858	0	1	0	
87014	3,046	2,27	6,91442	1561248568671	0	1	0	
87015	3,061	0,051	0,156111	1561248610480	0	1	1	
87016	3,053	0,061	0,186233	1561248929791	1	1	-1	
87017	3,053	1,4	4,2742	1561249266324	0	1	0	
87018	3,066	2,397	7,349202	1561249437725	1	1	1	
87019	3,066	1,773	5,436018	1561249437727	1	1	0	
87020	3,056	0,25	0,764	1561249440087	1	1	-1	
87021	3,056	1,45	4,4312	1561249440087	1	1	0	
87022	3,056	1,578	4,822368	1561249440087	1	1	0	
87023	3,069	0,652	2,000988	1561249448901	0	1	1	
87024	3,055	0,13	0,39715	1561249588228	1	1	-1	
87025	3,055	0,491	1,500005	1561249588230	1	1	0	
87026	3,055	0,13	0,39715	1561249588234	1	1	0	
87027	3,055	0,12	0,3666	1561249605958	1	1	0	
87028	3,055	1,369	4,182295	1561249830075	1	1	0	
87029	3,055	0,073	0,223015	1561249830086	1	1	0	
87030	3,055	1,296	3,95928	1561249830086	1	1	0	
87031	3,071	0,37	1,13627	1561250103113	0	1	1	
87032	3,071	0,001	0,003071	1561250128113	0	1	0	
87033	3,072	0,036	0,110592	1561250151239	0	1	1	
87034	3,073	0,757	2,326261	1561250163220	0	1	2	
87035	3,08	0,188	0,57904	1561250199874	0	1	3	
87036	3,08	0,355	1,0934	1561250200254	0	1	0	
87037	3,074	0,07	0,21518	1561250212204	1	1	-1	
87038	3,074	0,332	1,020568	1561250212318	1	1	0	
87039	3,075	0,07	0,21525	1561250213735	1	1	1	
87040	3,071	0,116	0,356236	1561250217282	1	1	-1	
87041	3,071	1,523	4,677133	1561250217294	1	1	0	
87042	3,083	0,367	1,131461	1561250247844	0	1	1	
87043	3,083	0,282	0,869406	1561250247889	1	1	0	
87044	3,084	0,128	0,394752	1561250363506	0	1	1	
87045	3,083	0,035	0,107905	1561250540607	1	1	-1	
87046	3,087	0,039	0,120393	1561251213207	0	1	1	
87047	3,09	3,675	11,35575	1561251213408	0	1	2	
87048	3,09	0,062	0,19158	1561251213408	0	1	0	
87049	3,09	0,05	0,1545	1561251213408	0	1	0	
87050	3,092	0,085	0,26282	1561251250268	0	1	1	
87051	3,093	0,923	2,854839	1561251250268	0	1	2	
87052	3,093	0,001	0,003093	1561251250632	0	1	0	
87053	3,095	0,036	0,11142	1561251286192	0	1	1	
87054	3,095	0,363	1,123485	1561251286192	0	1	0	
87055	3,086	0,796	2,456456	1561251451334	1	1	-1	
87056	3,086	0,129	0,398094	1561251475198	1	1	0	
87057	3,085	5,466	16,86261	1561251540130	1	1	-1	
87058	3,085	2,133	6,580305	1561251566438	1	1	0	
87059	3,085	2,133	6,580305	1561251566442	1	1	0	
87060	3,085	0,359	1,107515	1561251575918	1	1	0	
87061	3,085	0,226	0,69721	1561251575923	1	1	0	
87062	3,092	0,051	0,157692	1561252434372	0	1	1	
87063	3,1	1,5	4,65	1561252658680	0	1	2	
87064	3,1	4,504	13,9624	1561252658722	0	1	0	
87065	3,1	12,288	38,0928	1561252658735	0	1	0	
87066	3,1	1,5	4,65	1561252658802	0	1	0	
87067	3,1	1,279	3,9649	1561252658848	0	1	0	
87068	3,1	12,289	38,0959	1561252658899	0	1	0	
87069	3,1	0,251	0,7781	1561252659053	0	1	0	
87070	3,1	6,49	20,119	1561252659090	0	1	0	
87071	3,1	0,183	0,5673	1561252659367	0	1	0	
87072	3,1	1,583	4,9073	1561252659466	0	1	0	
87073	3,1	2,07	6,417	1561252661577	0	1	0	
87074	3,1	2,312	7,1672	1561252661665	0	1	0	
87075	3,1	0,28	0,868	1561252662013	0	1	0	
87076	3,1	0,096	0,2976	1561252662355	0	1	0	
87077	3,1	9,319	28,8889	1561252665042	0	1	0	
87078	3,1	0,183	0,5673	1561252665351	0	1	0	
87079	3,1	0,838	2,5978	1561252670236	0	1	0	
87080	3,1	4,283	13,2773	1561252670410	0	1	0	
87081	3,1	4,416	13,6896	1561252671261	0	1	0	
87082	3,1	1,313	4,0703	1561252673517	0	1	0	
87083	3,1	4,251	13,1781	1561252729080	0	1	0	
87084	3,092	0,685	2,11802	1561253458953	0	1	-1	
87085	3,092	1,315	4,06598	1561253458953	0	1	0	
87086	3,088	0,324	1,000512	1561253509767	0	1	-1	
87087	3,085	0,033	0,101805	1561253649276	0	1	-2	
87088	3,085	0,73	2,25205	1561254712216	1	1	0	
87089	3,059	0,327	1,000293	1561255964402	1	1	-1	
87090	3,07	1,445	4,43615	1561256187201	0	1	1	
87091	3,07	1,445	4,43615	1561256187201	0	1	0	
87092	3,07	1,445	4,43615	1561256187201	0	1	0	
87093	3,07	1,445	4,43615	1561256187201	0	1	0	
87094	3,071	11,528	35,402488	1561256187201	0	1	1	
87095	3,071	2,299	7,060229	1561256187201	0	1	0	
87096	3,061	0,039	0,119379	1561256257475	1	1	-1	
87097	3,061	0,1	0,3061	1561256257594	0	1	0	
87098	3,057	0,686	2,097102	1561256317051	1	1	-1	
87099	3,057	0,163	0,498291	1561256317051	1	1	0	
87100	3,051	0,128	0,390528	1561256448837	1	1	-1	
87101	3,046	1,747	5,321362	1561256531846	1	1	-2	
87102	3,065	18,216	55,83204	1561257929133	1	1	1	
87103	3,05	0,163	0,49715	1561258208151	1	1	-1	
87104	3,05	0,1	0,305	1561258208552	1	1	0	
87105	3,077	0,039	0,120003	1561259018274	0	1	1	
87106	3,082	0,686	2,114252	1561259038770	0	1	2	
87107	3,084	0,128	0,394752	1561259072783	0	1	3	
87108	3,084	0,335	1,03314	1561259175144	1	1	0	
87109	3,073	1,454	4,468142	1561259267403	1	1	-1	
87110	3,073	0,942	2,894766	1561259267403	1	1	0	
87111	3,089	0,155	0,478795	1561259289380	0	1	1	
87112	3,089	0,493	1,522877	1561259289407	1	1	0	
87113	3,078	0,538	1,655964	1561259336056	1	1	-1	
87114	3,075	0,866	2,66295	1561259933882	1	1	-2	
87115	3,076	2,918	8,975768	1561260256315	1	1	1	
87116	3,075	1,45	4,45875	1561260256315	1	1	-1	
87117	3,075	1,45	4,45875	1561260256315	1	1	0	
87118	3,075	1,45	4,45875	1561260256315	1	1	0	
87119	3,075	1,45	4,45875	1561260256315	1	1	0	
87120	3,073	3,655	11,231815	1561260256315	1	1	-1	
87121	3,079	0,4	1,2316	1561260589319	1	1	1	
87122	3,083	2,264	6,979912	1561260623385	1	1	2	
87123	3,088	1,514	4,675232	1561261619812	1	1	3	
87124	3,098	0,646	2,001308	1561261628736	0	1	4	
87125	3,1	5,012	15,5372	1561262188605	0	1	5	
87126	3,1	1,048	3,2488	1561262207177	0	1	0	
87127	3,1	0,545	1,6895	1561262227104	0	1	0	
87128	3,1	4,026	12,4806	1561262231282	0	1	0	
87129	3,1	0,557	1,7267	1561262231399	0	1	0	
87130	3,1	4,026	12,4806	1561262231490	0	1	0	
87131	3,1	4,709	14,5979	1561262232851	0	1	0	
87132	3,1	0,545	1,6895	1561262232943	0	1	0	
87133	3,1	10	31	1561262233047	0	1	0	
87134	3,1	52,378	162,3718	1561262294530	0	1	0	
87135	3,1	0,579	1,7949	1561262294530	0	1	0	
87136	3,1	1	3,1	1561262294530	0	1	0	
87137	3,102	0,042	0,130284	1561262294530	0	1	1	
87138	3,103	2,905	9,014215	1561262294530	0	1	2	
87139	3,104	0,035	0,10864	1561262294540	0	1	3	
87140	3,104	2,706	8,399424	1561262294540	0	1	0	
87141	3,104	2,741	8,508064	1561262294542	0	1	0	
87142	3,104	3,796	11,782784	1561262294571	0	1	0	
87143	3,105	6,531	20,278755	1561262294630	0	1	1	
87144	3,106	3,866	12,007796	1561262294910	0	1	2	
87145	3,106	2,217	6,886002	1561262295020	0	1	0	
87146	3,107	0,36	1,11852	1561262295535	0	1	1	
87147	3,111	0,041	0,127551	1561262494775	0	1	2	
87148	3,118	0,128	0,399104	1561262560006	0	1	3	
87149	3,118	0,038	0,118484	1561262560006	0	1	0	
87150	3,119	0,769	2,398511	1561262560006	0	1	1	
87151	3,118	0,13	0,40534	1561262630976	0	1	-1	
87152	3,11	0,035	0,10885	1561262647098	1	1	-2	
87153	3,1	2,89	8,959	1561262661430	1	1	-3	
87154	3,1	1,28	3,968	1561262661452	0	1	0	
87155	3,1	2,895	8,9745	1561262729699	1	1	0	
87156	3,099	0,151	0,467949	1561262729699	1	1	-1	
87157	3,095	0,578	1,78891	1561262774041	1	1	-2	
87158	3,094	0,073	0,225862	1561262774041	1	1	-3	
87159	3,11	3,654	11,36394	1561263791472	0	1	1	
87160	3,11	17,1	53,181	1561263888922	0	1	0	
87161	3,102	1,607	4,984914	1561264350628	0	1	-1	
87162	3,1	1,07	3,317	1561264405033	0	1	-2	
87163	3,101	2,904	9,005304	1561264405033	0	1	1	
87164	3,102	4,177	12,957054	1561264405049	1	1	2	
87165	3,102	0,427	1,324554	1561264405079	1	1	0	
87166	3,102	2,147	6,659994	1561264405102	1	1	0	
87167	3,102	0,08	0,24816	1561264405106	1	1	0	
87168	3,102	4,908	15,224616	1561264405114	1	1	0	
87169	3,102	3,287	10,196274	1561264405150	1	1	0	
87170	3,102	2,263	7,019826	1561264405151	1	1	0	
87171	3,102	8,958	27,787716	1561264405196	1	1	0	
87172	3,102	2,905	9,01131	1561264405208	1	1	0	
87173	3,102	6,124	18,996648	1561264405262	1	1	0	
87174	3,102	6,493	20,141286	1561264405335	1	1	0	
87175	3,102	4,506	13,977612	1561264405461	1	1	0	
87176	3,102	0,003	0,009306	1561264406404	1	1	0	
87177	3,106	0,322	1,000132	1561264524645	0	1	1	
87178	3,101	1,5	4,6515	1561265223865	0	1	-1	
87179	3,101	1,06	3,28706	1561265285774	0	1	0	
87180	3,101	4,717	14,627417	1561265334546	0	1	0	
87181	3,101	7,188	22,289988	1561265334760	0	1	0	
87182	3,101	7,188	22,289988	1561265334870	0	1	0	
87183	3,101	4,896	15,182496	1561265334971	0	1	0	
87184	3,101	5,956	18,469556	1561265336257	0	1	0	
87185	3,101	3,295	10,217795	1561265336455	0	1	0	
87186	3,101	1,286	3,987886	1561265342557	0	1	0	
87187	3,101	27,346	84,799946	1561265343830	0	1	0	
87188	3,101	1,725	5,349225	1561265346121	0	1	0	
87189	3,101	9,924	30,774324	1561265346769	0	1	0	
87190	3,101	0,322	0,998522	1561265350715	0	1	0	
87191	3,101	5,175	16,047675	1561265352466	0	1	0	
87192	3,101	0,18	0,55818	1561265352581	0	1	0	
87193	3,101	1,725	5,349225	1561265353103	0	1	0	
87194	3,101	9,022	27,977222	1561265353412	0	1	0	
87195	3,101	3,105	9,628605	1561265355518	0	1	0	
87196	3,101	4,485	13,907985	1561265368089	0	1	0	
87197	3,096	0,445	1,37772	1561265506264	1	1	-1	
87198	3,101	2,505	7,768005	1561265520858	0	1	1	
87199	3,101	3,373	10,459673	1561265521289	0	1	0	
87200	3,101	3,287	10,192987	1561265565491	0	1	0	
87201	3,101	3,286	10,189886	1561265565601	0	1	0	
87202	3,101	0,119	0,369019	1561265566742	0	1	0	
87203	3,101	1,073	3,327373	1561265566946	0	1	0	
87204	3,101	0,426	1,321026	1561265567002	0	1	0	
87205	3,101	0,18	0,55818	1561265568642	0	1	0	
87206	3,101	3,286	10,189886	1561265568667	0	1	0	
87207	3,101	3,283	10,180583	1561265568671	0	1	0	
87208	3,101	0,128	0,396928	1561265568748	0	1	0	
87209	3,101	5,739	17,796639	1561265571714	0	1	0	
87210	3,101	0,399	1,237299	1561265573563	0	1	0	
87211	3,101	11,386	35,307986	1561265573663	0	1	0	
87212	3,101	1,035	3,209535	1561265574393	0	1	0	
87213	3,101	23,68	73,43168	1561265576402	0	1	0	
87214	3,101	1,5	4,6515	1561265580214	0	1	0	
87215	3,101	1,578	4,893378	1561265580419	0	1	0	
87216	3,087	3,21	9,90927	1561265975920	1	1	-1	
87217	3,087	4,065	12,548655	1561265975920	1	1	0	
87218	3,085	2,909	8,974265	1561266136999	1	1	-1	
87219	3,085	0,19	0,58615	1561266136999	1	1	0	
87220	3,085	1,26	3,8871	1561266137016	1	1	0	
87221	3,085	1,45	4,47325	1561266137016	1	1	0	
87222	3,085	0,389	1,200065	1561266137016	1	1	0	
87223	3,084	0,128	0,394752	1561266703692	1	1	-1	
87224	3,084	0,872	2,689248	1561266703778	0	1	0	
87225	3,079	8,649	26,630271	1561266875113	1	1	-1	
87226	3,079	6,211	19,123669	1561266875225	1	1	0	
87227	3,077	0,325	1,000025	1561266969219	1	1	-1	
87228	3,077	0,681	2,095437	1561266969219	1	1	0	
87229	3,061	0,414	1,267254	1561267301341	1	1	-1	
87230	3,069	0,552	1,694088	1561267600977	0	1	1	
87231	3,069	0,137	0,420453	1561267602205	0	1	0	
87232	3,069	0,034	0,104346	1561267603479	0	1	0	
87233	3,063	0,902	2,762826	1561267953346	1	1	-1	
87234	3,061	1,324	4,052764	1561268034118	1	1	-2	
87235	3,055	0,132	0,40326	1561268650680	1	1	-3	
87236	3,055	0,429	1,310595	1561268670129	0	1	0	
87237	3,055	0,228	0,69654	1561268670131	0	1	0	
87238	3,079	0,681	2,096799	1561270249463	0	1	1	
87239	3,075	1,449	4,455675	1561270817999	1	1	-1	
87240	3,075	0,907	2,789025	1561270817999	1	1	0	
87241	3,083	1,44	4,43952	1561271267207	1	1	1	
87242	3,083	0,944	2,910352	1561271267207	1	1	0	
87243	3,087	5,805	17,920035	1561272520017	1	1	1	
87244	3,087	9,051	27,940437	1561272533984	1	1	0	
87245	3,087	0,99	3,05613	1561272539187	1	1	0	
87246	3,087	1,318	4,068666	1561272539255	1	1	0	
87247	3,087	5,005	15,450435	1561272539577	1	1	0	
87248	3,087	5,516	17,027892	1561272549389	1	1	0	
87249	3,087	1,034	3,191958	1561272551210	1	1	0	
87250	3,087	1,551	4,787937	1561272551464	1	1	0	
87251	3,087	1,774	5,476338	1561272551472	1	1	0	
87252	3,087	6,5	20,0655	1561272562093	1	1	0	
87253	3,087	2,107	6,504309	1561272565636	1	1	0	
87254	3,087	1,016	3,136392	1561272566238	1	1	0	
87255	3,087	1,332	4,111884	1561272567297	1	1	0	
87256	3,087	0,001	0,003087	1561273082136	1	1	0	
87257	3,087	0,683	2,108421	1561273082136	1	1	0	
87258	3,083	0,062	0,191146	1561273082766	1	1	-1	
87259	3,083	1,448	4,464184	1561273082766	1	1	0	
87260	3,083	1,448	4,464184	1561273082766	1	1	0	
87261	3,083	1,448	4,464184	1561273082766	1	1	0	
87262	3,083	1,161	3,579363	1561273082766	1	1	0	
87263	3,095	0,388	1,20086	1561273291651	0	1	1	
87264	3,095	0,749	2,318155	1561273291651	0	1	0	
87265	3,096	1,452	4,495392	1561273291651	0	1	1	
87266	3,096	1,452	4,495392	1561273291651	0	1	0	
87267	3,096	1,452	4,495392	1561273291651	0	1	0	
87268	3,096	1,452	4,495392	1561273291651	0	1	0	
87269	3,097	3,055	9,461335	1561273291651	0	1	1	
87270	3,096	0,902	2,792592	1561273710216	0	1	-1	
87271	3,092	1,44	4,45248	1561273870849	1	1	-2	
87272	3,092	1,084	3,351728	1561273870849	1	1	0	
87273	3,101	1,187	3,680887	1561274782928	0	1	1	
87274	3,09	2,044	6,31596	1561275259642	1	1	-1	
87275	3,097	2,584	8,002648	1561275267888	0	1	1	
87276	3,068	0,925	2,8379	1561276194045	1	1	-1	
87277	3,069	0,034	0,104346	1561276499311	1	1	1	
87278	3,078	0,607	1,868346	1561277337436	1	1	2	
87279	3,079	0,129	0,397191	1561277736155	1	1	3	
87280	3,071	0,23	0,70633	1561277820295	1	1	-1	
87281	3,082	0,04	0,12328	1561278567658	0	1	1	
87282	3,086	2,923	9,020378	1561278567658	0	1	2	
87283	3,09	0,04	0,1236	1561278567658	0	1	3	
87284	3,094	0,832	2,574208	1561278567658	0	1	4	
87285	3,072	2,133	6,552576	1561279173157	1	1	-1	
87286	3,072	0,775	2,3808	1561279173157	1	1	0	
87287	3,071	0,325	0,998075	1561280696778	1	1	-1	
87288	3,068	1,357	4,163276	1561280815150	1	1	-2	
87289	3,073	0,313	0,961849	1561281585716	0	1	1	
87290	3,06	0,417	1,27602	1561281872554	1	1	-1	
87291	3,059	0,109	0,333431	1561281897456	1	1	-2	
87292	3,059	1,196	3,658564	1561281899347	1	1	0	
87293	3,059	2,495	7,632205	1561281917150	1	1	0	
87294	3,056	0,528	1,613568	1561282022739	1	1	-1	
87295	3,055	0,101	0,308555	1561282096461	1	1	-2	
87296	3,076	0,136	0,418336	1561282345736	0	1	1	
87297	3,062	0,151	0,462362	1561282656457	0	1	-1	
87298	3,055	1,192	3,64156	1561282861742	1	1	-2	
87299	3,051	0,128	0,390528	1561283107730	1	1	-3	
87300	3,046	0,336	1,023456	1561283519061	1	1	-4	
87301	3,046	0,026	0,079196	1561283519063	1	1	0	
87302	3,05	2,234	6,8137	1561284609661	1	1	1	
87303	3,062	0,101	0,309262	1561284911136	0	1	2	
87304	3,046	0,101	0,307646	1561285211471	1	1	-1	
87305	3,046	0,399	1,215354	1561285370375	1	1	0	
87306	3,046	1	3,046	1561285460458	1	1	0	
87307	3,039	3,619	10,998141	1561286379173	1	1	-1	
87308	3,039	3,047	9,259833	1561286379219	1	1	0	
87309	3,037	0,24	0,72888	1561286379219	1	1	-1	
87310	3,037	2,065	6,271405	1561286379256	1	1	0	
87311	3,036	9,118	27,682248	1561286379309	1	1	-1	
87312	3,036	3,406	10,340616	1561286379355	1	1	0	
87313	3,036	1,5	4,554	1561286379873	0	1	0	
87314	3,036	3,035	9,21426	1561286380180	0	1	0	
87315	3,036	1,256	3,813216	1561286380384	0	1	0	
87316	3,029	3,497	10,592413	1561287326634	1	1	-1	
87317	3,027	0,034	0,102918	1561287471533	1	1	-2	
87318	3,042	0,081	0,246402	1561288695042	0	1	1	
87319	3,043	0,038	0,115634	1561288937864	0	1	2	
87320	3,044	3,027	9,214188	1561288995491	1	1	3	
87321	3,044	5,156	15,694864	1561288996574	1	1	0	
87322	3,044	0,102	0,310488	1561288999624	1	1	0	
87323	3,044	5,449	16,586756	1561289001424	1	1	0	
87324	3,043	0,501	1,524543	1561290597871	0	1	-1	
87325	3,043	6,27	19,07961	1561291483975	0	1	0	
87326	3,043	1,604	4,880972	1561291486019	0	1	0	
87327	3,043	0,377	1,147211	1561291663431	0	1	0	
87328	3,043	4,43	13,48049	1561291884299	0	1	0	
87329	3,055	0,5	1,5275	1561293392394	1	1	1	
87330	3,053	0,5	1,5265	1561293392394	1	1	-1	
87331	3,053	2,908	8,878124	1561294006243	1	1	0	
87332	3,045	2,947	8,973615	1561294319442	1	1	-1	
87333	3,044	1,451	4,416844	1561294319442	1	1	-2	
87334	3,044	1,451	4,416844	1561294319442	1	1	0	
87335	3,044	1,451	4,416844	1561294319442	1	1	0	
87336	3,044	1,451	4,416844	1561294319442	1	1	0	
87337	3,043	6,888	20,960184	1561294319442	1	1	-1	
87338	3,045	0,119	0,362355	1561294340474	1	1	1	
87339	3,045	0,694	2,11323	1561294490633	0	1	0	
87340	3,044	2,792	8,498848	1561294490672	0	1	-1	
87341	3,044	0,431	1,311964	1561294490683	0	1	0	
87342	3,044	2,792	8,498848	1561294490685	0	1	0	
87343	3,044	7,743	23,569692	1561294490692	0	1	0	
87344	3,032	1,11	3,36552	1561297539213	0	1	-1	
87345	3,032	1,332	4,038624	1561297539215	0	1	0	
87346	3,032	0,53	1,60696	1561297539236	0	1	0	
87347	3,023	0,426	1,287798	1561298058721	1	1	-1	
87348	3,019	1,021	3,082399	1561298408000	1	1	-2	
87349	3,018	0,128	0,386304	1561298408000	1	1	-3	
87350	3,028	4,5	13,626	1561298867469	1	1	1	
87351	3,043	0,103	0,313429	1561298867647	0	1	2	
87352	3,039	0,103	0,313017	1561299010553	1	1	-1	
87353	3,035	1,185	3,596475	1561299272642	0	1	-2	
87354	3,039	2,285	6,944115	1561299326915	0	1	1	
87355	3,047	4,294	13,083818	1561299521397	0	1	2	
87356	3,051	0,128	0,390528	1561301072016	0	1	3	
87357	3,039	2,937	8,925543	1561301161027	1	1	-1	
87358	3,038	1,456	4,423328	1561301172650	0	1	-2	
87359	3,038	0,339	1,029882	1561301172657	0	1	0	
87360	3,038	2,797	8,497286	1561301175638	0	1	0	
87361	3,038	2,797	8,497286	1561301175640	0	1	0	
87362	3,038	0,139	0,422282	1561301175762	0	1	0	
87363	3,038	1,002	3,044076	1561301175870	0	1	0	
87364	3,038	0,459	1,394442	1561301176524	0	1	0	