49895268	0,0043198	3,93	0,01697681	1560386850804	0	1	0	
49895269	0,00432	40,75	0,17604	1560386850804	0	1	1	
49895270	0,0043214	207,82	0,89807334	1560386852692	1	1	2	
49895271	0,0043201	167,65	0,72426476	1560386852696	1	1	-1	
49895272	0,004322	2,71	0,01171262	1560386853806	0	1	1	
49895273	0,004322	0,74	0,00319828	1560386855704	0	1	0	
49895274	0,004322	0,27	0,00116694	1560386857143	0	1	0	
49895275	0,004322	11,28	0,04875216	1560386857825	0	1	0	
49895276	0,0043221	0,24	0,0010373	1560386857825	0	1	1	
49895277	0,0043223	0,6	0,00259338	1560386857825	0	1	2	
49895278	0,0043224	1,19	0,00514365	1560386857825	0	1	3	
49895279	0,0043224	0,71	0,0030689	1560386857825	0	1	0	
49895280	0,0043225	0,31	0,00133997	1560386857825	0	1	1	
49895281	0,0043227	0,54	0,00233425	1560386857825	0	1	2	
49895282	0,0043227	0,54	0,00233425	1560386857825	0	1	0	
49895283	0,0043228	0,24	0,00103747	1560386857825	0	1	1	
49895284	0,004323	2,2	0,0095106	1560386857825	0	1	2	
49895285	0,0043233	10,15	0,04388149	1560386857825	0	1	3	
49895286	0,0043202	3,93	0,01697838	1560386857917	1	1	-1	
49895287	0,0043202	1,82	0,00786276	1560386857917	1	1	0	
49895288	0,0043202	5,27	0,02276745	1560386857917	1	1	0	
49895289	0,0043201	4,28	0,01849002	1560386857917	1	1	-1	
49895290	0,0043201	19,26	0,08320512	1560386857917	1	1	0	
49895291	0,0043201	31,03	0,1340527	1560386857917	1	1	0	
49895292	0,0043201	23,54	0,10169515	1560386857917	1	1	0	
49895293	0,0043201	12,84	0,05547008	1560386857917	1	1	0	
49895294	0,0043201	11,77	0,05084757	1560386857917	1	1	0	
49895295	0,00432	44,31	0,1914192	1560386857917	1	1	-1	
49895296	0,0043178	15,29	0,06601916	1560386857917	1	1	-2	
49895297	0,0043178	36,26	0,15656342	1560386857917	1	1	0	
49895298	0,0043232	0,37	0,00159958	1560386860592	0	1	1	
49895299	0,0043232	0,32	0,00138342	1560386860684	0	1	0	
49895300	0,0043233	0,42	0,00181578	1560386860684	0	1	1	
49895301	0,0043205	0,28	0,00120974	1560386860794	1	1	-1	
49895302	0,0043205	0,97	0,00419088	1560386861188	1	1	0	
49895303	0,0043228	0,24	0,00103747	1560386861829	0	1	1	
49895304	0,0043228	0,24	0,00103747	1560386861885	0	1	0	
49895305	0,0043205	0,24	0,00103692	1560386863707	1	1	-1	
49895306	0,0043228	0,73	0,00315564	1560386863713	0	1	1	
49895307	0,0043205	2,44	0,01054202	1560386865192	1	1	-1	
49895308	0,0043223	0,24	0,00103735	1560386865859	0	1	1	
49895309	0,0043219	0,73	0,00315498	1560386866707	0	1	-1	
49895310	0,0043219	2,96	0,01279282	1560386867216	0	1	0	
49895311	0,0043219	5,27	0,02277641	1560386870634	0	1	0	
49895312	0,0043227	3,93	0,01698821	1560386870911	0	1	1	
49895313	0,0043228	0,19	0,00082133	1560386870911	0	1	2	
49895314	0,004323	29,87	0,12912801	1560386870911	0	1	3	
49895315	0,004323	15,29	0,06609867	1560386870911	0	1	0	
49895316	0,0043232	55,01	0,23781923	1560386870911	0	1	1	
49895317	0,0043236	0,25	0,0010809	1560386870911	0	1	2	
49895318	0,0043236	50	0,21618	1560386870911	0	1	0	
49895319	0,0043236	23,2	0,10030752	1560386870972	1	1	0	
49895320	0,0043238	4,91	0,02122985	1560386872300	0	1	1	
49895321	0,0043222	1,82	0,0078664	1560386872731	1	1	-1	
49895322	0,0043221	12,22	0,05281606	1560386872731	1	1	-2	
49895323	0,0043221	1	0,0043221	1560386873549	1	1	0	
49895324	0,0043221	237,04	1,02451058	1560386873735	1	1	0	
49895325	0,004324	0,24	0,00103776	1560386875723	0	1	1	
49895326	0,004324	0,27	0,00116748	1560386875723	0	1	0	
49895327	0,0043242	0,21	0,00090808	1560386875723	0	1	1	
49895328	0,0043242	0,03	0,00012972	1560386875940	0	1	0	
49895329	0,0043243	0,24	0,00103783	1560386875940	0	1	1	
49895330	0,0043243	0,24	0,00103783	1560386875940	0	1	0	
49895331	0,0043244	0,08	0,00034595	1560386875940	0	1	1	
49895332	0,0043244	0,37	0,00160002	1560386877710	0	1	0	
49895333	0,0043244	0,02	0,00008648	1560386877719	0	1	0	
49895334	0,0043247	0,24	0,00103792	1560386877719	0	1	1	
49895335	0,0043247	0,26	0,00112442	1560386877732	0	1	0	
49895336	0,0043247	0,15	0,0006487	1560386877752	0	1	0	
49895337	0,0043247	0,27	0,00116766	1560386877752	0	1	0	
49895338	0,0043247	0,42	0,00181637	1560386877762	0	1	0	
49895339	0,0043247	0,42	0,00181637	1560386877781	0	1	0	
49895340	0,0043247	0,42	0,00181637	1560386877788	0	1	0	
49895341	0,0043247	0,29	0,00125416	1560386877804	0	1	0	
49895342	0,0043248	0,11	0,00047572	1560386877804	0	1	1	
49895343	0,0043248	0,42	0,00181641	1560386877817	0	1	0	
49895344	0,0043248	0,41	0,00177316	1560386877850	0	1	0	
49895345	0,0043248	0,37	0,00160017	1560386877885	0	1	0	
49895346	0,0043248	0,4	0,00172992	1560386877890	0	1	0	
49895347	0,0043248	0,4	0,00172992	1560386877931	0	1	0	
49895348	0,0043248	0,39	0,00168667	1560386878004	0	1	0	
49895349	0,0043248	0,26	0,00112444	1560386878060	0	1	0	
49895350	0,0043248	0,42	0,00181641	1560386878080	0	1	0	
49895351	0,0043248	0,26	0,00112444	1560386878116	0	1	0	
49895352	0,0043248	0,31	0,00134068	1560386878146	0	1	0	
49895353	0,0043248	0,42	0,00181641	1560386878170	0	1	0	
49895354	0,0043248	0,39	0,00168667	1560386878220	0	1	0	
49895355	0,0043248	0,72	0,00311385	1560386878688	0	1	0	
49895356	0,0043248	0,42	0,00181641	1560386878753	0	1	0	
49895357	0,0043248	0,42	0,00181641	1560386878905	0	1	0	
49895358	0,0043248	0,42	0,00181641	1560386879131	0	1	0	
49895359	0,0043248	0,42	0,00181641	1560386879826	0	1	0	
49895360	0,0043248	0,26	0,00112444	1560386880604	0	1	0	
49895361	0,0043248	0,26	0,00112444	1560386880743	0	1	0	
49895362	0,0043248	0,42	0,00181641	1560386880825	0	1	0	
49895363	0,0043248	0,47	0,00203265	1560386881859	0	1	0	
49895364	0,0043248	0,71	0,0030706	1560386882726	0	1	0	
49895365	0,0043226	1,82	0,00786713	1560386884194	1	1	-1	
49895366	0,0043225	18,19	0,07862627	1560386884194	1	1	-2	
49895367	0,0043225	11,77	0,05087582	1560386884194	1	1	0	
49895368	0,0043223	3,93	0,01698663	1560386884194	1	1	-1	
49895369	0,004322	0,31	0,00133982	1560386884590	0	1	-2	
49895370	0,004322	4,56	0,01970832	1560386884806	0	1	0	
49895371	0,0043245	1,81	0,00782734	1560386885423	0	1	1	
49895372	0,0043245	0,01	0,00004324	1560386886711	0	1	0	
49895373	0,0043246	0,69	0,00298397	1560386886711	0	1	1	
49895374	0,0043246	3,23	0,01396845	1560386886806	0	1	0	
49895375	0,0043246	0,01	0,00004324	1560386889508	0	1	0	
49895376	0,0043248	8,57	0,03706353	1560386889508	0	1	1	
49895377	0,0043248	14,35	0,06206088	1560386889935	0	1	0	
49895378	0,0043248	27,52	0,11901849	1560386889988	1	1	0	
49895379	0,0043224	0,24	0,00103737	1560386890991	1	1	-1	
49895380	0,0043225	0,31	0,00133997	1560386891707	0	1	1	
49895381	0,0043247	0,24	0,00103792	1560386891707	0	1	2	
49895382	0,0043248	0,15	0,00064872	1560386891707	0	1	3	
49895383	0,0043224	1,58	0,00682939	1560386891732	1	1	-1	
49895384	0,0043223	3,93	0,01698663	1560386893268	1	1	-2	
49895385	0,0043221	220,08	0,95120776	1560386895586	1	1	-3	
49895386	0,0043239	0,7	0,00302673	1560386896700	0	1	1	
49895387	0,0043221	5,35	0,02312323	1560386899811	1	1	-1	
49895388	0,0043221	4,28	0,01849858	1560386899811	1	1	0	
49895389	0,0043221	4,28	0,01849858	1560386899811	1	1	0	
49895390	0,0043221	5,35	0,02312323	1560386899811	1	1	0	
49895391	0,0043221	11,77	0,05087111	1560386899811	1	1	0	
49895392	0,0043221	19,26	0,08324364	1560386899811	1	1	0	
49895393	0,0043221	4,28	0,01849858	1560386899811	1	1	0	
49895394	0,0043221	11,77	0,05087111	1560386899811	1	1	0	
49895395	0,0043221	75,97	0,32834993	1560386899811	1	1	0	
49895396	0,0043221	7,49	0,03237252	1560386899811	1	1	0	
49895397	0,004322	0,31	0,00133982	1560386899811	1	1	-1	
49895398	0,0043219	82,75	0,35763722	1560386899811	1	1	-2	
49895399	0,004324	0,69	0,00298356	1560386901696	0	1	1	
49895400	0,004324	115,59	0,49981116	1560386902680	0	1	0	
49895401	0,004324	30	0,12972	1560386904210	0	1	0	
49895402	0,004324	3,72	0,01608528	1560386904225	0	1	0	
49895403	0,0043247	0,88	0,00380573	1560386904225	0	1	1	
49895404	0,0043248	7,48	0,0323495	1560386904225	0	1	2	
49895405	0,0043249	0,56	0,00242194	1560386904225	0	1	3	
49895406	0,0043252	0,24	0,00103804	1560386904225	0	1	4	
49895407	0,0043252	0,42	0,00181658	1560386904225	0	1	0	
49895408	0,0043253	0,24	0,00103807	1560386904225	0	1	1	
49895409	0,0043255	1,97	0,00852123	1560386904225	0	1	2	
49895410	0,0043255	9,81	0,04243315	1560386904225	0	1	0	
49895411	0,004325	0,53	0,00229225	1560386904265	0	1	-1	
49895412	0,0043255	15,29	0,06613689	1560386904265	0	1	1	
49895413	0,0043255	0,27	0,00116788	1560386904265	0	1	0	
49895414	0,0043257	0,59	0,00255216	1560386904265	0	1	1	
49895415	0,0043257	0,28	0,00121119	1560386904265	0	1	0	
49895416	0,0043258	8,36	0,03616368	1560386904265	0	1	1	
49895417	0,0043257	3,93	0,017	1560386904316	0	1	-1	
49895418	0,0043258	15,93	0,06890999	1560386904316	0	1	1	
49895419	0,0043258	0,27	0,00116796	1560386904316	0	1	0	
49895420	0,0043259	2,14	0,00925742	1560386904316	0	1	1	
49895421	0,0043259	0,64	0,00276857	1560386904316	0	1	0	
49895422	0,0043259	2,41	0,01042541	1560386904316	0	1	0	
49895423	0,0043254	0,88	0,00380635	1560386904361	0	1	-1	
49895424	0,0043259	17,1	0,07397289	1560386904361	0	1	1	
49895425	0,0043259	1,05	0,00454219	1560386904361	0	1	0	
49895426	0,0043259	6,29	0,02720991	1560386904361	0	1	0	
49895427	0,0043259	25,32	0,10953178	1560386904407	0	1	0	
49895428	0,0043259	25,32	0,10953178	1560386904447	0	1	0	
49895429	0,0043259	8,27	0,03577519	1560386904522	0	1	0	
49895430	0,0043259	0,58	0,00250902	1560386904522	0	1	0	
49895431	0,0043259	6,96	0,03010826	1560386904522	0	1	0	
49895432	0,0043259	0,24	0,00103821	1560386904522	0	1	0	
49895433	0,0043259	0,54	0,00233598	1560386904522	0	1	0	
49895434	0,0043245	191,74	0,82917963	1560386904994	0	1	-1	
49895435	0,0043236	2,7	0,01167372	1560386905658	1	1	-2	
49895436	0,0043235	2,3	0,00994405	1560386905658	1	1	-3	
49895437	0,0043259	0,37	0,00160058	1560386907233	0	1	1	
49895438	0,0043257	0,37	0,0016005	1560386907495	0	1	-1	
49895439	0,0043256	0,69	0,00298466	1560386907708	0	1	-2	
49895440	0,0043254	6,94	0,03001827	1560386907813	0	1	-3	
49895441	0,0043237	4,28	0,01850543	1560386907862	1	1	-4	
49895442	0,0043237	4,28	0,01850543	1560386907862	1	1	0	
49895443	0,0043237	5,35	0,02313179	1560386907862	1	1	0	
49895444	0,0043237	6,83	0,02953087	1560386907862	1	1	0	
49895445	0,0043254	0,26	0,0011246	1560386908407	0	1	1	
49895446	0,0043254	0,26	0,0011246	1560386908413	0	1	0	
49895447	0,0043254	0,37	0,00160039	1560386908672	0	1	0	
49895448	0,0043254	0,26	0,0011246	1560386908807	0	1	0	
49895449	0,0043254	0,42	0,00181666	1560386908856	0	1	0	
49895450	0,0043254	0,42	0,00181666	1560386908925	0	1	0	
49895451	0,0043254	0,42	0,00181666	1560386909012	0	1	0	
49895452	0,0043254	0,42	0,00181666	1560386909024	0	1	0	
49895453	0,0043254	0,4	0,00173016	1560386909047	0	1	0	
49895454	0,0043254	0,42	0,00181666	1560386909130	0	1	0	
49895455	0,0043254	0,42	0,00181666	1560386909243	0	1	0	
49895456	0,0043254	0,42	0,00181666	1560386909312	0	1	0	
49895457	0,0043254	0,26	0,0011246	1560386909558	0	1	0	
49895458	0,0043254	0,24	0,00103809	1560386909916	0	1	0	
49895459	0,0043254	0,24	0,00103809	1560386909916	0	1	0	
49895460	0,0043254	0,42	0,00181666	1560386910033	0	1	0	
49895461	0,0043254	0,42	0,00181666	1560386910174	0	1	0	
49895462	0,0043254	0,39	0,0016869	1560386910915	0	1	0	
49895463	0,0043237	89,47	0,38684143	1560386911086	1	1	-1	
49895464	0,0043237	4,28	0,01850543	1560386911086	1	1	0	
49895465	0,0043235	1,62	0,00700407	1560386911086	1	1	-1	
49895466	0,0043235	5,08	0,02196338	1560386911516	0	1	0	
49895467	0,0043254	0,38	0,00164365	1560386912772	0	1	1	
49895468	0,0043254	0,38	0,00164365	1560386914721	0	1	0	
49895469	0,0043255	0,3	0,00129765	1560386914721	0	1	1	
49895470	0,0043255	25,84	0,11177092	1560386917791	0	1	0	
49895471	0,0043256	3,92	0,01695635	1560386917791	0	1	1	
49895472	0,004326	0,5	0,002163	1560386917791	0	1	2	
49895473	0,004326	2,6	0,0112476	1560386917791	0	1	0	
49895474	0,004326	0,94	0,00406644	1560386917791	0	1	0	
49895475	0,004326	4,8	0,0207648	1560386917791	0	1	0	
49895476	0,004326	0,24	0,00103824	1560386917791	0	1	0	
49895477	0,004326	0,24	0,00103824	1560386917791	0	1	0	
49895478	0,004326	0,24	0,00103824	1560386917791	0	1	0	
49895479	0,0043259	0,3	0,00129777	1560386918908	0	1	-1	
49895480	0,0043259	0,68	0,00294161	1560386919715	0	1	0	
49895481	0,0043259	0,47	0,00203317	1560386919785	0	1	0	
49895482	0,0043259	0,24	0,00103821	1560386922777	0	1	0	
49895483	0,0043259	0,24	0,00103821	1560386923097	0	1	0	
49895484	0,0043259	0,67	0,00289835	1560386923746	0	1	0	
49895485	0,004324	0,24	0,00103776	1560386925480	1	1	-1	
49895486	0,0043259	0,67	0,00289835	1560386927728	0	1	1	
49895487	0,0043259	0,66	0,00285509	1560386930801	0	1	0	
49895488	0,0043259	3,15	0,01362658	1560386930996	0	1	0	
49895489	0,0043259	2,66	0,01150689	1560386931016	0	1	0	
49895490	0,0043259	0,44	0,00190339	1560386931967	0	1	0	
49895491	0,0043251	0,31	0,00134078	1560386933778	1	1	-1	
49895492	0,0043259	0,66	0,00285509	1560386934087	0	1	1	
49895493	0,0043259	9,27	0,04010109	1560386934291	0	1	0	
49895494	0,0043259	6,43	0,02781553	1560386934311	0	1	0	
49895495	0,0043259	4,33	0,01873114	1560386934311	0	1	0	
49895496	0,0043252	0,24	0,00103804	1560386935030	1	1	-1	
49895497	0,0043252	11,53	0,04986955	1560386935055	1	1	0	
49895498	0,0043252	4,28	0,01851185	1560386935055	1	1	0	
49895499	0,0043252	1	0,0043252	1560386935055	1	1	0	
49895500	0,0043257	16,51	0,0714173	1560386935212	0	1	1	
49895501	0,0043258	36,26	0,1568535	1560386935212	0	1	2	
49895502	0,0043259	0,66	0,00285509	1560386935212	0	1	3	
49895503	0,0043261	0,27	0,00116804	1560386935278	0	1	4	
49895504	0,0043261	0,5	0,00216305	1560386935278	0	1	0	
49895505	0,0043262	0,26	0,00112481	1560386935278	0	1	1	
49895506	0,0043262	0,78	0,00337443	1560386935278	0	1	0	
49895507	0,0043262	0,58	0,00250919	1560386935278	0	1	0	
49895508	0,0043262	1,63	0,0070517	1560386935278	0	1	0	
49895509	0,0043262	0,24	0,00103828	1560386935278	0	1	0	
49895510	0,0043263	0,6	0,00259578	1560386935278	0	1	1	
49895511	0,0043263	0,24	0,00103831	1560386935278	0	1	0	
49895512	0,0043263	0,61	0,00263904	1560386935278	0	1	0	
49895513	0,0043263	0,39	0,00168725	1560386935278	0	1	0	
49895514	0,0043263	2,29	0,00990722	1560386935278	0	1	0	
49895515	0,0043263	3,67	0,01587752	1560386935329	0	1	0	
49895516	0,0043262	0,46	0,00199005	1560386935759	0	1	-1	
49895517	0,0043262	10,55	0,04564141	1560386935854	0	1	0	
49895518	0,0043263	24,23	0,10482624	1560386935964	0	1	1	
49895519	0,0043263	18,18	0,07865213	1560386936069	0	1	0	
49895520	0,0043263	55,38	0,23959049	1560386936305	0	1	0	
49895521	0,0043263	96,25	0,41640637	1560386936366	0	1	0	
49895522	0,0043264	3,45	0,01492608	1560386936412	0	1	1	
49895523	0,0043264	25,1	0,10859264	1560386936412	0	1	0	
49895524	0,0043264	12,15	0,05256576	1560386936412	0	1	0	
49895525	0,0043264	0,56	0,00242278	1560386936412	0	1	0	
49895526	0,0043264	0,56	0,00242278	1560386936412	0	1	0	
49895527	0,0043264	0,24	0,00103833	1560386936412	0	1	0	
49895528	0,0043265	3,11	0,01345541	1560386936412	0	1	1	
49895529	0,0043265	3,5	0,01514275	1560386936412	0	1	0	
49895530	0,0043265	0,41	0,00177386	1560386936412	0	1	0	
49895531	0,0043265	11,61	0,05023066	1560386936412	0	1	0	
49895532	0,0043265	0,56	0,00242284	1560386936412	0	1	0	
49895533	0,0043265	0,55	0,00237957	1560386936412	0	1	0	
49895534	0,0043265	0,55	0,00237957	1560386936412	0	1	0	
49895535	0,0043265	0,55	0,00237957	1560386936412	0	1	0	
49895536	0,0043265	0,56	0,00242284	1560386936412	0	1	0	
49895537	0,0043266	3,52	0,01522963	1560386936412	0	1	1	
49895538	0,0043266	2,34	0,01012424	1560386936412	0	1	0	
49895539	0,0043266	0,24	0,00103838	1560386936412	0	1	0	
49895540	0,0043266	0,24	0,00103838	1560386936412	0	1	0	
49895541	0,0043266	0,5	0,0021633	1560386936412	0	1	0	
49895542	0,0043266	0,55	0,00237963	1560386936412	0	1	0	
49895543	0,0043266	0,54	0,00233636	1560386936412	0	1	0	
49895544	0,0043266	0,55	0,00237963	1560386936412	0	1	0	
49895545	0,0043266	0,54	0,00233636	1560386936412	0	1	0	
49895546	0,0043266	0,35	0,00151431	1560386936412	0	1	0	
49895547	0,0043266	0,55	0,00237963	1560386936412	0	1	0	
49895548	0,0043267	0,6	0,00259602	1560386936412	0	1	1	
49895549	0,0043267	0,32	0,00138454	1560386936412	0	1	0	
49895550	0,0043267	0,38	0,00164414	1560386936412	0	1	0	
49895551	0,0043267	0,8	0,00346136	1560386936412	0	1	0	
49895552	0,0043267	0,54	0,00233641	1560386936412	0	1	0	
49895553	0,0043267	0,54	0,00233641	1560386936412	0	1	0	
49895554	0,0043267	0,53	0,00229315	1560386936412	0	1	0	
49895555	0,0043267	0,54	0,00233641	1560386936412	0	1	0	
49895556	0,0043267	0,24	0,0010384	1560386936412	0	1	0	
49895557	0,0043267	0,6	0,00259602	1560386936412	0	1	0	
49895558	0,0043268	0,41	0,00177398	1560386936412	0	1	1	
49895559	0,0043268	0,31	0,0013413	1560386936412	0	1	0	
49895560	0,0043268	0,52	0,00224993	1560386936412	0	1	0	
49895561	0,0043268	0,53	0,0022932	1560386936412	0	1	0	
49895562	0,0043268	0,52	0,00224993	1560386936412	0	1	0	
49895563	0,0043268	0,53	0,0022932	1560386936412	0	1	0	
49895564	0,0043269	0,85	0,00367786	1560386936412	0	1	1	
49895565	0,0043269	0,52	0,00224998	1560386936412	0	1	0	
49895566	0,0043269	0,52	0,00224998	1560386936412	0	1	0	
49895567	0,0043269	0,52	0,00224998	1560386936412	0	1	0	
49895568	0,004327	6,72	0,02907744	1560386936412	0	1	1	
49895569	0,004327	0,39	0,00168753	1560386936412	0	1	0	
49895570	0,004327	11,07	0,04789989	1560386936412	0	1	0	
49895571	0,004327	18,99	0,08216973	1560386936450	0	1	0	
49895572	0,004327	0,24	0,00103848	1560386936450	0	1	0	
49895573	0,004327	0,24	0,00103848	1560386936450	0	1	0	
49895574	0,004327	0,24	0,00103848	1560386936450	0	1	0	
49895575	0,0043271	0,3	0,00129813	1560386936450	0	1	1	
49895576	0,0043271	0,66	0,00285588	1560386936450	0	1	0	
49895577	0,0043271	0,48	0,002077	1560386936450	0	1	0	
49895578	0,0043271	4,9	0,02120279	1560386936450	0	1	0	
49895579	0,0043271	0,6	0,00259626	1560386936450	0	1	0	
49895580	0,0043271	0,3	0,00129813	1560386936450	0	1	0	
49895581	0,0043272	1	0,0043272	1560386936450	0	1	1	
49895582	0,0043272	1,45	0,00627444	1560386936450	0	1	0	
49895583	0,0043272	2,09	0,00904384	1560386936450	0	1	0	
49895584	0,0043272	2,33	0,01008237	1560386936450	0	1	0	
49895585	0,0043272	0,24	0,00103852	1560386936450	0	1	0	
49895586	0,0043273	25,1	0,10861523	1560386936450	0	1	1	
49895587	0,0043273	0,24	0,00103855	1560386936450	0	1	0	
49895588	0,0043273	0,24	0,00103855	1560386936450	0	1	0	
49895589	0,0043273	4,08	0,01765538	1560386936450	0	1	0	
49895590	0,0043273	0,48	0,0020771	1560386936450	0	1	0	
49895591	0,0043273	0,24	0,00103855	1560386936450	0	1	0	
49895592	0,0043274	2	0,0086548	1560386936450	0	1	1	
49895593	0,0043274	0,24	0,00103857	1560386936450	0	1	0	
49895594	0,0043274	1,49	0,00644782	1560386936450	0	1	0	
49895595	0,0043274	0,3	0,00129822	1560386936450	0	1	0	
49895596	0,0043274	0,24	0,00103857	1560386936450	0	1	0	
49895597	0,0043275	0,6	0,0025965	1560386936450	0	1	1	
49895598	0,0043275	0,24	0,0010386	1560386936450	0	1	0	
49895599	0,0043276	2,53	0,01094882	1560386936450	0	1	1	
49895600	0,0043276	0,35	0,00151466	1560386936450	0	1	0	
49895601	0,0043276	16,56	0,07166505	1560386936450	0	1	0	
49895602	0,0043277	0,49	0,00212057	1560386936450	0	1	1	
49895603	0,0043277	0,46	0,00199074	1560386936450	0	1	0	
49895604	0,0043277	0,72	0,00311594	1560386936450	0	1	0	
49895605	0,0043277	0,24	0,00103864	1560386936450	0	1	0	
49895606	0,0043277	1,38	0,00597222	1560386936450	0	1	0	
49895607	0,0043278	2,72	0,01177161	1560386936450	0	1	1	
49895608	0,0043278	5,2	0,02250456	1560386936516	0	1	0	
49895609	0,0043278	0,43	0,00186095	1560386936516	0	1	0	
49895610	0,0043278	0,93	0,00402485	1560386936516	0	1	0	
49895611	0,0043278	0,24	0,00103867	1560386936516	0	1	0	
49895612	0,0043279	10	0,043279	1560386936516	0	1	1	
49895613	0,0043279	0,24	0,00103869	1560386936516	0	1	0	
49895614	0,0043279	0,24	0,00103869	1560386936516	0	1	0	
49895615	0,004328	0,25	0,001082	1560386936516	0	1	1	
49895616	0,004328	2,18	0,00943504	1560386936516	0	1	0	
49895617	0,0043268	3,02	0,01306693	1560386937002	1	1	-1	
49895618	0,0043263	18,87	0,08163728	1560386937002	1	1	-2	
49895619	0,0043265	1,82	0,00787423	1560386937573	1	1	1	
49895620	0,004328	3,18	0,01376304	1560386937593	0	1	2	
49895621	0,004328	0,54	0,00233712	1560386937593	0	1	0	
49895622	0,0043265	1,82	0,00787423	1560386937852	1	1	-1	
49895623	0,0043265	0,64	0,00276896	1560386938277	1	1	0	
49895624	0,0043265	10,62	0,04594743	1560386938277	1	1	0	
49895625	0,0043281	0,24	0,00103874	1560386938403	0	1	1	
49895626	0,0043281	0,13	0,00056265	1560386938417	0	1	0	
49895627	0,0043281	0,22	0,00095218	1560386938417	0	1	0	
49895628	0,0043265	1,82	0,00787423	1560386938552	1	1	-1	
49895629	0,0043265	0,4	0,0017306	1560386938656	1	1	0	
49895630	0,0043265	4,18	0,01808477	1560386938656	1	1	0	
49895631	0,0043265	0,1	0,00043265	1560386938688	1	1	0	
49895632	0,0043265	0,15	0,00064897	1560386938688	1	1	0	
49895633	0,0043278	4,58	0,01982132	1560386938694	0	1	1	
49895634	0,0043281	1,3	0,00562653	1560386938694	0	1	2	
49895635	0,0043281	0,8	0,00346248	1560386938694	0	1	0	
49895636	0,0043281	0,63	0,0027267	1560386938694	0	1	0	
49895637	0,0043281	5,28	0,02285236	1560386938694	0	1	0	
49895638	0,0043265	4,58	0,01981537	1560386938694	1	1	-1	
49895639	0,0043265	4,38	0,01895007	1560386938737	1	1	0	
49895640	0,0043265	4,38	0,01895007	1560386938757	1	1	0	
49895641	0,0043265	1,82	0,00787423	1560386939110	1	1	0	
49895642	0,0043281	0,24	0,00103874	1560386939458	0	1	1	
49895643	0,0043281	0,24	0,00103874	1560386939506	0	1	0	
49895644	0,0043281	0,24	0,00103874	1560386939542	0	1	0	
49895645	0,0043281	3,27	0,01415288	1560386939581	0	1	0	
49895646	0,0043282	1,13	0,00489086	1560386939581	0	1	1	
49895647	0,0043282	0,51	0,00220738	1560386939581	0	1	0	
49895648	0,0043282	3,49	0,01510541	1560386939581	0	1	0	
49895649	0,0043282	0,24	0,00103876	1560386940008	0	1	0	
49895650	0,0043281	1,62	0,00701152	1560386940028	1	1	-1	
49895651	0,0043281	0,2	0,00086562	1560386940028	1	1	0	
49895652	0,0043281	0,04	0,00017312	1560386940374	1	1	0	
49895653	0,0043281	1,19	0,00515043	1560386940374	1	1	0	
49895654	0,0043281	0,18	0,00077905	1560386940374	1	1	0	
49895655	0,0043282	0,4	0,00173128	1560386940450	0	1	1	
49895656	0,0043282	0,24	0,00103876	1560386940540	0	1	0	
49895657	0,0043282	0,7	0,00302974	1560386940565	0	1	0	
49895658	0,0043282	0,24	0,00103876	1560386940642	0	1	0	
49895659	0,0043281	0,45	0,00194764	1560386940689	1	1	-1	
49895660	0,0043281	1,39	0,00601605	1560386940689	1	1	0	
49895661	0,0043281	0,24	0,00103874	1560386940689	1	1	0	
49895662	0,0043281	0,03	0,00012984	1560386940689	1	1	0	
49895663	0,0043282	0,65	0,00281333	1560386940750	0	1	1	
49895664	0,0043282	3,46	0,01497557	1560386941071	0	1	0	
49895665	0,0043282	15,67	0,06782289	1560386941092	0	1	0	
49895666	0,0043282	0,24	0,00103876	1560386941092	0	1	0	
49895667	0,0043282	14,21	0,06150372	1560386941092	0	1	0	
49895668	0,0043281	0,21	0,0009089	1560386941137	1	1	-1	
49895669	0,0043275	8,09	0,03500947	1560386941244	1	1	-2	
49895670	0,0043265	34,69	0,15008628	1560386941244	1	1	-3	
49895671	0,0043265	4,28	0,01851742	1560386941244	1	1	0	
49895672	0,0043264	2,65	0,01146496	1560386941244	1	1	-1	
49895673	0,0043263	10,96	0,04741624	1560386941244	1	1	-2	
49895674	0,0043283	0,27	0,00116864	1560386941285	0	1	1	
49895675	0,0043284	0,71	0,00307316	1560386941285	0	1	2	
49895676	0,0043284	2,32	0,01004188	1560386941285	0	1	0	
49895677	0,0043284	1,67	0,00722842	1560386941285	0	1	0	
49895678	0,0043284	0,24	0,00103881	1560386941285	0	1	0	
49895679	0,0043285	20,09	0,08695956	1560386941285	0	1	1	
49895680	0,0043285	1,52	0,00657932	1560386941285	0	1	0	
49895681	0,0043264	2,66	0,01150822	1560386941346	1	1	-1	
49895682	0,0043263	5,42	0,02344854	1560386941346	1	1	-2	
49895683	0,0043285	25,29	0,10946776	1560386941413	0	1	1	
49895684	0,0043285	12,55	0,05432267	1560386941518	0	1	0	
49895685	0,0043285	3,44	0,01489004	1560386941518	0	1	0	
49895686	0,0043285	5	0,0216425	1560386941518	0	1	0	
49895687	0,0043286	4,29	0,01856969	1560386941518	0	1	1	
49895688	0,0043263	28,77	0,12446765	1560386941543	1	1	-1	
49895689	0,0043263	8,93	0,03863385	1560386941563	1	1	0	
49895690	0,0043262	0,59	0,00255245	1560386941563	1	1	-1	
49895691	0,0043262	0,24	0,00103828	1560386941563	1	1	0	
49895692	0,004326	244,16	1,05623616	1560386941563	1	1	-1	
49895693	0,0043286	15,55	0,06730973	1560386941592	0	1	1	
49895694	0,0043286	0,31	0,00134186	1560386941592	0	1	0	
49895695	0,0043286	9,42	0,04077541	1560386941592	0	1	0	
49895696	0,0043286	25,28	0,109427	1560386941610	0	1	0	
49895697	0,0043271	26,3	0,11380273	1560386941634	1	1	-1	
49895698	0,0043264	1,81	0,00783078	1560386941634	1	1	-2	
49895699	0,0043286	20,05	0,08678843	1560386941653	0	1	1	
49895700	0,0043286	19,65	0,08505699	1560386941694	0	1	0	
49895701	0,0043285	1,81	0,00783458	1560386941717	0	1	-1	
49895702	0,0043286	17,83	0,07717893	1560386941717	0	1	1	
49895703	0,0043286	14,04	0,06077354	1560386941743	0	1	0	
49895704	0,0043286	0,46	0,00199115	1560386941743	0	1	0	
49895705	0,0043286	0,25	0,00108215	1560386941743	0	1	0	
49895706	0,0043287	0,28	0,00121203	1560386941743	0	1	1	
49895707	0,0043288	4,6	0,01991248	1560386941743	0	1	2	
49895708	0,0043288	7,55	0,03268244	1560386941814	0	1	0	
49895709	0,0043288	0,35	0,00151508	1560386941814	0	1	0	
49895710	0,0043288	0,35	0,00151508	1560386941814	0	1	0	
49895711	0,0043288	0,24	0,00103891	1560386941814	0	1	0	
49895712	0,0043289	0,44	0,00190471	1560386941814	0	1	1	
49895713	0,0043289	0,5	0,00216445	1560386941814	0	1	0	
49895714	0,0043289	10,19	0,04411149	1560386941814	0	1	0	
49895715	0,0043289	17,28	0,07480339	1560386941835	0	1	0	
49895716	0,0043289	1,16	0,00502152	1560386941835	0	1	0	
49895717	0,0043289	0,24	0,00103893	1560386941835	0	1	0	
49895718	0,004329	0,24	0,00103896	1560386941835	0	1	1	
49895719	0,004329	0,24	0,00103896	1560386941835	0	1	0	
49895720	0,004329	0,45	0,00194805	1560386941835	0	1	0	
49895721	0,0043266	1,81	0,00783114	1560386942180	1	1	-1	
49895722	0,0043265	3,92	0,01695988	1560386942180	1	1	-2	
49895723	0,0043261	15,26	0,06601628	1560386942180	1	1	-3	
49895724	0,004326	4,36	0,01886136	1560386942180	1	1	-4	
49895725	0,004326	4,38	0,01894788	1560386942295	1	1	0	
49895726	0,004326	0,28	0,00121128	1560386942295	1	1	0	
49895727	0,0043259	20,69	0,08950287	1560386942295	1	1	-1	
49895728	0,0043259	25,35	0,10966156	1560386942471	1	1	0	
49895729	0,0043259	25,35	0,10966156	1560386942487	1	1	0	
49895730	0,0043259	25,35	0,10966156	1560386942534	1	1	0	
49895731	0,0043259	25,35	0,10966156	1560386942560	1	1	0	
49895732	0,0043259	11,71	0,05065628	1560386942602	1	1	0	
49895733	0,0043258	5	0,021629	1560386942602	1	1	-1	
49895734	0,0043266	0,65	0,00281229	1560386943069	0	1	1	
49895735	0,0043263	0,24	0,00103831	1560386943288	0	1	-1	
49895736	0,0043262	9,64	0,04170456	1560386943505	0	1	-2	
49895737	0,0043259	0,88	0,00380679	1560386943808	1	1	-3	
49895738	0,0043262	0,24	0,00103828	1560386943808	0	1	1	
49895739	0,0043269	0,5	0,00216345	1560386943815	0	1	2	
49895740	0,0043266	0,63	0,00272575	1560386943907	0	1	-1	
49895741	0,0043244	3,92	0,01695164	1560386944021	1	1	-2	
49895742	0,0043244	3,46	0,01496242	1560386944021	1	1	0	
49895743	0,0043242	1,4	0,00605388	1560386944021	1	1	-1	
49895744	0,0043265	0,24	0,00103836	1560386944184	0	1	1	
49895745	0,0043265	0,24	0,00103836	1560386944204	0	1	0	
49895746	0,0043265	1,04	0,00449956	1560386944207	0	1	0	
49895747	0,0043262	0,24	0,00103828	1560386944249	0	1	-1	
49895748	0,0043261	0,24	0,00103826	1560386944272	0	1	-2	
49895749	0,0043259	0,24	0,00103821	1560386944440	0	1	-3	
49895750	0,0043259	0,24	0,00103821	1560386944490	0	1	0	
49895751	0,0043259	0,24	0,00103821	1560386944533	0	1	0	
49895752	0,0043241	2,23	0,00964274	1560386944541	1	1	-1	
49895753	0,004324	0,61	0,00263764	1560386944541	1	1	-2	
49895754	0,0043258	0,24	0,00103819	1560386944615	0	1	1	
49895755	0,0043255	0,53	0,00229251	1560386944735	0	1	-1	
49895756	0,0043238	25,36	0,10965156	1560386944738	1	1	-2	
49895757	0,0043238	25,36	0,10965156	1560386944774	1	1	0	
49895758	0,0043238	25,36	0,10965156	1560386944801	1	1	0	
49895759	0,0043238	2,81	0,01214987	1560386944844	1	1	0	
49895760	0,0043255	0,57	0,00246553	1560386944895	0	1	1	
49895761	0,0043255	0,26	0,00112463	1560386944967	0	1	0	
49895762	0,0043255	0,59	0,00255204	1560386945008	0	1	0	
49895763	0,0043255	0,38	0,00164369	1560386945043	0	1	0	
49895764	0,0043255	0,43	0,00185996	1560386945097	0	1	0	
49895765	0,0043255	0,24	0,00103812	1560386945258	0	1	0	
49895766	0,0043254	0,24	0,00103809	1560386945272	0	1	-1	
49895767	0,0043238	12,36	0,05344216	1560386945628	1	1	-2	
49895768	0,0043238	871,66	3,7688835	1560386945651	1	1	0	
49895769	0,0043238	440,17	1,90320704	1560386945655	1	1	0	
49895770	0,0043238	15,03	0,06498671	1560386945665	1	1	0	
49895771	0,0043238	30	0,129714	1560386945682	1	1	0	
49895772	0,0043238	15,03	0,06498671	1560386945693	1	1	0	
49895773	0,0043252	0,64	0,00276812	1560386945742	0	1	1	
49895774	0,0043238	155,12	0,67070785	1560386946258	1	1	-1	
49895775	0,0043239	0,24	0,00103773	1560386946373	0	1	1	
49895776	0,0043239	0,49	0,00211871	1560386946581	0	1	0	
49895777	0,0043251	0,67	0,00289781	1560386946581	0	1	1	
49895778	0,0043224	3,22	0,01391812	1560386946672	1	1	-1	
49895779	0,0043224	0,71	0,0030689	1560386946710	1	1	0	
49895780	0,0043223	0,31	0,00133991	1560386946710	1	1	-1	
49895781	0,0043239	0,99	0,00428066	1560386946726	0	1	1	
49895782	0,004325	3,92	0,016954	1560386946726	0	1	2	
49895783	0,0043251	4,34	0,01877093	1560386946726	0	1	3	
49895784	0,0043222	1,16	0,00501375	1560386946776	1	1	-1	
49895785	0,0043237	0,86	0,00371838	1560386948105	0	1	1	
49895786	0,0043239	13,02	0,05629717	1560386948273	1	1	2	
49895787	0,0043239	0,24	0,00103773	1560386948273	1	1	0	
49895788	0,0043224	0,35	0,00151284	1560386948501	1	1	-1	
49895789	0,0043224	0,36	0,00155606	1560386949270	1	1	0	
49895790	0,0043214	3,93	0,0169831	1560386949270	1	1	-1	
49895791	0,004321	1,75	0,00756175	1560386950348	1	1	-2	
49895792	0,0043209	15,25	0,06589372	1560386950348	1	1	-3	
49895793	0,0043209	8,32	0,03594988	1560386950372	1	1	0	
49895794	0,004323	0,64	0,00276672	1560386950736	0	1	1	
49895795	0,0043217	1,89	0,00816801	1560386952036	0	1	-1	
49895796	0,0043199	5,25	0,02267947	1560386952265	1	1	-2	
49895797	0,0043195	0,32	0,00138224	1560386952265	1	1	-3	
49895798	0,0043195	0,79	0,0034124	1560386952265	1	1	0	
49895799	0,0043212	0,34	0,0014692	1560386952480	0	1	1	
49895800	0,0043187	0,5	0,00215935	1560386953629	1	1	-1	
49895801	0,0043188	0,84	0,00362779	1560386953958	1	1	1	
49895802	0,0043211	0,63	0,00272229	1560386954053	0	1	2	
49895803	0,0043188	21,07	0,09099711	1560386954675	1	1	-1	
49895804	0,0043188	3,15	0,01360422	1560386955338	1	1	0	
49895805	0,0043211	0,28	0,0012099	1560386955395	0	1	1	
49895806	0,0043211	2,65	0,01145091	1560386955599	0	1	0	
49895807	0,0043211	1,81	0,00782119	1560386955599	0	1	0	
49895808	0,0043212	7,51	0,03245221	1560386955599	0	1	1	
49895809	0,0043213	10,25	0,04429332	1560386955599	0	1	2	
49895810	0,0043214	7,27	0,03141657	1560386955599	0	1	3	
49895811	0,0043213	3,21	0,01387137	1560386955919	0	1	-1	
49895812	0,0043198	11,57	0,04998008	1560386957024	1	1	-2	
49895813	0,0043189	1,82	0,00786039	1560386957024	1	1	-3	
49895814	0,0043188	3,93	0,01697288	1560386957024	1	1	-4	
49895815	0,0043187	0,66	0,00285034	1560386957024	1	1	-5	
49895816	0,0043185	5,69	0,02457226	1560386957024	1	1	-6	
49895817	0,0043211	0,63	0,00272229	1560386957708	0	1	1	
49895818	0,0043205	0,59	0,00254909	1560386958557	0	1	-1	
49895819	0,0043205	0,59	0,00254909	1560386958696	0	1	0	
49895820	0,0043205	11,13	0,04808716	1560386958753	0	1	0	
49895821	0,0043209	5,69	0,02458592	1560386959390	0	1	1	
49895822	0,0043209	1,82	0,00786403	1560386959390	0	1	0	
49895823	0,0043209	1,64	0,00708627	1560386959699	0	1	0	
49895824	0,004321	4,58	0,01979018	1560386959699	0	1	1	
49895825	0,004321	6,12	0,02644452	1560386959774	0	1	0	
49895826	0,004321	6,42	0,02774082	1560386959774	0	1	0	
49895827	0,0043211	0,09	0,00038889	1560386959774	0	1	1	
49895828	0,0043212	7,49	0,03236578	1560386959774	0	1	2	
49895829	0,0043216	6,08	0,02627532	1560386959844	0	1	3	
49895830	0,0043216	2,01	0,00868641	1560386959871	0	1	0	
49895831	0,0043215	1,99	0,00859978	1560386959913	0	1	-1	
49895832	0,0043215	1,94	0,00838371	1560386959944	0	1	0	
49895833	0,0043216	3,06	0,01322409	1560386959963	0	1	1	
49895834	0,0043216	2	0,0086432	1560386960066	0	1	0	
49895835	0,0043216	170,77	0,73799963	1560386960199	0	1	0	
49895836	0,0043239	5,38	0,02326258	1560386962197	0	1	1	
49895837	0,0043242	0,63	0,00272424	1560386962695	0	1	2	
49895838	0,0043222	0,55	0,00237721	1560386966207	1	1	-1	
49895839	0,0043242	0,62	0,002681	1560386967703	0	1	1	
49895840	0,0043242	0,35	0,00151347	1560386968040	0	1	0	
49895841	0,0043234	290,01	1,25382923	1560386968280	0	1	-1	
49895842	0,0043242	0,35	0,00151347	1560386968501	0	1	1	
49895843	0,0043231	5,27	0,02278273	1560386968514	1	1	-1	
49895844	0,004323	2,36	0,01020228	1560386968514	1	1	-2	
49895845	0,0043242	0,62	0,002681	1560386970729	0	1	1	
49895846	0,0043235	5,38	0,02326043	1560386970758	1	1	-1	
49895847	0,0043242	1,36	0,00588091	1560386973703	0	1	1	
49895848	0,0043249	0,24	0,00103797	1560386976631	0	1	2	
49895849	0,004327	0,8	0,0034616	1560386976631	0	1	3	
49895850	0,0043272	0,6	0,00259632	1560386976631	0	1	4	
49895851	0,0043247	1,81	0,0078277	1560386977107	1	1	-1	
49895852	0,0043247	3,92	0,01695282	1560386977107	1	1	0	
49895853	0,0043246	25,79	0,11153143	1560386977107	1	1	-1	
49895854	0,0043242	0,24	0,0010378	1560386977116	1	1	-2	
49895855	0,0043245	0,61	0,00263794	1560386980709	0	1	1	
49895856	0,0043245	1,36	0,00588132	1560386983266	0	1	0	
49895857	0,0043246	0,31	0,00134062	1560386983869	0	1	1	
49895858	0,0043246	33,06	0,14297127	1560386985128	0	1	0	
49895859	0,0043245	0,59	0,00255145	1560386986746	0	1	-1	
49895860	0,0043244	0,61	0,00263788	1560386988738	0	1	-2	
49895861	0,0043244	0,4	0,00172976	1560386990027	0	1	0	
49895862	0,0043245	0,6	0,0025947	1560386991717	0	1	1	
49895863	0,0043244	0,6	0,00259464	1560386996701	0	1	-1	
49895864	0,0043243	0,24	0,00103783	1560386996709	1	1	-2	
49895865	0,0043243	0,36	0,00155674	1560386997021	1	1	0	
49895866	0,0043242	110	0,475662	1560386997221	1	1	-1	
49895867	0,0043242	1,33	0,00575118	1560386997264	1	1	0	
49895868	0,004323	0,25	0,00108075	1560386997531	1	1	-1	
49895869	0,0043225	0,06	0,00025935	1560386997946	0	1	-2	
49895870	0,0043241	6,99	0,03022545	1560386997946	0	1	1	
49895871	0,0043223	1,39	0,00600799	1560386998934	1	1	-1	
49895872	0,0043227	0,6	0,00259362	1560387001758	0	1	1	
49895873	0,0043224	1,15	0,00497076	1560387002498	0	1	-1	
49895874	0,0043223	0,13	0,00056189	1560387003923	1	1	-2	
49895875	0,0043223	0,11	0,00047545	1560387003923	1	1	0	
49895876	0,0043223	7,49	0,03237402	1560387004714	1	1	0	
49895877	0,0043224	0,59	0,00255021	1560387004717	0	1	1	
49895878	0,0043224	2,32	0,01002796	1560387004810	0	1	0	
49895879	0,0043224	2,09	0,00903381	1560387004870	0	1	0	
49895880	0,0043223	7,49	0,03237402	1560387005240	1	1	-1	
49895881	0,0043224	10,88	0,04702771	1560387005435	0	1	1	
49895882	0,0043223	97,37	0,42086235	1560387005815	1	1	-1	
49895883	0,0043223	118,89	0,51387824	1560387005997	1	1	0	
49895884	0,0043216	0,24	0,00103718	1560387006440	0	1	-1	
49895885	0,0043216	1,62	0,00700099	1560387006532	0	1	0	
49895886	0,0043216	0,24	0,00103718	1560387006603	0	1	0	
49895887	0,0043216	2,18	0,00942108	1560387007206	0	1	0	
49895888	0,0043216	2,69	0,0116251	1560387007206	0	1	0	
49895889	0,0043216	2,32	0,01002611	1560387007285	0	1	0	
49895890	0,0043202	0,24	0,00103684	1560387008685	1	1	-1	
49895891	0,0043202	0,01	0,0000432	1560387008685	1	1	0	
49895892	0,0043216	0,59	0,00254974	1560387009212	0	1	1	
49895893	0,0043216	0,38	0,0016422	1560387010167	0	1	0	
49895894	0,0043217	7,73	0,03340674	1560387010309	0	1	1	
49895895	0,0043215	7,49	0,03236803	1560387010385	0	1	-1	
49895896	0,0043217	15,19	0,06564662	1560387010509	0	1	1	
49895897	0,0043217	15,19	0,06564662	1560387010524	0	1	0	
49895898	0,0043217	7,73	0,03340674	1560387010559	0	1	0	
49895899	0,0043217	16,75	0,07238847	1560387010622	0	1	0	
49895900	0,0043217	6,17	0,02666488	1560387010981	0	1	0	
49895901	0,0043217	22,92	0,09905336	1560387010981	0	1	0	
49895902	0,0043217	11,44	0,04944024	1560387010981	0	1	0	
49895903	0,0043205	0,72	0,00311076	1560387012214	0	1	-1	
49895904	0,0043205	0,72	0,00311076	1560387012214	0	1	0	
49895905	0,0043205	0,72	0,00311076	1560387012214	0	1	0	
49895906	0,0043205	0,72	0,00311076	1560387012214	0	1	0	
49895907	0,0043205	0,72	0,00311076	1560387012214	0	1	0	
49895908	0,0043205	0,72	0,00311076	1560387012214	0	1	0	
49895909	0,0043205	0,72	0,00311076	1560387012214	0	1	0	
49895910	0,0043205	0,72	0,00311076	1560387012214	0	1	0	
49895911	0,0043205	0,72	0,00311076	1560387012214	0	1	0	
49895912	0,0043205	0,62	0,00267871	1560387012214	0	1	0	
49895913	0,0043216	0,58	0,00250652	1560387012732	0	1	1	
49895914	0,0043203	0,6	0,00259218	1560387013069	1	1	-1	
49895915	0,0043203	0,46	0,00198733	1560387013843	1	1	0	
49895916	0,0043214	0,34	0,00146927	1560387017118	0	1	1	
49895917	0,0043214	0,11	0,00047535	1560387017738	0	1	0	
49895918	0,0043222	0,47	0,00203143	1560387017738	0	1	1	
49895919	0,0043225	1,33	0,00574892	1560387018846	0	1	2	
49895920	0,0043223	0,61	0,0026366	1560387019619	0	1	-1	
49895921	0,0043223	2,41	0,01041674	1560387019875	0	1	0	
49895922	0,0043223	0,36	0,00155602	1560387019961	0	1	0	
49895923	0,0043223	0,58	0,00250693	1560387020721	0	1	0	
49895924	0,0043221	0,43	0,0018585	1560387021137	0	1	-1	
49895925	0,0043219	0,36	0,00155588	1560387021758	0	1	-2	
49895926	0,0043218	0,57	0,00246342	1560387024753	0	1	-3	
49895927	0,0043214	0,25	0,00108035	1560387027598	1	1	-4	
49895928	0,0043215	0,46	0,00198789	1560387027953	0	1	1	
49895929	0,0043215	0,57	0,00246325	1560387028921	0	1	0	
49895930	0,0043214	4,89	0,02113164	1560387031127	1	1	-1	
49895931	0,0043213	0,62	0,0026792	1560387031156	1	1	-2	
49895932	0,0043202	0,23	0,00099364	1560387031357	1	1	-3	
49895933	0,00432	79,21	0,3421872	1560387031357	1	1	-4	
49895934	0,0043188	3,93	0,01697288	1560387032171	1	1	-5	
49895935	0,0043185	1,07	0,00462079	1560387032171	1	1	-6	
49895936	0,0043209	0,55	0,00237649	1560387032664	0	1	1	
49895937	0,0043209	0,56	0,0024197	1560387032736	0	1	0	
49895938	0,0043208	7,12	0,03076409	1560387032870	0	1	-1	
49895939	0,0043185	14,25	0,06153862	1560387034354	1	1	-2	
49895940	0,0043185	0,6	0,0025911	1560387034354	1	1	0	
49895941	0,0043184	0,24	0,00103641	1560387034354	1	1	-1	
49895942	0,0043184	0,31	0,0013387	1560387034354	1	1	0	
49895943	0,0043184	0,44	0,00190009	1560387034354	1	1	0	
49895944	0,0043183	0,32	0,00138185	1560387034354	1	1	-1	
49895945	0,0043183	0,32	0,00138185	1560387034354	1	1	0	
49895946	0,0043183	0,32	0,00138185	1560387034354	1	1	0	
49895947	0,0043183	0,29	0,0012523	1560387034354	1	1	0	
49895948	0,0043183	1,71	0,00738429	1560387034354	1	1	0	
49895949	0,0043183	0,35	0,0015114	1560387034354	1	1	0	
49895950	0,0043183	0,3	0,00129549	1560387034354	1	1	0	
49895951	0,0043183	0,31	0,00133867	1560387034354	1	1	0	
49895952	0,0043181	0,49	0,00211586	1560387034354	1	1	-1	
49895953	0,004318	0,32	0,00138176	1560387034354	1	1	-2	
49895954	0,0043199	0,56	0,00241914	1560387035682	0	1	1	
49895955	0,0043192	0,56	0,00241875	1560387039743	0	1	-1	
49895956	0,0043179	3,93	0,01696934	1560387042453	1	1	-2	
49895957	0,0043176	12,84	0,05543798	1560387042453	1	1	-3	
49895958	0,0043189	8,29	0,03580368	1560387042736	0	1	1	
49895959	0,004319	0,44	0,00190036	1560387042736	0	1	2	
49895960	0,0043188	5	0,021594	1560387042948	0	1	-1	
49895961	0,004318	449,8	1,9422364	1560387043094	0	1	-2	
49895962	0,0043179	12,71	0,0548805	1560387043197	0	1	-3	
49895963	0,0043188	8,44	0,03645067	1560387043280	0	1	1	
49895964	0,0043186	0,55	0,00237523	1560387044745	0	1	-1	
49895965	0,004318	0,55	0,0023749	1560387048728	0	1	-2	
49895966	0,0043176	0,59	0,00254738	1560387049892	0	1	-3	
49895967	0,0043176	0,39	0,00168386	1560387050156	0	1	0	
49895968	0,0043175	7,49	0,03233807	1560387050420	0	1	-1	
49895969	0,0043176	3,92	0,01692499	1560387050420	0	1	1	
49895970	0,0043176	50	0,21588	1560387050420	0	1	0	
49895971	0,0043177	95,23	0,41117457	1560387050420	0	1	1	
49895972	0,0043179	7,49	0,03234107	1560387050420	0	1	2	
49895973	0,0043181	16,05	0,0693055	1560387050420	0	1	3	
49895974	0,0043181	95,23	0,41121266	1560387050420	0	1	0	
49895975	0,004319	4,67	0,02016973	1560387050420	0	1	1	
49895976	0,0043191	132,34	0,57158969	1560387050420	0	1	2	
49895977	0,0043191	50	0,215955	1560387050448	1	1	0	
49895978	0,0043191	9,6	0,04146336	1560387050666	1	1	0	
49895979	0,0043191	7,49	0,03235005	1560387050903	1	1	0	
49895980	0,0043198	2,45	0,01058351	1560387051273	0	1	1	
49895981	0,0043204	3,92	0,01693596	1560387051307	0	1	2	
49895982	0,0043209	0,23	0,0009938	1560387052320	0	1	3	
49895983	0,0043197	1,95	0,00842341	1560387053929	1	1	-1	
49895984	0,0043203	258,24	1,11567427	1560387054719	0	1	1	
49895985	0,0043215	1,22	0,00527223	1560387054904	0	1	2	
49895986	0,0043216	7,11	0,03072657	1560387054904	0	1	3	
49895987	0,0043216	30	0,129648	1560387054931	0	1	0	
49895988	0,0043216	0,54	0,00233366	1560387056716	0	1	0	
49895989	0,0043216	0,32	0,00138291	1560387057993	0	1	0	
49895990	0,0043209	0,24	0,00103701	1560387059012	1	1	-1	
49895991	0,0043197	5,36	0,02315359	1560387059012	1	1	-2	
49895992	0,0043215	0,6	0,0025929	1560387059336	0	1	1	
49895993	0,0043215	0,44	0,00190146	1560387059653	0	1	0	
49895994	0,0043216	220,79	0,95416606	1560387061760	0	1	1	
49895995	0,0043216	4,51	0,01949041	1560387062053	1	1	0	
49895996	0,0043216	3	0,0129648	1560387062224	1	1	0	
49895997	0,0043216	3	0,0129648	1560387062266	1	1	0	
49895998	0,0043217	0,54	0,00233371	1560387063717	0	1	1	
49895999	0,0043216	115,8	0,50044128	1560387066083	1	1	-1	
49896000	0,0043216	2,1	0,00907536	1560387067711	1	1	0	
49896001	0,0043217	0,53	0,0022905	1560387067753	0	1	1	
49896002	0,0043217	0,28	0,00121007	1560387067940	0	1	0	
49896003	0,0043217	0,25	0,00108042	1560387068396	0	1	0	
49896004	0,0043217	1,67	0,00721723	1560387068525	0	1	0	
49896005	0,0043217	0,25	0,00108042	1560387070527	0	1	0	
49896006	0,0043217	0,53	0,0022905	1560387071742	0	1	0	
49896007	0,0043217	0,49	0,00211763	1560387074483	0	1	0	
49896008	0,0043216	0,25	0,0010804	1560387075024	1	1	-1	
49896009	0,0043217	0,27	0,00116685	1560387075678	0	1	1	
49896010	0,0043217	0,49	0,00211763	1560387076135	0	1	0	
49896011	0,0043217	10,7	0,04624219	1560387076206	0	1	0	
49896012	0,0043218	0,53	0,00229055	1560387076755	0	1	1	
49896013	0,0043216	0,24	0,00103718	1560387078637	1	1	-1	
49896014	0,0043218	0,52	0,00224733	1560387081743	0	1	1	
49896015	0,0043218	0,52	0,00224733	1560387084719	0	1	0	
49896016	0,0043217	0,25	0,00108042	1560387087494	1	1	-1	
49896017	0,0043216	1,56	0,00674169	1560387087494	1	1	-2	
49896018	0,0043216	5	0,021608	1560387087494	1	1	0	
49896019	0,0043198	0,31	0,00133913	1560387087993	1	1	-1	
49896020	0,0043218	0,03	0,00012965	1560387088705	0	1	1	
49896021	0,0043222	0,48	0,00207465	1560387088705	0	1	2	
49896022	0,0043222	0,4	0,00172888	1560387090874	0	1	0	
49896023	0,0043225	0,31	0,00133997	1560387090874	0	1	1	
49896024	0,004324	1,29	0,00557796	1560387090874	0	1	2	
49896025	0,0043236	0,51	0,00220503	1560387093706	0	1	-1	
49896026	0,0043224	3,04	0,01314009	1560387094434	1	1	-2	
49896027	0,0043216	216,25	0,934546	1560387097211	0	1	-3	
49896028	0,0043217	2,11	0,00911878	1560387098058	0	1	1	
49896029	0,0043217	230	0,993991	1560387098198	0	1	0	
49896030	0,0043217	1,16	0,00501317	1560387098224	0	1	0	
49896031	0,0043236	9,25	0,0399933	1560387098276	0	1	1	
49896032	0,0043236	3,15	0,01361934	1560387098392	0	1	0	
49896033	0,0043237	7,86	0,03398428	1560387098600	0	1	1	
49896034	0,0043223	0,28	0,00121024	1560387100658	1	1	-1	
49896035	0,0043241	0,24	0,00103778	1560387101736	0	1	1	
49896036	0,0043244	0,27	0,00116758	1560387101736	0	1	2	
49896037	0,0043244	0,01	0,00004324	1560387103031	0	1	0	
49896038	0,0043245	0,27	0,00116761	1560387103031	0	1	1	
49896039	0,0043245	3,86	0,01669257	1560387103168	0	1	0	
49896040	0,0043245	0,29	0,0012541	1560387103548	0	1	0	
49896041	0,0043245	56,07	0,24247471	1560387103556	0	1	0	
49896042	0,004323	1	0,004323	1560387104900	1	1	-1	
49896043	0,0043245	0,26	0,00112437	1560387105292	0	1	1	
49896044	0,0043245	0,5	0,00216225	1560387105715	0	1	0	
49896045	0,0043245	10	0,043245	1560387106208	0	1	0	
49896046	0,0043245	1,05	0,00454072	1560387106276	0	1	0	
49896047	0,0043247	0,24	0,00103792	1560387106276	0	1	1	
49896048	0,0043247	1,32	0,0057086	1560387106276	0	1	0	
49896049	0,0043249	0,24	0,00103797	1560387108140	0	1	1	
49896050	0,0043251	0,24	0,00103802	1560387108350	0	1	2	
49896051	0,0043252	0,24	0,00103804	1560387109016	0	1	3	
49896052	0,0043259	0,24	0,00103821	1560387110759	0	1	4	
49896053	0,0043275	0,26	0,00112515	1560387110759	0	1	5	
49896054	0,0043267	0,6	0,00259602	1560387111363	0	1	-1	
49896055	0,0043273	0,09	0,00038945	1560387111363	0	1	1	
49896056	0,0043257	15,24	0,06592366	1560387112200	1	1	-1	
49896057	0,0043272	0,69	0,00298576	1560387112636	0	1	1	
49896058	0,0043272	0,5	0,0021636	1560387112899	0	1	0	
49896059	0,0043272	1	0,0043272	1560387115095	0	1	0	
49896060	0,0043255	8,17	0,03533933	1560387115203	1	1	-1	
49896061	0,0043255	16,51	0,071414	1560387115306	1	1	0	
49896062	0,0043267	117,45	0,50817091	1560387116470	0	1	1	
49896063	0,0043272	0,49	0,00212032	1560387117059	0	1	2	
49896064	0,0043272	5,09	0,02202544	1560387118400	0	1	0	
49896065	0,0043273	3,92	0,01696301	1560387118400	0	1	1	
49896066	0,0043276	0,24	0,00103862	1560387118400	0	1	2	
49896067	0,0043279	0,24	0,00103869	1560387118400	0	1	3	
49896068	0,004328	0,72	0,00311616	1560387118400	0	1	4	
49896069	0,0043281	2,32	0,01004119	1560387118400	0	1	5	
49896070	0,0043281	0,24	0,00103874	1560387118400	0	1	0	
49896071	0,0043282	0,24	0,00103876	1560387118400	0	1	1	
49896072	0,0043282	6,38	0,02761391	1560387118455	1	1	0	
49896073	0,0043262	1,81	0,00783042	1560387119307	1	1	-1	
49896074	0,0043261	12,89	0,05576342	1560387119307	1	1	-2	
49896075	0,0043261	5,22	0,02258224	1560387119328	1	1	0	
49896076	0,0043259	5,08	0,02197557	1560387119545	1	1	-1	
49896077	0,0043258	9,63	0,04165745	1560387119545	1	1	-2	
49896078	0,0043258	14,06	0,06082074	1560387119545	1	1	0	
49896079	0,0043258	0,92	0,00397973	1560387119576	1	1	0	
49896080	0,0043256	12,07	0,05220999	1560387119576	1	1	-1	
49896081	0,0043282	0,49	0,00212081	1560387119752	0	1	1	
49896082	0,0043278	1,32	0,00571269	1560387120401	0	1	-1	
49896083	0,0043279	3,68	0,01592667	1560387120401	0	1	1	
49896084	0,0043258	1,81	0,00782969	1560387122374	1	1	-1	
49896085	0,0043257	1,74	0,00752671	1560387122374	1	1	-2	
49896086	0,0043257	3,34	0,01444783	1560387122382	1	1	0	
49896087	0,0043256	3,51	0,01518285	1560387122382	1	1	-1	
49896088	0,0043264	0,24	0,00103833	1560387122670	0	1	1	
49896089	0,0043282	0,25	0,00108205	1560387122670	0	1	2	
49896090	0,0043257	5,08	0,02197455	1560387124432	1	1	-1	
49896091	0,0043256	204,44	0,88432566	1560387124432	1	1	-2	
49896092	0,0043255	1	0,0043255	1560387124432	1	1	-3	
49896093	0,0043236	5,26	0,02274213	1560387124432	1	1	-4	
49896094	0,0043235	30	0,129705	1560387124432	1	1	-5	
49896095	0,0043233	7,21	0,03117099	1560387124432	1	1	-6	
49896096	0,0043233	7,21	0,03117099	1560387124432	1	1	0	
49896097	0,0043233	7,21	0,03117099	1560387124432	1	1	0	
49896098	0,0043233	7,21	0,03117099	1560387124432	1	1	0	
49896099	0,0043233	7,21	0,03117099	1560387124432	1	1	0	
49896100	0,0043233	6,51	0,02814468	1560387124432	1	1	0	
49896101	0,0043232	50	0,21616	1560387124432	1	1	-1	
49896102	0,0043231	14,47	0,06255525	1560387124432	1	1	-2	
49896103	0,0043231	14,47	0,06255525	1560387124432	1	1	0	
49896104	0,0043231	14,47	0,06255525	1560387124432	1	1	0	
49896105	0,0043231	14,47	0,06255525	1560387124432	1	1	0	
49896106	0,0043231	14,47	0,06255525	1560387124432	1	1	0	
49896107	0,0043231	14,47	0,06255525	1560387124432	1	1	0	
49896108	0,0043231	0,99	0,00427986	1560387124432	1	1	0	
49896109	0,0043224	9,19	0,03972285	1560387124432	1	1	-1	
49896110	0,0043207	44,26	0,19123418	1560387124432	1	1	-2	
49896111	0,0043206	10,18	0,0439837	1560387124432	1	1	-3	
49896112	0,0043206	19,26	0,08321475	1560387124432	1	1	0	
49896113	0,0043206	10,18	0,0439837	1560387124432	1	1	0	
49896114	0,0043206	19,26	0,08321475	1560387124432	1	1	0	
49896115	0,0043206	10,18	0,0439837	1560387124432	1	1	0	
49896116	0,0043206	19,26	0,08321475	1560387124432	1	1	0	
49896117	0,0043206	10,18	0,0439837	1560387124432	1	1	0	
49896118	0,0043206	19,26	0,08321475	1560387124432	1	1	0	
49896119	0,0043206	10,18	0,0439837	1560387124432	1	1	0	
49896120	0,0043206	19,26	0,08321475	1560387124432	1	1	0	
49896121	0,0043206	2,56	0,01106073	1560387124432	1	1	0	
49896122	0,0043206	19,26	0,08321475	1560387124432	1	1	0	
49896123	0,0043206	19,26	0,08321475	1560387124432	1	1	0	
49896124	0,0043206	1,53	0,00661051	1560387124432	1	1	0	
49896125	0,0043204	13,21	0,05707248	1560387124432	1	1	-1	
49896126	0,0043204	13,21	0,05707248	1560387124432	1	1	0	
49896127	0,0043204	13,21	0,05707248	1560387124432	1	1	0	
49896128	0,0043204	13,21	0,05707248	1560387124432	1	1	0	
49896129	0,0043204	13,21	0,05707248	1560387124432	1	1	0	
49896130	0,0043204	13,21	0,05707248	1560387124432	1	1	0	
49896131	0,0043204	13,21	0,05707248	1560387124432	1	1	0	
49896132	0,0043204	13,21	0,05707248	1560387124432	1	1	0	
49896133	0,0043204	1,35	0,00583254	1560387124432	1	1	0	
49896134	0,0043203	21,17	0,09146075	1560387124432	1	1	-1	
49896135	0,0043203	21,17	0,09146075	1560387124432	1	1	0	
49896136	0,0043203	21,17	0,09146075	1560387124432	1	1	0	
49896137	0,0043203	21,17	0,09146075	1560387124432	1	1	0	
49896138	0,0043203	21,17	0,09146075	1560387124432	1	1	0	
49896139	0,0043203	21,17	0,09146075	1560387124432	1	1	0	
49896140	0,0043203	4,15	0,01792924	1560387124432	1	1	0	
49896141	0,0043201	0,44	0,00190084	1560387124432	1	1	-1	
49896142	0,0043201	0,53	0,00228965	1560387124432	1	1	0	
49896143	0,0043201	12,77	0,05516767	1560387124432	1	1	0	
49896144	0,0043201	22,37	0,09664063	1560387124432	1	1	0	
49896145	0,0043201	12,77	0,05516767	1560387124432	1	1	0	
49896146	0,0043201	22,37	0,09664063	1560387124432	1	1	0	
49896147	0,0043201	12,77	0,05516767	1560387124432	1	1	0	
49896148	0,0043201	22,37	0,09664063	1560387124432	1	1	0	
49896149	0,0043201	12,77	0,05516767	1560387124432	1	1	0	
49896150	0,0043201	22,37	0,09664063	1560387124432	1	1	0	
49896151	0,0043201	12,77	0,05516767	1560387124432	1	1	0	
49896152	0,0043201	21,54	0,09305495	1560387124432	1	1	0	
49896153	0,0043201	12,77	0,05516767	1560387124432	1	1	0	
49896154	0,0043201	12,77	0,05516767	1560387124432	1	1	0	
49896155	0,0043201	12,77	0,05516767	1560387124432	1	1	0	
49896156	0,0043201	9,12	0,03939931	1560387124432	1	1	0	
49896157	0,00432	55,79	0,2410128	1560387124452	0	1	-1	
49896158	0,00432	50	0,216	1560387124462	0	1	0	
49896159	0,00432	1,8	0,007776	1560387124468	0	1	0	
49896160	0,00432	10,96	0,0473472	1560387124474	0	1	0	
49896161	0,00432	1,82	0,0078624	1560387124493	0	1	0	
49896162	0,00432	284,6	1,229472	1560387124496	0	1	0	
49896163	0,00432	3,47	0,0149904	1560387124497	0	1	0	
49896164	0,00432	4,65	0,020088	1560387124512	0	1	0	
49896165	0,00432	41,23	0,1781136	1560387124518	0	1	0	
49896166	0,00432	9,03	0,0390096	1560387124524	0	1	0	
49896167	0,00432	5,38	0,0232416	1560387124534	0	1	0	
49896168	0,00432	5,38	0,0232416	1560387124568	0	1	0	
49896169	0,00432	42,4	0,183168	1560387124568	0	1	0	
49896170	0,00432	47,08	0,2033856	1560387124581	0	1	0	
49896171	0,00432	1,15	0,004968	1560387124583	0	1	0	
49896172	0,00432	48,23	0,2083536	1560387124595	0	1	0	
49896173	0,00432	0,96	0,0041472	1560387124605	0	1	0	
49896174	0,00432	0,4	0,001728	1560387124617	0	1	0	
49896175	0,00432	19,07	0,0823824	1560387124623	0	1	0	
49896176	0,00432	0,98	0,0042336	1560387124623	0	1	0	
49896177	0,00432	45,79	0,1978128	1560387124670	0	1	0	
49896178	0,00432	3,58	0,0154656	1560387124692	0	1	0	
49896179	0,00432	33,26	0,1436832	1560387124695	0	1	0	
49896180	0,00432	2,38	0,0102816	1560387124699	0	1	0	
49896181	0,00432	89,73	0,3876336	1560387124721	0	1	0	
49896182	0,0043276	0,46	0,00199069	1560387124748	0	1	1	
49896183	0,004324	0,48	0,00207552	1560387126959	0	1	-1	
49896184	0,0043217	1	0,0043217	1560387128454	0	1	-2	
49896185	0,0043215	1,76	0,00760584	1560387128704	0	1	-3	
49896186	0,0043213	1	0,0043213	1560387129085	0	1	-4	
49896187	0,0043209	1,31	0,00566037	1560387129753	0	1	-5	
49896188	0,0043213	0,48	0,00207422	1560387130740	0	1	1	
49896189	0,0043213	2,79	0,01205642	1560387130879	0	1	0	
49896190	0,0043213	6,9	0,02981697	1560387131201	0	1	0	
49896191	0,0043213	1,35	0,00583375	1560387131201	0	1	0	
49896192	0,0043213	15,24	0,06585661	1560387131201	0	1	0	
49896193	0,0043213	2,79	0,01205642	1560387132101	1	1	0	
49896194	0,0043227	1	0,0043227	1560387132366	0	1	1	
49896195	0,0043217	3,78	0,01633602	1560387133203	0	1	-1	
49896196	0,0043215	0,48	0,00207432	1560387134726	0	1	-2	
49896197	0,0043204	94,38	0,40775935	1560387135341	0	1	-3	
49896198	0,0043213	0,54	0,0023335	1560387138646	0	1	1	
49896199	0,0043213	2,31	0,0099822	1560387139345	0	1	0	
49896200	0,0043213	0,47	0,00203101	1560387139731	0	1	0	
49896201	0,0043196	1,61	0,00695455	1560387141557	1	1	-1	
49896202	0,0043196	3,45	0,01490262	1560387141557	1	1	0	
49896203	0,0043208	1,61	0,00695648	1560387143214	0	1	1	
49896204	0,0043215	12,82	0,05540163	1560387143307	0	1	2	
49896205	0,0043215	8,17	0,03530665	1560387143328	0	1	0	
49896206	0,0043215	4,65	0,02009497	1560387143334	1	1	0	
49896207	0,0043196	12,09	0,05222396	1560387143334	1	1	-1	
49896208	0,0043216	3,33	0,01439092	1560387143571	0	1	1	
49896209	0,0043202	7,2	0,03110544	1560387143592	1	1	-1	
49896210	0,0043216	7,28	0,03146124	1560387143627	0	1	1	
49896211	0,0043216	4,24	0,01832358	1560387145452	0	1	0	
49896212	0,0043217	0,58	0,00250658	1560387147383	1	1	1	
49896213	0,0043218	2,26	0,00976726	1560387148259	0	1	2	
49896214	0,0043218	2,25	0,00972405	1560387148295	0	1	0	
49896215	0,0043218	0,47	0,00203124	1560387151723	0	1	0	
49896216	0,0043218	1	0,0043218	1560387152358	0	1	0	
49896217	0,0043218	0,38	0,00164228	1560387152435	0	1	0	
49896218	0,0043218	0,7	0,00302526	1560387152495	0	1	0	
49896219	0,0043198	1,82	0,00786203	1560387152509	1	1	-1	
49896220	0,0043197	5,27	0,02276481	1560387152509	1	1	-2	
49896221	0,0043196	15,28	0,06600348	1560387152533	1	1	-3	
49896222	0,0043195	40,5	0,17493975	1560387152611	1	1	-4	
49896223	0,0043195	20,65	0,08919767	1560387152634	1	1	0	
49896224	0,0043195	17,71	0,07649834	1560387152698	1	1	0	
49896225	0,0043217	4,28	0,01849687	1560387152820	0	1	1	
49896226	0,0043217	3,82	0,01650889	1560387152820	0	1	0	
49896227	0,0043195	20,5	0,08854975	1560387152831	1	1	-1	
49896228	0,0043195	0,24	0,00103668	1560387153115	1	1	0	
49896229	0,0043217	0,46	0,00198798	1560387153427	0	1	1	
49896230	0,0043217	0,54	0,00233371	1560387153427	0	1	0	
49896231	0,0043217	0,47	0,00203119	1560387154758	0	1	0	
49896232	0,0043197	5	0,0215985	1560387158777	1	1	-1	
49896233	0,0043216	0,46	0,00198793	1560387159752	0	1	1	
49896234	0,0043216	0,28	0,00121004	1560387161945	0	1	0	
49896235	0,0043217	1,67	0,00721723	1560387161945	0	1	1	
49896236	0,0043197	0,93	0,00401732	1560387163315	1	1	-1	
49896237	0,0043218	0,17	0,0007347	1560387164743	0	1	1	
49896238	0,0043223	0,29	0,00125346	1560387164743	0	1	2	
49896239	0,0043222	251,41	1,0866443	1560387167092	1	1	-1	
49896240	0,0043219	183,76	0,79419234	1560387167100	1	1	-2	
49896241	0,0043225	0,31	0,00133997	1560387168728	0	1	1	
49896242	0,0043225	0,15	0,00064837	1560387168728	0	1	0	
49896243	0,0043224	0,27	0,00116704	1560387168946	0	1	-1	
49896244	0,0043218	0,7	0,00302526	1560387170640	1	1	-2	
49896245	0,0043218	3,45	0,01491021	1560387170640	1	1	0	
49896246	0,0043217	40,67	0,17576353	1560387170640	1	1	-1	
49896247	0,0043214	0,45	0,00194463	1560387172766	0	1	-2	
49896248	0,0043214	1,82	0,00786494	1560387174371	0	1	0	
49896249	0,0043215	4,43	0,01914424	1560387174371	0	1	1	
49896250	0,004322	3,6	0,0155592	1560387174371	0	1	2	
49896251	0,004322	3,05	0,0131821	1560387174371	0	1	0	
49896252	0,004322	0,45	0,0019449	1560387176742	0	1	0	
49896253	0,0043195	3,47	0,01498866	1560387177565	1	1	-1	
49896254	0,004319	0,45	0,00194355	1560387180737	0	1	-2	
49896255	0,004319	2,61	0,01127259	1560387182065	0	1	0	
49896256	0,004319	11,78	0,05087782	1560387182065	0	1	0	
49896257	0,0043191	13,37	0,05774636	1560387182065	0	1	1	
49896258	0,0043191	50	0,215955	1560387183272	0	1	0	
49896259	0,0043191	0,45	0,00194359	1560387185724	0	1	0	
49896260	0,0043191	2	0,0086382	1560387186312	0	1	0	
49896261	0,0043191	0,23	0,00099339	1560387188760	0	1	0	
49896262	0,0043218	0,21	0,00090757	1560387188760	0	1	1	
49896263	0,0043206	0,65	0,00280839	1560387192014	0	1	-1	
49896264	0,0043206	0,16	0,00069129	1560387192732	0	1	0	
49896265	0,0043207	0,28	0,00120979	1560387192732	0	1	1	
49896266	0,0043208	0,44	0,00190115	1560387197732	0	1	2	
49896267	0,0043207	177,23	0,76575766	1560387199792	0	1	-1	
49896268	0,0043208	0,43	0,00185794	1560387202771	0	1	1	
49896269	0,0043207	1,31	0,00566011	1560387204180	1	1	-1	
49896270	0,0043189	0,31	0,00133885	1560387205965	1	1	-2	
49896271	0,0043212	2,11	0,00911773	1560387206662	0	1	1	
49896272	0,0043212	0,43	0,00185811	1560387206762	0	1	0	
49896273	0,0043212	0,24	0,00103708	1560387206943	0	1	0	
49896274	0,0043212	0,69	0,00298162	1560387206956	0	1	0	
49896275	0,0043224	31,54	0,13632849	1560387206956	0	1	1	
49896276	0,0043224	0,43	0,00185863	1560387210755	0	1	0	
49896277	0,0043224	0,39	0,00168573	1560387210867	0	1	0	
49896278	0,004322	0,42	0,00181524	1560387215738	0	1	-1	
49896279	0,004322	0,42	0,00181524	1560387219720	0	1	0	
49896280	0,004322	6,86	0,02964892	1560387220684	0	1	0	
49896281	0,004322	1,3	0,0056186	1560387220705	0	1	0	
49896282	0,004322	5,56	0,02403032	1560387220705	0	1	0	
49896283	0,004322	17,89	0,07732058	1560387220814	0	1	0	
49896284	0,0043219	0,46	0,00198807	1560387220965	1	1	-1	
49896285	0,0043208	5,08	0,02194966	1560387221193	1	1	-2	
49896286	0,004322	0,42	0,00181524	1560387223762	0	1	1	
49896287	0,0043201	0,24	0,00103682	1560387224851	1	1	-1	
49896288	0,004322	10,72	0,04633184	1560387224913	0	1	1	
49896289	0,004322	0,42	0,00181524	1560387227745	0	1	0	
49896290	0,004322	1,09	0,00471098	1560387228102	0	1	0	
49896291	0,004322	0,81	0,00350082	1560387228138	0	1	0	