8795416	0,01628700	0,80000000	0,01302960	1561293039355	false	true	
8795417	0,01629000	1,00000000	0,01629000	1561293041313	false	true	
8795418	0,01629000	0,22100000	0,00360009	1561293046230	false	true	
8795419	0,01629500	0,80000000	0,01303600	1561293048764	false	true	
8795420	0,01629800	0,20800000	0,00338998	1561293049110	false	true	
8795421	0,01628500	0,12200000	0,00198677	1561293049328	true	true	
8795422	0,01628500	0,80000000	0,01302800	1561293049328	true	true	
8795423	0,01628400	0,51400000	0,00836997	1561293049328	true	true	
8795424	0,01628400	20,00000000	0,32568000	1561293049328	true	true	
8795425	0,01628400	2,90300000	0,04727245	1561293049328	true	true	
8795426	0,01629400	1,16200000	0,01893362	1561293050742	false	true	
8795427	0,01629100	0,14000000	0,00228074	1561293071279	true	true	
8795428	0,01629600	0,72100000	0,01174941	1561293071285	false	true	
8795429	0,01629400	0,62500000	0,01018375	1561293097693	false	true	
8795430	0,01629600	0,87600000	0,01427529	1561293097702	false	true	
8795431	0,01629200	1,69800000	0,02766381	1561293099136	true	true	
8795432	0,01629700	0,12200000	0,00198823	1561293099436	false	true	
8795433	0,01629800	0,59500000	0,00969731	1561293099436	false	true	
8795434	0,01629500	0,86700000	0,01412776	1561293131636	false	true	
8795435	0,01630200	0,70400000	0,01147660	1561293131641	false	true	
8795436	0,01629800	0,24000000	0,00391152	1561293152119	false	true	
8795437	0,01629600	0,47300000	0,00770800	1561293152122	false	true	
8795438	0,01629900	0,12200000	0,00198847	1561293180589	false	true	
8795439	0,01629900	0,13200000	0,00215146	1561293187950	false	true	
8795440	0,01629600	0,57700000	0,00940279	1561293192744	true	true	
8795441	0,01629800	0,87000000	0,01417926	1561293192748	false	true	
8795442	0,01629900	0,16600000	0,00270563	1561293194189	false	true	
8795443	0,01629900	3,69500000	0,06022480	1561293194256	false	true	
8795444	0,01629900	0,30500000	0,00497119	1561293194256	false	true	
8795445	0,01629900	0,49500000	0,00806800	1561293194404	false	true	
8795446	0,01629900	0,55000000	0,00896445	1561293229814	false	true	
8795447	0,01630200	0,19400000	0,00316258	1561293229817	false	true	
8795448	0,01629800	0,12200000	0,00198835	1561293251809	false	true	
8795449	0,01629200	0,12200000	0,00198762	1561293257934	true	true	
8795450	0,01628500	0,08400000	0,00136794	1561293281640	false	true	
8795451	0,01628300	0,17900000	0,00291465	1561293308356	true	true	
8795452	0,01628800	0,07300000	0,00118902	1561293316007	false	true	
8795453	0,01628300	0,23300000	0,00379393	1561293351549	true	true	
8795454	0,01628600	1,37000000	0,02231182	1561293351550	false	true	
8795455	0,01628800	0,72700000	0,01184137	1561293357722	false	true	
8795456	0,01629000	0,62600000	0,01019754	1561293377476	false	true	
8795457	0,01629300	1,52100000	0,02478165	1561293396192	false	true	
8795458	0,01629800	0,88700000	0,01445632	1561293428162	true	true	
8795459	0,01629100	0,62500000	0,01018187	1561293428169	true	true	
8795460	0,01629000	0,15400000	0,00250866	1561293446620	true	true	
8795461	0,01628900	0,12200000	0,00198725	1561293446620	true	true	
8795462	0,01628200	0,73100000	0,01190214	1561293446620	true	true	
8795463	0,01628400	0,33100000	0,00539000	1561293455647	true	true	
8795464	0,01629000	0,51700000	0,00842193	1561293478400	true	true	
8795465	0,01628400	0,41700000	0,00679042	1561293478406	true	true	
8795466	0,01629100	0,80000000	0,01303280	1561293501938	false	true	
8795467	0,01629200	3,07100000	0,05003273	1561293504516	false	true	
8795468	0,01628500	0,38300000	0,00623715	1561293509631	true	true	
8795469	0,01628400	4,48700000	0,07306630	1561293511515	true	true	
8795470	0,01628300	0,12200000	0,00198652	1561293534673	true	true	
8795471	0,01629300	0,30000000	0,00488790	1561293534861	false	true	
8795472	0,01629300	0,30000000	0,00488790	1561293534868	false	true	
8795473	0,01629300	3,40000000	0,05539620	1561293535764	false	true	
8795474	0,01628400	0,35600000	0,00579710	1561293546001	true	true	
8795475	0,01628500	0,83700000	0,01363054	1561293582108	true	true	
8795476	0,01628900	1,07000000	0,01742923	1561293582109	false	true	
8795477	0,01629000	0,78700000	0,01282023	1561293613913	true	true	
8795478	0,01628500	0,50900000	0,00828906	1561293613919	true	true	
8795479	0,01629400	0,12200000	0,00198786	1561293623657	false	true	
8795480	0,01629400	0,23100000	0,00376391	1561293623657	false	true	
8795481	0,01629100	0,12200000	0,00198750	1561293630622	true	true	
8795482	0,01629000	0,62300000	0,01014867	1561293630622	true	true	
8795483	0,01628900	0,58900000	0,00959422	1561293631238	false	true	
8795484	0,01629600	0,09900000	0,00161330	1561293632014	true	true	
8795485	0,01629600	0,85600000	0,01394937	1561293658261	true	true	
8795486	0,01629800	0,80000000	0,01303840	1561293677196	true	true	
8795487	0,01629700	0,27100000	0,00441648	1561293677196	true	true	
8795488	0,01630600	0,24400000	0,00397866	1561293683360	false	true	
8795489	0,01630600	0,07500000	0,00122295	1561293689317	false	true	
8795490	0,01630900	0,80000000	0,01304720	1561293693730	false	true	
8795491	0,01631000	1,10900000	0,01808779	1561293696690	true	true	
8795492	0,01631300	0,24600000	0,00401299	1561293698375	false	true	
8795493	0,01631500	0,24800000	0,00404612	1561293699393	false	true	
8795494	0,01634000	0,12200000	0,00199348	1561293723965	false	true	
8795495	0,01634000	0,12300000	0,00200982	1561293726370	true	true	
8795496	0,01634000	0,99200000	0,01620928	1561293727809	true	true	
8795497	0,01634000	1,01300000	0,01655242	1561293728057	true	true	
8795498	0,01634000	7,35100000	0,12011534	1561293728355	true	true	
8795499	0,01634000	0,80000000	0,01307200	1561293728355	true	true	
8795500	0,01632000	0,16300000	0,00266016	1561293728460	true	true	
8795501	0,01632000	0,08400000	0,00137088	1561293729433	true	true	
8795502	0,01633700	0,39000000	0,00637143	1561293732987	false	true	
8795503	0,01634200	0,70800000	0,01157013	1561293732990	false	true	
8795504	0,01634300	0,80000000	0,01307440	1561293755316	false	true	
8795505	0,01634200	0,80000000	0,01307360	1561293756319	false	true	
8795506	0,01634300	0,10800000	0,00176504	1561293756319	false	true	
8795507	0,01633200	0,12200000	0,00199250	1561293757358	true	true	
8795508	0,01634100	0,60400000	0,00986996	1561293757646	false	true	
8795509	0,01634200	0,12200000	0,00199372	1561293757646	false	true	
8795510	0,01634300	0,66500000	0,01086809	1561293757646	false	true	
8795511	0,01634200	0,08700000	0,00142175	1561293763201	false	true	
8795512	0,01633000	0,12200000	0,00199226	1561293768363	true	true	
8795513	0,01633900	0,06800000	0,00111105	1561293769595	false	true	
8795514	0,01632500	0,12200000	0,00199165	1561293780104	true	true	
8795515	0,01632400	0,80000000	0,01305920	1561293780258	true	true	
8795516	0,01629600	0,07700000	0,00125479	1561293780406	true	true	
8795517	0,01632900	0,17600000	0,00287390	1561293788386	false	true	
8795518	0,01633000	0,09800000	0,00160034	1561293788386	false	true	
8795519	0,01632900	0,07700000	0,00125733	1561293818649	false	true	
8795520	0,01633000	0,23400000	0,00382122	1561293818649	false	true	
8795521	0,01632600	0,62000000	0,01012212	1561293821667	false	true	
8795522	0,01631900	0,19900000	0,00324748	1561293821673	true	true	
8795523	0,01632300	0,45300000	0,00739431	1561293853904	true	true	
8795524	0,01632300	1,71500000	0,02799394	1561293853904	true	true	
8795525	0,01631900	0,24300000	0,00396551	1561293856355	true	true	
8795526	0,01631900	0,13700000	0,00223570	1561293859061	true	true	
8795527	0,01631900	0,07300000	0,00119128	1561293860393	true	true	
8795528	0,01631800	0,12200000	0,00199079	1561293861370	true	true	
8795529	0,01630600	0,64500000	0,01051737	1561293873636	true	true	
8795530	0,01630300	0,12200000	0,00198896	1561293875811	true	true	
8795531	0,01630200	1,07600000	0,01754095	1561293875811	true	true	
8795532	0,01631500	0,12200000	0,00199043	1561293877142	false	true	
8795533	0,01631600	0,57100000	0,00931643	1561293877142	false	true	
8795534	0,01631500	1,31500000	0,02145422	1561293888197	false	true	
8795535	0,01630900	0,87600000	0,01428668	1561293902244	true	true	
8795536	0,01630500	0,12200000	0,00198921	1561293912210	true	true	
8795537	0,01629900	0,12200000	0,00198847	1561293912480	true	true	
8795538	0,01630800	0,12200000	0,00198957	1561293915099	false	true	
8795539	0,01630900	0,09200000	0,00150042	1561293915099	false	true	
8795540	0,01630000	1,63900000	0,02671570	1561293923297	true	true	
8795541	0,01630800	0,24400000	0,00397915	1561293926456	false	true	
8795542	0,01630800	0,10600000	0,00172864	1561293926456	false	true	
8795543	0,01630800	0,98900000	0,01612861	1561293927206	false	true	
8795544	0,01631100	0,67400000	0,01099361	1561293937607	false	true	
8795545	0,01631100	0,12600000	0,00205518	1561293951141	false	true	
8795546	0,01631500	0,90700000	0,01479770	1561293951141	false	true	
8795547	0,01629600	0,09600000	0,00156441	1561293969532	true	true	
8795548	0,01629800	0,12200000	0,00198835	1561293997353	true	true	
8795549	0,01629700	0,97200000	0,01584068	1561293997353	true	true	
8795550	0,01629500	4,67100000	0,07611394	1561293997398	false	true	
8795551	0,01629500	0,06800000	0,00110806	1561293997408	false	true	
8795552	0,01629500	5,00000000	0,08147500	1561293997418	false	true	
8795553	0,01629500	0,33500000	0,00545882	1561293997441	false	true	
8795554	0,01630700	0,88800000	0,01448061	1561293998982	false	true	
8795555	0,01631300	0,09600000	0,00156604	1561294013434	false	true	
8795556	0,01631400	0,70300000	0,01146874	1561294013434	false	true	
8795557	0,01631300	0,12200000	0,00199018	1561294014355	false	true	
8795558	0,01631400	0,09700000	0,00158245	1561294014452	false	true	
8795559	0,01631800	0,07700000	0,00125648	1561294024381	false	true	
8795560	0,01632000	0,75800000	0,01237056	1561294024703	false	true	
8795561	0,01633000	0,97200000	0,01587276	1561294035678	false	true	
8795562	0,01633000	1,05700000	0,01726081	1561294047440	false	true	
8795563	0,01632000	0,12200000	0,00199104	1561294050965	true	true	
8795564	0,01632000	0,12200000	0,00199104	1561294051174	true	true	
8795565	0,01632000	0,12200000	0,00199104	1561294051369	true	true	
8795566	0,01633300	0,12200000	0,00199262	1561294090380	false	true	
8795567	0,01633500	1,46100000	0,02386543	1561294093550	true	true	
8795568	0,01634200	0,24000000	0,00392208	1561294093649	false	true	
8795569	0,01634200	0,00400000	0,00006536	1561294093673	false	true	
8795570	0,01634300	0,10400000	0,00169967	1561294093673	false	true	
8795571	0,01633100	0,12200000	0,00199238	1561294096025	true	true	
8795572	0,01633100	0,12200000	0,00199238	1561294096142	true	true	
8795573	0,01633100	0,12200000	0,00199238	1561294096253	true	true	
8795574	0,01634200	0,12200000	0,00199372	1561294096395	false	true	
8795575	0,01633200	0,12200000	0,00199250	1561294096473	true	true	
8795576	0,01633100	0,08100000	0,00132281	1561294096473	true	true	
8795577	0,01634200	0,12200000	0,00199372	1561294097380	false	true	
8795578	0,01634200	0,12200000	0,00199372	1561294097421	false	true	
8795579	0,01634300	0,00400000	0,00006537	1561294098430	false	true	
8795580	0,01634200	0,12200000	0,00199372	1561294141138	true	true	
8795581	0,01634200	0,12200000	0,00199372	1561294141338	true	true	
8795582	0,01634100	0,29600000	0,00483693	1561294151844	true	true	
8795583	0,01634500	0,45700000	0,00746966	1561294160086	false	true	
8795584	0,01634500	0,46100000	0,00753504	1561294160088	false	true	
8795585	0,01634500	0,35400000	0,00578613	1561294160181	true	true	
8795586	0,01634500	0,10300000	0,00168353	1561294160291	true	true	
8795587	0,01634100	0,10100000	0,00165044	1561294163121	true	true	
8795588	0,01634100	0,16200000	0,00264724	1561294172036	true	true	
8795589	0,01634100	0,53700000	0,00877511	1561294177950	true	true	
8795590	0,01632800	0,43400000	0,00708635	1561294186436	true	true	
8795591	0,01634200	1,36400000	0,02229048	1561294186441	false	true	
8795592	0,01633200	0,31000000	0,00506292	1561294213600	true	true	
8795593	0,01633400	0,80000000	0,01306720	1561294214672	true	true	
8795594	0,01633300	2,30800000	0,03769656	1561294214672	true	true	
8795595	0,01633400	0,22200000	0,00362614	1561294234894	true	true	
8795596	0,01633500	0,57700000	0,00942529	1561294269201	false	true	
8795597	0,01633600	0,80100000	0,01308513	1561294269205	false	true	
8795598	0,01633700	0,19100000	0,00312036	1561294286786	false	true	
8795599	0,01633800	0,89900000	0,01468786	1561294288473	false	true	
8795600	0,01633800	0,20700000	0,00338196	1561294288500	false	true	
8795601	0,01634300	1,73100000	0,02828973	1561294292850	true	true	
8795602	0,01633900	0,26200000	0,00428081	1561294292853	true	true	
8795603	0,01633900	1,04300000	0,01704157	1561294293163	true	true	
8795604	0,01634100	1,19300000	0,01949481	1561294315301	true	true	
8795605	0,01634400	0,74200000	0,01212724	1561294315309	false	true	
8795606	0,01634400	1,00000000	0,01634400	1561294330398	true	true	
8795607	0,01634500	0,12200000	0,00199409	1561294331754	false	true	
8795608	0,01635600	0,24400000	0,00399086	1561294331858	false	true	
8795609	0,01635700	0,80000000	0,01308560	1561294331967	false	true	
8795610	0,01635800	0,40800000	0,00667406	1561294332077	false	true	
8795611	0,01635800	0,80000000	0,01308640	1561294334814	false	true	
8795612	0,01635900	0,23500000	0,00384436	1561294334814	false	true	
8795613	0,01634700	0,93200000	0,01523540	1561294344337	true	true	
8795614	0,01635500	0,26400000	0,00431772	1561294344344	false	true	
8795615	0,01634900	0,79300000	0,01296475	1561294383150	true	true	
8795616	0,01635600	0,49900000	0,00816164	1561294383153	false	true	
8795617	0,01635000	0,08100000	0,00132435	1561294392083	false	true	
8795618	0,01635000	0,22500000	0,00367875	1561294392113	false	true	
8795619	0,01635000	0,10600000	0,00173310	1561294397810	false	true	
8795620	0,01635000	0,10700000	0,00174945	1561294397812	false	true	
8795621	0,01634500	0,12200000	0,00199409	1561294405009	true	true	
8795622	0,01634000	0,05700000	0,00093138	1561294405009	true	true	
8795623	0,01635000	0,10700000	0,00174945	1561294410972	false	true	
8795624	0,01634900	0,21700000	0,00354773	1561294420612	false	true	
8795625	0,01633900	0,10400000	0,00169925	1561294451089	true	true	
8795626	0,01633900	0,69600000	0,01137194	1561294451825	true	true	
8795627	0,01633800	1,43500000	0,02344503	1561294542925	true	true	
8795628	0,01634200	0,81900000	0,01338409	1561294542930	false	true	
8795629	0,01634300	0,12200000	0,00199384	1561294547634	false	true	
8795630	0,01634500	1,00000000	0,01634500	1561294548430	false	true	
8795631	0,01634500	0,05200000	0,00084994	1561294559875	false	true	
8795632	0,01634500	1,06900000	0,01747280	1561294577145	true	true	
8795633	0,01634500	0,79300000	0,01296158	1561294585335	true	true	
8795634	0,01634600	1,32500000	0,02165845	1561294589257	true	true	
8795635	0,01634700	0,55400000	0,00905623	1561294589257	false	true	
8795636	0,01634500	0,15000000	0,00245175	1561294599099	true	true	
8795637	0,01634500	0,99500000	0,01626327	1561294607423	true	true	
8795638	0,01634700	0,13500000	0,00220684	1561294610803	false	true	
8795639	0,01634600	0,62300000	0,01018355	1561294651128	false	true	
8795640	0,01633800	3,02800000	0,04947146	1561294654141	true	true	
8795641	0,01634600	0,57000000	0,00931722	1561294694743	false	true	
8795642	0,01634700	0,08000000	0,00130776	1561294696370	false	true	
8795643	0,01634600	0,76600000	0,01252103	1561294727380	false	true	
8795644	0,01634300	0,33300000	0,00544221	1561294741847	false	true	
8795645	0,01634200	0,53300000	0,00871028	1561294769022	false	true	
8795646	0,01634200	0,45600000	0,00745195	1561294802108	false	true	
8795647	0,01634300	0,48500000	0,00792635	1561294820675	false	true	
8795648	0,01634800	0,80000000	0,01307840	1561294821372	false	true	
8795649	0,01635000	0,14100000	0,00230535	1561294822202	true	true	
8795650	0,01635500	0,15300000	0,00250231	1561294823119	false	true	
8795651	0,01634500	0,12200000	0,00199409	1561294823308	true	true	
8795652	0,01634400	0,50900000	0,00831909	1561294823308	true	true	
8795653	0,01635600	0,74600000	0,01220157	1561294825088	true	true	
8795654	0,01636100	0,24500000	0,00400844	1561294825962	false	true	
8795655	0,01635000	0,48100000	0,00786435	1561294833299	true	true	
8795656	0,01636100	0,55500000	0,00908035	1561294858497	false	true	
8795657	0,01636100	0,12200000	0,00199604	1561294858497	false	true	
8795658	0,01636000	0,68700000	0,01123932	1561294869003	false	true	
8795659	0,01635600	0,49900000	0,00816164	1561294872173	false	true	
8795660	0,01636100	0,06200000	0,00101438	1561294883523	false	true	
8795661	0,01636200	0,24400000	0,00399232	1561294892544	false	true	
8795662	0,01637600	0,58900000	0,00964546	1561294901581	false	true	
8795663	0,01635900	0,12200000	0,00199579	1561294916509	true	true	
8795664	0,01635900	0,51300000	0,00839216	1561294916509	true	true	
8795665	0,01637200	0,51600000	0,00844795	1561294930592	false	true	
8795666	0,01637500	0,37800000	0,00618975	1561294930592	false	true	
8795667	0,01637200	0,51600000	0,00844795	1561294935583	true	true	
8795668	0,01637000	0,25400000	0,00415798	1561294970706	false	true	
8795669	0,01637100	0,13100000	0,00214460	1561294971943	false	true	
8795670	0,01637100	0,50300000	0,00823461	1561294985280	false	true	
8795671	0,01637200	0,41600000	0,00681075	1561294996668	true	true	
8795672	0,01637500	0,46400000	0,00759800	1561295029437	false	true	
8795673	0,01637400	1,01100000	0,01655411	1561295029438	true	true	
8795674	0,01637600	0,12200000	0,00199787	1561295043464	false	true	
8795675	0,01637600	0,83700000	0,01370671	1561295050753	false	true	
8795676	0,01637400	0,53400000	0,00874371	1561295060161	false	true	
8795677	0,01637700	0,80000000	0,01310160	1561295063269	false	true	
8795678	0,01637800	0,10600000	0,00173606	1561295063672	false	true	
8795679	0,01637100	0,18100000	0,00296315	1561295072792	true	true	
8795680	0,01637700	0,70500000	0,01154578	1561295078629	false	true	
8795681	0,01637100	0,11600000	0,00189903	1561295102392	true	true	
8795682	0,01637700	0,73700000	0,01206984	1561295102617	false	true	
8795683	0,01637700	0,10500000	0,00171958	1561295122349	false	true	
8795684	0,01637500	0,44500000	0,00728687	1561295156319	false	true	
8795685	0,01637500	0,54300000	0,00889162	1561295179577	false	true	
8795686	0,01637600	0,54500000	0,00892492	1561295180523	false	true	
8795687	0,01637800	0,11900000	0,00194898	1561295180523	false	true	
8795688	0,01638900	0,97900000	0,01604483	1561295181435	false	true	
8795689	0,01640300	0,12300000	0,00201756	1561295186296	false	true	
8795690	0,01638800	0,54400000	0,00891507	1561295197566	true	true	
8795691	0,01638900	0,06600000	0,00108167	1561295201626	true	true	
8795692	0,01640100	0,06600000	0,00108246	1561295232446	false	true	
8795693	0,01640200	0,77100000	0,01264594	1561295232446	false	true	
8795694	0,01640200	0,06100000	0,00100052	1561295237215	false	true	
8795695	0,01639300	0,37700000	0,00618016	1561295249097	false	true	
8795696	0,01639600	0,74200000	0,01216583	1561295249106	false	true	
8795697	0,01639700	0,08200000	0,00134455	1561295271459	false	true	
8795698	0,01639600	0,81100000	0,01329715	1561295286152	false	true	
8795699	0,01639100	0,12100000	0,00198331	1561295321938	true	true	
8795700	0,01638600	0,66400000	0,01088030	1561295331262	true	true	
8795701	0,01638800	0,28500000	0,00467058	1561295367386	false	true	
8795702	0,01637800	0,09200000	0,00150677	1561295402420	true	true	
8795703	0,01638000	1,11500000	0,01826370	1561295403865	true	true	
8795704	0,01638800	0,33000000	0,00540804	1561295403865	false	true	
8795705	0,01638800	0,51600000	0,00845620	1561295432612	false	true	
8795706	0,01638200	0,18300000	0,00299790	1561295472781	false	true	
8795707	0,01638000	0,70300000	0,01151514	1561295478000	false	true	
8795708	0,01638200	0,12200000	0,00199860	1561295479582	false	true	
8795709	0,01637700	0,12100000	0,00198161	1561295509093	true	true	
8795710	0,01637600	3,05100000	0,04996317	1561295510117	true	true	
8795711	0,01637500	1,90500000	0,03119437	1561295510578	true	true	
8795712	0,01637500	10,26900000	0,16815487	1561295510605	true	true	
8795713	0,01637500	7,97800000	0,13063975	1561295510629	true	true	
8795714	0,01637100	0,56300000	0,00921687	1561295511183	true	true	
8795715	0,01636700	0,12200000	0,00199677	1561295512242	true	true	
8795716	0,01636600	0,80000000	0,01309280	1561295513321	true	true	
8795717	0,01637400	0,12100000	0,00198125	1561295522223	false	true	
8795718	0,01637500	0,49600000	0,00812200	1561295522223	false	true	
8795719	0,01637600	0,80000000	0,01310080	1561295522223	false	true	
8795720	0,01639800	0,58300000	0,00956003	1561295522223	false	true	
8795721	0,01636100	0,12100000	0,00197968	1561295527728	true	true	
8795722	0,01636100	0,05300000	0,00086713	1561295528207	false	true	
8795723	0,01637000	1,00000000	0,01637000	1561295545758	false	true	
8795724	0,01636800	1,76200000	0,02884041	1561295546208	false	true	
8795725	0,01636800	0,24200000	0,00396105	1561295572486	false	true	
8795726	0,01636800	0,01600000	0,00026188	1561295572487	false	true	
8795727	0,01637000	0,46400000	0,00759568	1561295613941	false	true	
8795728	0,01637000	0,08300000	0,00135871	1561295613944	false	true	
8795729	0,01637100	0,46400000	0,00759614	1561295634501	false	true	
8795730	0,01637100	1,00000000	0,01637100	1561295634501	false	true	
8795731	0,01637300	2,00000000	0,03274600	1561295644113	false	true	
8795732	0,01637400	0,37000000	0,00605838	1561295657441	false	true	
8795733	0,01637400	0,21600000	0,00353678	1561295691864	false	true	
8795734	0,01637400	0,76000000	0,01244424	1561295721549	false	true	
8795735	0,01637300	0,19800000	0,00324185	1561295726057	false	true	
8795736	0,01637300	0,60200000	0,00985654	1561295729538	false	true	
8795737	0,01637300	0,39600000	0,00648370	1561295729631	false	true	
8795738	0,01637500	0,24300000	0,00397912	1561295729747	false	true	
8795739	0,01637700	0,38100000	0,00623963	1561295729942	false	true	
8795740	0,01637700	0,41900000	0,00686196	1561295730055	false	true	
8795741	0,01640100	0,12100000	0,00198452	1561295738534	false	true	
8795742	0,01640200	0,48900000	0,00802057	1561295738534	false	true	
8795743	0,01640200	0,15200000	0,00249310	1561295741541	false	true	
8795744	0,01637900	0,12100000	0,00198185	1561295741836	true	true	
8795745	0,01637800	1,43200000	0,02345329	1561295741836	true	true	
8795746	0,01638100	0,12100000	0,00198210	1561295765513	true	true	
8795747	0,01638000	0,12100000	0,00198198	1561295766508	true	true	
8795748	0,01638000	0,15000000	0,00245700	1561295784522	true	true	
8795749	0,01638000	1,34200000	0,02198196	1561295827537	true	true	
8795750	0,01637700	0,50000000	0,00818850	1561295834276	true	true	
8795751	0,01638500	0,12100000	0,00198258	1561295875565	false	true	
8795752	0,01638500	0,80000000	0,01310800	1561295875565	false	true	
8795753	0,01637800	2,37800000	0,03894688	1561295875870	true	true	
8795754	0,01638200	0,77500000	0,01269605	1561295882526	false	true	
8795755	0,01638800	0,80000000	0,01311040	1561295883526	false	true	
8795756	0,01639600	0,12100000	0,00198391	1561295916526	true	true	
8795757	0,01640600	0,07900000	0,00129607	1561295918217	false	true	
8795758	0,01639500	0,80000000	0,01311600	1561295934054	true	true	
8795759	0,01639500	0,13900000	0,00227890	1561295935527	false	true	
8795760	0,01640500	0,16700000	0,00273963	1561295953097	false	true	
8795761	0,01639800	0,50300000	0,00824819	1561295984611	false	true	
8795762	0,01639600	0,80000000	0,01311680	1561296010527	true	true	
8795763	0,01639300	0,07400000	0,00121308	1561296045446	false	true	
8795764	0,01639400	0,01700000	0,00027869	1561296045446	false	true	
8795765	0,01639000	0,12000000	0,00196680	1561296062745	false	true	
8795766	0,01639300	0,08600000	0,00140979	1561296081180	false	true	
8795767	0,01638700	0,38300000	0,00627622	1561296107066	false	true	
8795768	0,01638800	0,19000000	0,00311372	1561296112811	false	true	
8795769	0,01638800	0,73400000	0,01202879	1561296116078	false	true	
8795770	0,01638800	0,65000000	0,01065220	1561296126221	true	true	
8795771	0,01639100	0,80300000	0,01316197	1561296126225	false	true	
8795772	0,01638200	1,55300000	0,02544124	1561296131616	true	true	
8795773	0,01638200	1,54000000	0,02522828	1561296145276	true	true	
8795774	0,01638100	0,12100000	0,00198210	1561296166471	true	true	
8795775	0,01638100	0,76800000	0,01258060	1561296166471	true	true	
8795776	0,01638100	0,03200000	0,00052419	1561296167258	true	true	
8795777	0,01638100	0,07900000	0,00129409	1561296169217	true	true	
8795778	0,01638100	0,61800000	0,01012345	1561296171610	true	true	
8795779	0,01638000	0,62200000	0,01018836	1561296174807	true	true	
8795780	0,01637900	0,43600000	0,00714124	1561296181071	true	true	
8795781	0,01637900	0,30500000	0,00499559	1561296188726	true	true	
8795782	0,01637900	0,21300000	0,00348872	1561296195894	true	true	
8795783	0,01638400	0,26900000	0,00440729	1561296199229	false	true	
8795784	0,01638000	0,33800000	0,00553644	1561296199233	true	true	
8795785	0,01637900	0,14900000	0,00244047	1561296203393	true	true	
8795786	0,01637900	0,10400000	0,00170341	1561296204409	true	true	
8795787	0,01637900	0,14900000	0,00244047	1561296245173	true	true	
8795788	0,01638100	0,39800000	0,00651963	1561296286167	false	true	
8795789	0,01637900	0,55000000	0,00900845	1561296286168	true	true	
8795790	0,01638400	0,74000000	0,01212416	1561296290749	false	true	
8795791	0,01638400	0,00100000	0,00001638	1561296290753	false	true	
8795792	0,01638400	0,74100000	0,01214054	1561296290825	true	true	
8795793	0,01637800	0,55500000	0,00908979	1561296290825	true	true	
8795794	0,01637800	0,24500000	0,00401261	1561296304801	true	true	
8795795	0,01638000	0,64100000	0,01049958	1561296321716	false	true	
8795796	0,01638700	0,15700000	0,00257275	1561296326402	false	true	
8795797	0,01638700	0,80000000	0,01310960	1561296326402	false	true	
8795798	0,01638900	0,11300000	0,00185195	1561296326402	false	true	
8795799	0,01637500	0,41100000	0,00673012	1561296354995	true	true	
8795800	0,01638000	0,52000000	0,00851760	1561296354996	false	true	
8795801	0,01637400	0,12200000	0,00199762	1561296369194	true	true	
8795802	0,01637000	0,12200000	0,00199714	1561296373521	true	true	
8795803	0,01637000	0,12200000	0,00199714	1561296373745	true	true	
8795804	0,01636900	0,13000000	0,00212797	1561296373845	true	true	
8795805	0,01637600	0,10900000	0,00178498	1561296395193	false	true	
8795806	0,01636900	0,21900000	0,00358481	1561296395194	true	true	
8795807	0,01636800	0,25000000	0,00409200	1561296403893	true	true	
8795808	0,01636800	0,01200000	0,00019641	1561296403893	true	true	
8795809	0,01636900	0,16900000	0,00276636	1561296437779	true	true	
8795810	0,01637500	0,50200000	0,00822025	1561296437782	false	true	
8795811	0,01637200	1,05800000	0,01732157	1561296457194	false	true	
8795812	0,01636900	0,59300000	0,00970681	1561296457202	true	true	
8795813	0,01637100	0,72200000	0,01181986	1561296481218	true	true	
8795814	0,01636900	0,41800000	0,00684224	1561296481221	true	true	
8795815	0,01636800	0,78800000	0,01289798	1561296489524	true	true	
8795816	0,01634900	0,14700000	0,00240330	1561296502070	true	true	
8795817	0,01635900	0,58300000	0,00953729	1561296502072	false	true	
8795818	0,01634900	0,09200000	0,00150410	1561296520551	true	true	
8795819	0,01635500	0,10000000	0,00163550	1561296525266	false	true	
8795820	0,01635000	0,48600000	0,00794610	1561296525270	true	true	
8795821	0,01634900	0,06400000	0,00104633	1561296527301	true	true	
8795822	0,01634900	0,45800000	0,00748784	1561296534664	true	true	
8795823	0,01635500	0,35100000	0,00574060	1561296548255	true	true	
8795824	0,01636300	0,06400000	0,00104723	1561296558041	false	true	
8795825	0,01636300	0,05800000	0,00094905	1561296564267	false	true	
8795826	0,01635700	1,06800000	0,01746927	1561296603861	true	true	
8795827	0,01635800	0,70400000	0,01151603	1561296610960	true	true	
8795828	0,01636500	0,24400000	0,00399306	1561296611750	false	true	
8795829	0,01636600	0,80000000	0,01309280	1561296612357	false	true	
8795830	0,01636700	0,07400000	0,00121115	1561296640493	false	true	
8795831	0,01637700	0,80000000	0,01310160	1561296640493	false	true	
8795832	0,01638900	0,12600000	0,00206501	1561296640493	false	true	
8795833	0,01636600	0,28200000	0,00461521	1561296646549	false	true	
8795834	0,01636600	0,09300000	0,00152203	1561296646619	false	true	
8795835	0,01636600	0,62500000	0,01022875	1561296647211	false	true	
8795836	0,01638100	0,94600000	0,01549642	1561296654261	true	true	
8795837	0,01636900	0,12200000	0,00199701	1561296684486	true	true	
8795838	0,01636900	0,80000000	0,01309520	1561296684486	true	true	
8795839	0,01636800	0,60600000	0,00991900	1561296684486	true	true	
8795840	0,01636700	24,29200000	0,39758716	1561296684486	true	true	
8795841	0,01636400	3,05300000	0,04995929	1561296684486	true	true	
8795842	0,01636100	0,80000000	0,01308880	1561296684486	true	true	
8795843	0,01635700	15,86100000	0,25943837	1561296684568	false	true	
8795844	0,01635700	25,00000000	0,40892500	1561296684593	false	true	
8795845	0,01635600	0,14400000	0,00235526	1561296691395	false	true	
8795846	0,01635300	1,65300000	0,02703150	1561296691400	false	true	
8795847	0,01635500	0,80400000	0,01314942	1561296717447	true	true	
8795848	0,01635600	0,12800000	0,00209356	1561296717447	false	true	
8795849	0,01635600	0,55600000	0,00909393	1561296735727	true	true	
8795850	0,01635700	0,84800000	0,01387073	1561296753404	false	true	
8795851	0,01635800	0,53000000	0,00866974	1561296757151	true	true	
8795852	0,01635500	0,48300000	0,00789946	1561296757152	true	true	
8795853	0,01636300	0,50100000	0,00819786	1561296758459	false	true	
8795854	0,01637300	0,39000000	0,00638547	1561296774344	false	true	
8795855	0,01636800	0,12200000	0,00199689	1561296786722	true	true	
8795856	0,01636700	0,55800000	0,00913278	1561296786722	true	true	
8795857	0,01636500	0,80000000	0,01309200	1561296786722	true	true	
8795858	0,01636500	3,05300000	0,04996234	1561296786722	true	true	
8795859	0,01636300	0,24000000	0,00392712	1561296786722	true	true	
8795860	0,01637000	0,42900000	0,00702273	1561296810098	false	true	
8795861	0,01637000	0,09400000	0,00153878	1561296810102	false	true	
8795862	0,01637100	0,70100000	0,01147607	1561296846600	false	true	
8795863	0,01637200	3,00000000	0,04911600	1561296847591	false	true	
8795864	0,01636700	0,14200000	0,00232411	1561296855681	true	true	
8795865	0,01636700	3,85800000	0,06314388	1561296856263	true	true	
8795866	0,01636600	0,12200000	0,00199665	1561296863087	true	true	
8795867	0,01635600	0,11600000	0,00189729	1561296864973	true	true	
8795868	0,01635600	0,06600000	0,00107949	1561296871274	true	true	
8795869	0,01636400	0,54200000	0,00886928	1561296875452	false	true	
8795870	0,01636500	0,13800000	0,00225837	1561296885636	false	true	
8795871	0,01636500	0,13800000	0,00225837	1561296885732	false	true	
8795872	0,01636500	0,12200000	0,00199653	1561296891604	false	true	
8795873	0,01636500	0,15400000	0,00252021	1561296905153	false	true	
8795874	0,01635800	0,28200000	0,00461295	1561296916494	true	true	
8795875	0,01636000	0,46000000	0,00752560	1561296916498	false	true	
8795876	0,01635600	0,61800000	0,01010800	1561296920354	true	true	
8795877	0,01635700	0,76500000	0,01251310	1561296943802	true	true	
8795878	0,01635500	0,18900000	0,00309109	1561296943802	true	true	
8795879	0,01635400	0,09600000	0,00156998	1561296952192	true	true	
8795880	0,01636100	0,50000000	0,00818050	1561296955837	false	true	
8795881	0,01635800	0,55200000	0,00902961	1561296964022	true	true	
8795882	0,01635500	0,72200000	0,01180831	1561296964028	true	true	
8795883	0,01636100	0,30000000	0,00490830	1561296964583	false	true	
8795884	0,01635500	0,65900000	0,01077794	1561296989701	true	true	
8795885	0,01635400	0,34300000	0,00560942	1561297002606	true	true	
8795886	0,01635400	0,14000000	0,00228956	1561297024907	true	true	
8795887	0,01635500	0,78800000	0,01288774	1561297028888	true	true	
8795888	0,01636000	1,63100000	0,02668316	1561297028892	false	true	
8795889	0,01635500	0,26500000	0,00433407	1561297060265	true	true	
8795890	0,01636100	1,08800000	0,01780076	1561297079800	false	true	
8795891	0,01635500	0,60400000	0,00987842	1561297079809	true	true	
8795892	0,01636000	0,51300000	0,00839268	1561297099646	false	true	
8795893	0,01635500	0,53400000	0,00873357	1561297099656	true	true	
8795894	0,01636100	0,45300000	0,00741153	1561297129915	false	true	
8795895	0,01635500	0,41300000	0,00675461	1561297129920	true	true	
8795896	0,01636600	0,12200000	0,00199665	1561297144390	false	true	
8795897	0,01636600	0,44800000	0,00733196	1561297144390	false	true	
8795898	0,01636500	0,24400000	0,00399306	1561297153192	false	true	
8795899	0,01636600	0,35200000	0,00576083	1561297153192	false	true	
8795900	0,01636700	1,96600000	0,03217752	1561297153192	false	true	
8795901	0,01636700	2,91000000	0,04762797	1561297153600	false	true	
8795902	0,01636700	13,09000000	0,21424403	1561297153600	false	true	
8795903	0,01636700	0,56900000	0,00931282	1561297156795	false	true	
8795904	0,01637900	0,80000000	0,01310320	1561297184813	false	true	
8795905	0,01638000	0,08700000	0,00142506	1561297189604	false	true	
8795906	0,01638400	0,43400000	0,00711065	1561297197935	false	true	
8795907	0,01639000	0,51500000	0,00844085	1561297200742	false	true	
8795908	0,01639000	0,54800000	0,00898172	1561297200801	false	true	
8795909	0,01639000	0,54800000	0,00898172	1561297200845	false	true	
8795910	0,01639000	0,15200000	0,00249128	1561297209124	false	true	
8795911	0,01639000	0,00100000	0,00001639	1561297209850	false	true	
8795912	0,01639800	2,54500000	0,04173291	1561297209850	false	true	
8795913	0,01639800	10,00000000	0,16398000	1561297210594	false	true	
8795914	0,01639800	0,12200000	0,00200055	1561297210617	false	true	
8795915	0,01639800	0,25900000	0,00424708	1561297210965	false	true	
8795916	0,01641000	0,50000000	0,00820500	1561297213238	false	true	
8795917	0,01641800	0,10300000	0,00169105	1561297213360	true	true	
8795918	0,01641800	0,39700000	0,00651794	1561297213467	true	true	
8795919	0,01641800	0,29100000	0,00477763	1561297213691	true	true	
8795920	0,01641800	0,15400000	0,00252837	1561297214087	true	true	
8795921	0,01642000	1,13800000	0,01868596	1561297214971	false	true	
8795922	0,01642000	0,06600000	0,00108372	1561297222909	false	true	
8795923	0,01641800	0,54600000	0,00896422	1561297226333	true	true	
8795924	0,01640700	0,70200000	0,01151771	1561297238598	true	true	
8795925	0,01640500	0,12100000	0,00198500	1561297239599	true	true	
8795926	0,01639000	0,12100000	0,00198319	1561297241686	true	true	
8795927	0,01638900	0,11200000	0,00183556	1561297241686	true	true	
8795928	0,01638800	1,79200000	0,02936729	1561297241686	true	true	
8795929	0,01638800	3,04900000	0,04996701	1561297241686	true	true	
8795930	0,01638700	0,80000000	0,01310960	1561297241686	true	true	
8795931	0,01638400	1,94300000	0,03183411	1561297241686	true	true	
8795932	0,01636900	3,21000000	0,05254449	1561297241686	true	true	
8795933	0,01640100	0,39900000	0,00654399	1561297243413	true	true	
8795934	0,01638200	0,07900000	0,00129417	1561297244361	true	true	
8795935	0,01638500	0,45300000	0,00742240	1561297288476	true	true	
8795936	0,01639400	1,00000000	0,01639400	1561297288599	false	true	
8795937	0,01639500	0,12100000	0,00198379	1561297298404	false	true	
8795938	0,01639600	0,07900000	0,00129528	1561297298404	false	true	
8795939	0,01639500	0,28100000	0,00460699	1561297359547	true	true	
8795940	0,01639100	0,12100000	0,00198331	1561297362112	true	true	
8795941	0,01639000	0,14100000	0,00231099	1561297363848	true	true	
8795942	0,01639500	0,20000000	0,00327900	1561297390243	false	true	
8795943	0,01639500	0,12100000	0,00198379	1561297390699	false	true	
8795944	0,01641000	0,71200000	0,01168392	1561297397865	true	true	
8795945	0,01641100	0,12100000	0,00198573	1561297398621	true	true	
8795946	0,01640300	0,12100000	0,00198476	1561297406730	true	true	
8795947	0,01640300	0,12100000	0,00198476	1561297407913	true	true	
8795948	0,01640200	0,08300000	0,00136136	1561297409122	true	true	
8795949	0,01640200	2,00000000	0,03280400	1561297425622	true	true	
8795950	0,01640500	0,12100000	0,00198500	1561297425801	false	true	
8795951	0,01640600	3,87900000	0,06363887	1561297425801	false	true	
8795952	0,01640500	0,24200000	0,00397001	1561297425912	false	true	
8795953	0,01640600	0,12100000	0,00198512	1561297426125	false	true	
8795954	0,01639300	2,53000000	0,04147429	1561297432258	true	true	
8795955	0,01639500	1,15700000	0,01896901	1561297456624	false	true	
8795956	0,01638900	0,59200000	0,00970228	1561297456628	true	true	
8795957	0,01639800	0,15000000	0,00245970	1561297464530	false	true	
8795958	0,01639300	2,27900000	0,03735964	1561297483665	true	true	
8795959	0,01638900	0,40600000	0,00665393	1561297483673	true	true	
8795960	0,01639600	0,16600000	0,00272173	1561297489664	false	true	
8795961	0,01638800	0,12100000	0,00198294	1561297493243	true	true	
8795962	0,01638500	0,12100000	0,00198258	1561297494245	true	true	
8795963	0,01637300	0,12200000	0,00199750	1561297547867	true	true	
8795964	0,01637200	1,10100000	0,01802557	1561297549343	true	true	
8795965	0,01636800	0,80000000	0,01309440	1561297568982	true	true	
8795966	0,01635500	0,70100000	0,01146485	1561297571638	true	true	
8795967	0,01635600	1,05600000	0,01727193	1561297578836	true	true	
8795968	0,01635500	0,09900000	0,00161914	1561297604767	true	true	
8795969	0,01635300	0,08600000	0,00140635	1561297604856	true	true	
8795970	0,01635700	1,17100000	0,01915404	1561297619460	true	true	
8795971	0,01635000	0,67700000	0,01106895	1561297619465	true	true	
8795972	0,01634900	1,59500000	0,02607665	1561297627709	true	true	
8795973	0,01634900	0,80000000	0,01307920	1561297627709	true	true	
8795974	0,01634600	1,03500000	0,01691811	1561297630307	true	true	
8795975	0,01635900	0,08800000	0,00143959	1561297634506	false	true	
8795976	0,01634600	2,02100000	0,03303526	1561297635323	true	true	
8795977	0,01634700	0,54400000	0,00889276	1561297646761	true	true	
8795978	0,01636000	0,06800000	0,00111248	1561297687957	false	true	
8795979	0,01636000	0,20800000	0,00340288	1561297689535	false	true	
8795980	0,01636400	0,80000000	0,01309120	1561297690634	false	true	
8795981	0,01636700	0,12200000	0,00199677	1561297770119	true	true	
8795982	0,01636600	0,29500000	0,00482797	1561297770128	true	true	
8795983	0,01636400	0,00100000	0,00001636	1561297770128	true	true	
8795984	0,01636500	0,12200000	0,00199653	1561297789014	true	true	
8795985	0,01636500	0,12200000	0,00199653	1561297789141	true	true	
8795986	0,01636400	0,86400000	0,01413849	1561297789141	true	true	
8795987	0,01636400	0,12200000	0,00199640	1561297789232	true	true	
8795988	0,01636400	0,69500000	0,01137298	1561297803393	true	true	
8795989	0,01636000	0,37900000	0,00620044	1561297803399	true	true	
8795990	0,01636000	1,09700000	0,01794692	1561297840185	true	true	
8795991	0,01636000	0,27800000	0,00454808	1561297868112	true	true	
8795992	0,01636300	0,96900000	0,01585574	1561297902382	false	true	
8795993	0,01636000	0,67700000	0,01107572	1561297902391	true	true	
8795994	0,01636000	0,12300000	0,00201228	1561297987945	false	true	
8795995	0,01635900	0,29200000	0,00477682	1561298011422	true	true	
8795996	0,01635900	0,50800000	0,00831037	1561298111721	true	true	
8795997	0,01635900	4,26600000	0,06978749	1561298111721	true	true	
8795998	0,01634800	0,08000000	0,00130784	1561298111721	true	true	
8795999	0,01634900	0,73500000	0,01201651	1561298124695	true	true	
8796000	0,01634900	1,02400000	0,01674137	1561298145766	true	true	
8796001	0,01634900	0,49200000	0,00804370	1561298172011	true	true	
8796002	0,01634800	0,10700000	0,00174923	1561298191527	true	true	
8796003	0,01635400	0,55200000	0,00902740	1561298207111	false	true	
8796004	0,01634900	0,58200000	0,00951511	1561298207116	true	true	
8796005	0,01634900	1,18100000	0,01930816	1561298242388	true	true	
8796006	0,01635000	1,01500000	0,01659525	1561298275850	true	true	
8796007	0,01635900	0,12200000	0,00199579	1561298291325	false	true	
8796008	0,01635900	0,56400000	0,00922647	1561298291325	false	true	
8796009	0,01635100	0,52000000	0,00850252	1561298295894	true	true	
8796010	0,01635400	0,92700000	0,01516015	1561298295897	false	true	
8796011	0,01635100	1,11200000	0,01818231	1561298320532	true	true	
8796012	0,01635700	1,25900000	0,02059346	1561298353542	false	true	
8796013	0,01635000	0,45900000	0,00750465	1561298353544	true	true	
8796014	0,01635400	0,28100000	0,00459547	1561298393032	true	true	
8796015	0,01635000	0,36100000	0,00590235	1561298393040	true	true	
8796016	0,01635000	0,25300000	0,00413655	1561298410825	true	true	
8796017	0,01634900	0,80000000	0,01307920	1561298413562	true	true	
8796018	0,01634800	2,86800000	0,04688606	1561298413562	true	true	
8796019	0,01634800	0,07400000	0,00120975	1561298413562	true	true	
8796020	0,01634800	0,80000000	0,01307840	1561298413562	true	true	
8796021	0,01634500	1,00200000	0,01637769	1561298413562	true	true	
8796022	0,01635800	0,80000000	0,01308640	1561298413708	false	true	
8796023	0,01635900	2,00000000	0,03271800	1561298413708	false	true	
8796024	0,01635900	0,24400000	0,00399159	1561298413708	false	true	
8796025	0,01635900	0,20000000	0,00327180	1561298413708	false	true	
8796026	0,01635900	0,52500000	0,00858847	1561298413800	false	true	
8796027	0,01635400	0,75000000	0,01226550	1561298450051	false	true	
8796028	0,01634900	0,76400000	0,01249063	1561298450057	true	true	
8796029	0,01635300	0,21100000	0,00345048	1561298485415	true	true	
8796030	0,01634900	0,37600000	0,00614722	1561298485417	true	true	
8796031	0,01634900	0,61700000	0,01008733	1561298527613	true	true	
8796032	0,01634800	0,12200000	0,00199445	1561298528763	true	true	
8796033	0,01634700	0,37600000	0,00614647	1561298528763	true	true	
8796034	0,01635200	0,65400000	0,01069420	1561298551980	true	true	
8796035	0,01634900	0,07800000	0,00127522	1561298551980	true	true	
8796036	0,01635000	0,49400000	0,00807690	1561298581516	true	true	
8796037	0,01635500	0,13000000	0,00212615	1561298586349	false	true	
8796038	0,01635200	1,23400000	0,02017836	1561298614792	false	true	
8796039	0,01634900	0,55100000	0,00900829	1561298614801	true	true	
8796040	0,01634700	0,11700000	0,00191259	1561298631258	true	true	
8796041	0,01634600	0,12200000	0,00199421	1561298631258	true	true	
8796042	0,01634500	0,33800000	0,00552461	1561298631258	true	true	
8796043	0,01634500	7,30000000	0,11931850	1561298648278	true	true	
8796044	0,01635000	1,23500000	0,02019225	1561298657155	false	true	
8796045	0,01634600	0,18100000	0,00295862	1561298657167	true	true	
8796046	0,01634500	2,51700000	0,04114036	1561298670582	true	true	
8796047	0,01635200	0,10200000	0,00166790	1561298674762	false	true	
8796048	0,01634500	4,85500000	0,07935497	1561298680710	true	true	
8796049	0,01634500	13,83100000	0,22606769	1561298680742	true	true	
8796050	0,01634000	0,80300000	0,01312102	1561298685208	true	true	
8796051	0,01634000	5,31600000	0,08686344	1561298685231	true	true	
8796052	0,01634000	0,12200000	0,00199348	1561298693089	false	true	
8796053	0,01634000	0,12200000	0,00199348	1561298693864	false	true	
8796054	0,01634100	0,80000000	0,01307280	1561298693864	false	true	
8796055	0,01634300	2,06200000	0,03369926	1561298693864	false	true	
8796056	0,01633100	0,75900000	0,01239522	1561298697778	true	true	
8796057	0,01633900	0,43100000	0,00704210	1561298697778	false	true	
8796058	0,01632900	0,12200000	0,00199213	1561298719330	true	true	
8796059	0,01632200	0,55900000	0,00912399	1561298722893	true	true	
8796060	0,01632200	0,12200000	0,00199128	1561298736949	true	true	
8796061	0,01632000	22,47800000	0,36684096	1561298736949	true	true	
8796062	0,01632100	0,12200000	0,00199116	1561298737148	true	true	
8796063	0,01632000	2,14900000	0,03507168	1561298737148	true	true	
8796064	0,01632000	2,27100000	0,03706272	1561298737152	true	true	
8796065	0,01632000	0,75300000	0,01228896	1561298737208	true	true	
8796066	0,01632000	3,96600000	0,06472512	1561298737245	true	true	
8796067	0,01632000	1,42400000	0,02323968	1561298737343	true	true	
8796068	0,01632000	1,15000000	0,01876800	1561298737560	true	true	
8796069	0,01632100	0,34900000	0,00569602	1561298748737	true	true	
8796070	0,01632400	0,63600000	0,01038206	1561298790020	false	true	
8796071	0,01632200	0,68500000	0,01118057	1561298790030	true	true	
8796072	0,01633100	0,47200000	0,00770823	1561298791821	false	true	
8796073	0,01633100	0,32800000	0,00535656	1561298791843	false	true	
8796074	0,01633100	0,12200000	0,00199238	1561298791843	false	true	
8796075	0,01632800	0,12200000	0,00199201	1561298800024	true	true	
8796076	0,01632700	0,37100000	0,00605731	1561298800024	true	true	
8796077	0,01632600	0,87000000	0,01420362	1561298816307	true	true	
8796078	0,01633200	0,84200000	0,01375154	1561298816307	false	true	
8796079	0,01633200	0,31500000	0,00514458	1561298837320	true	true	
8796080	0,01633200	0,04500000	0,00073494	1561298837321	true	true	
8796081	0,01632600	0,31500000	0,00514269	1561298840372	true	true	
8796082	0,01632600	0,53900000	0,00879971	1561298864386	true	true	
8796083	0,01633000	1,65900000	0,02709147	1561298864392	false	true	
8796084	0,01633000	1,11500000	0,01820795	1561298883788	true	true	
8796085	0,01632600	0,33100000	0,00540390	1561298883793	true	true	
8796086	0,01632600	0,19800000	0,00323254	1561298898473	false	true	
8796087	0,01632600	0,10800000	0,00176320	1561298950953	true	true	
8796088	0,01632600	0,10800000	0,00176320	1561298950953	true	true	
8796089	0,01632500	0,80000000	0,01306000	1561298951426	true	true	
8796090	0,01632100	0,06200000	0,00101190	1561298953808	true	true	
8796091	0,01632000	2,62300000	0,04280736	1561298958890	true	true	
8796092	0,01632100	0,80200000	0,01308944	1561298971209	true	true	
8796093	0,01632000	0,19200000	0,00313344	1561298971758	true	true	
8796094	0,01632000	0,10200000	0,00166464	1561298982844	true	true	
8796095	0,01632000	0,22100000	0,00360672	1561298982958	true	true	
8796096	0,01632100	0,16400000	0,00267664	1561299014882	true	true	
8796097	0,01632000	23,00000000	0,37536000	1561299016746	true	true	
8796098	0,01632000	0,94500000	0,01542240	1561299016773	true	true	
8796099	0,01631700	0,50000000	0,00815850	1561299016775	true	true	
8796100	0,01631600	0,08000000	0,00130528	1561299016775	true	true	
8796101	0,01630500	1,06900000	0,01743004	1561299040434	false	true	
8796102	0,01630900	0,46800000	0,00763261	1561299040440	false	true	
8796103	0,01629900	0,80700000	0,01315329	1561299063690	true	true	
8796104	0,01630600	0,81000000	0,01320786	1561299063694	false	true	
8796105	0,01629900	0,78700000	0,01282731	1561299081614	true	true	
8796106	0,01630100	0,37000000	0,00603137	1561299120597	true	true	
8796107	0,01629900	0,42400000	0,00691077	1561299120597	true	true	
8796108	0,01629800	0,80000000	0,01303840	1561299154302	true	true	
8796109	0,01629900	1,55200000	0,02529604	1561299155512	false	true	
8796110	0,01629900	0,80000000	0,01303920	1561299163151	false	true	
8796111	0,01629100	0,63800000	0,01039365	1561299163389	true	true	
8796112	0,01629100	0,24500000	0,00399129	1561299163389	true	true	
8796113	0,01629100	0,24500000	0,00399129	1561299163389	true	true	
8796114	0,01629100	0,24500000	0,00399129	1561299163389	true	true	
8796115	0,01628200	12,92700000	0,21047741	1561299164765	true	true	
8796116	0,01628200	0,79200000	0,01289534	1561299168951	false	true	
8796117	0,01628300	0,79900000	0,01301011	1561299170603	false	true	
8796118	0,01627300	0,24500000	0,00398688	1561299183359	true	true	
8796119	0,01626400	0,12800000	0,00208179	1561299183359	true	true	
8796120	0,01625900	0,54100000	0,00879611	1561299183359	true	true	
8796121	0,01627800	0,24400000	0,00397183	1561299186226	false	true	
8796122	0,01627900	0,14400000	0,00234417	1561299186226	false	true	
8796123	0,01627800	0,12200000	0,00198591	1561299186517	false	true	
8796124	0,01627900	0,26300000	0,00428137	1561299195509	false	true	
8796125	0,01626100	0,08900000	0,00144722	1561299201770	true	true	
8796126	0,01627800	0,08900000	0,00144874	1561299202262	false	true	
8796127	0,01627900	0,15800000	0,00257208	1561299203267	false	true	
8796128	0,01627900	0,11000000	0,00179069	1561299209703	false	true	
8796129	0,01626900	1,24600000	0,02027117	1561299228193	false	true	
8796130	0,01627900	0,09400000	0,00153022	1561299242676	false	true	
8796131	0,01627400	1,98400000	0,03228761	1561299270307	true	true	
8796132	0,01627900	0,03100000	0,00050464	1561299279332	false	true	
8796133	0,01629600	1,47600000	0,02405289	1561299279332	false	true	
8796134	0,01627800	0,07100000	0,00115573	1561299279933	false	true	
8796135	0,01627200	1,42300000	0,02315505	1561299286017	false	true	
8796136	0,01627200	1,21000000	0,01968912	1561299295521	false	true	
8796137	0,01627800	0,69000000	0,01123182	1561299295521	false	true	
8796138	0,01627200	1,04700000	0,01703678	1561299301265	true	true	
8796139	0,01627200	0,73900000	0,01202500	1561299301267	true	true	
8796140	0,01627200	1,04700000	0,01703678	1561299306498	false	true	
8796141	0,01627000	0,95600000	0,01555412	1561299317881	true	true	
8796142	0,01627500	0,43400000	0,00706335	1561299337173	true	true	
8796143	0,01626900	0,60900000	0,00990782	1561299337180	true	true	
8796144	0,01627800	0,03900000	0,00063484	1561299345544	false	true	
8796145	0,01628900	0,13000000	0,00211757	1561299345544	false	true	
8796146	0,01626900	0,17900000	0,00291215	1561299348311	true	true	
8796147	0,01627400	1,61700000	0,02631505	1561299394860	false	true	
8796148	0,01627400	0,30600000	0,00497984	1561299394882	false	true	
8796149	0,01628600	0,16000000	0,00260576	1561299402931	false	true	
8796150	0,01628100	1,23900000	0,02017215	1561299409023	false	true	
8796151	0,01627500	0,12200000	0,00198555	1561299439490	true	true	
8796152	0,01627400	0,76000000	0,01236824	1561299439490	true	true	
8796153	0,01627300	0,80000000	0,01301840	1561299439490	true	true	
8796154	0,01627300	0,27000000	0,00439371	1561299439790	false	true	
8796155	0,01627900	0,36200000	0,00589299	1561299445836	true	true	
8796156	0,01627300	0,72400000	0,01178165	1561299445841	true	true	
8796157	0,01628200	0,61400000	0,00999714	1561299457623	false	true	
8796158	0,01627200	0,12200000	0,00198518	1561299461305	true	true	
8796159	0,01627100	0,80000000	0,01301680	1561299463676	true	true	
8796160	0,01627100	0,12200000	0,00198506	1561299464874	true	true	
8796161	0,01627100	0,22800000	0,00370978	1561299480032	true	true	
8796162	0,01627100	0,65000000	0,01057615	1561299484075	true	true	
8796163	0,01627700	1,96800000	0,03203313	1561299484079	false	true	
8796164	0,01627500	0,13600000	0,00221340	1561299512243	true	true	
8796165	0,01627500	0,57200000	0,00930930	1561299512245	true	true	
8796166	0,01627200	0,13600000	0,00221299	1561299512672	true	true	
8796167	0,01627100	1,22900000	0,01999705	1561299512764	true	true	
8796168	0,01627000	0,13500000	0,00219645	1561299513176	true	true	
8796169	0,01626300	0,80000000	0,01301040	1561299514824	true	true	
8796170	0,01626300	0,20000000	0,00325260	1561299514824	true	true	
8796171	0,01626300	0,04600000	0,00074809	1561299518920	true	true	
8796172	0,01626100	0,24600000	0,00400020	1561299520795	true	true	
8796173	0,01626100	0,24600000	0,00400020	1561299520795	true	true	
8796174	0,01626100	0,24600000	0,00400020	1561299520795	true	true	
8796175	0,01626100	0,75400000	0,01226079	1561299520795	true	true	
8796176	0,01626100	0,35200000	0,00572387	1561299521795	true	true	
8796177	0,01625900	8,05600000	0,13098250	1561299523495	true	true	
8796178	0,01625800	0,42500000	0,00690965	1561299524509	true	true	
8796179	0,01625600	0,71900000	0,01168806	1561299525561	true	true	
8796180	0,01625600	0,24600000	0,00399897	1561299525561	true	true	
8796181	0,01625400	0,70900000	0,01152408	1561299526598	true	true	
8796182	0,01625400	0,24600000	0,00399848	1561299526598	true	true	
8796183	0,01625200	0,24600000	0,00399799	1561299527669	true	true	
8796184	0,01625900	0,06400000	0,00104057	1561299527965	false	true	
8796185	0,01624700	1,52800000	0,02482541	1561299530242	false	true	
8796186	0,01625500	0,11600000	0,00188558	1561299533779	false	true	
8796187	0,01625500	0,00600000	0,00009753	1561299535809	false	true	
8796188	0,01625600	0,25000000	0,00406400	1561299535809	false	true	
8796189	0,01625500	0,24400000	0,00396622	1561299537014	false	true	
8796190	0,01625600	0,26000000	0,00422656	1561299537014	false	true	
8796191	0,01625600	0,29000000	0,00471424	1561299540659	false	true	
8796192	0,01625900	0,14500000	0,00235755	1561299540659	false	true	
8796193	0,01626000	0,80000000	0,01300800	1561299540659	false	true	
8796194	0,01626100	1,69100000	0,02749735	1561299540659	false	true	
8796195	0,01626000	0,13500000	0,00219510	1561299542513	false	true	
8796196	0,01624700	0,12200000	0,00198213	1561299542786	true	true	
8796197	0,01624700	0,12300000	0,00199838	1561299543793	true	true	
8796198	0,01624700	0,12300000	0,00199838	1561299544825	true	true	
8796199	0,01624600	0,80000000	0,01299680	1561299545893	true	true	
8796200	0,01625000	0,12200000	0,00198250	1561299558821	false	true	
8796201	0,01625000	0,10900000	0,00177125	1561299560177	false	true	
8796202	0,01624000	0,12300000	0,00199752	1561299560229	true	true	
8796203	0,01624000	0,80000000	0,01299200	1561299560229	true	true	
8796204	0,01623900	0,49400000	0,00802206	1561299560229	true	true	
8796205	0,01625000	0,13700000	0,00222625	1561299561404	false	true	
8796206	0,01625100	0,80000000	0,01300080	1561299561421	false	true	
8796207	0,01625000	0,12300000	0,00199875	1561299562550	false	true	
8796208	0,01624400	0,12200000	0,00198176	1561299563303	true	true	
8796209	0,01624300	0,61600000	0,01000568	1561299563303	true	true	
8796210	0,01624100	0,40800000	0,00662632	1561299563303	true	true	
8796211	0,01627400	0,12200000	0,00198542	1561299564758	false	true	
8796212	0,01627500	0,77800000	0,01266195	1561299564758	false	true	
8796213	0,01624400	0,12200000	0,00198176	1561299567970	true	true	
8796214	0,01624300	0,17800000	0,00289125	1561299567970	true	true	
8796215	0,01625300	1,73100000	0,02813394	1561299569468	false	true	
8796216	0,01627000	0,10800000	0,00175716	1561299572715	false	true	
8796217	0,01625400	0,12200000	0,00198298	1561299576781	true	true	
8796218	0,01625400	0,12200000	0,00198298	1561299579741	true	true	
8796219	0,01624400	0,87100000	0,01414852	1561299596292	true	true	
8796220	0,01624500	3,06300000	0,04975843	1561299598793	false	true	
8796221	0,01625300	0,26400000	0,00429079	1561299638892	true	true	
8796222	0,01625300	0,02500000	0,00040632	1561299638892	true	true	
8796223	0,01624800	0,58300000	0,00947258	1561299669970	true	true	
8796224	0,01624700	0,06800000	0,00110479	1561299671810	true	true	
8796225	0,01624500	0,06200000	0,00100719	1561299673319	true	true	
8796226	0,01624700	0,17200000	0,00279448	1561299698039	true	true	
8796227	0,01624700	2,13400000	0,03467109	1561299698250	true	true	
8796228	0,01624400	0,17200000	0,00279396	1561299698810	true	true	
8796229	0,01624300	0,80000000	0,01299440	1561299701808	true	true	
8796230	0,01624700	0,17200000	0,00279448	1561299702590	false	true	
8796231	0,01625000	0,13600000	0,00221000	1561299709042	false	true	
8796232	0,01625000	0,12200000	0,00198250	1561299716082	false	true	
8796233	0,01624100	0,64800000	0,01052416	1561299740926	true	true	
8796234	0,01624600	2,11800000	0,03440902	1561299740932	false	true	
8796235	0,01624500	0,87300000	0,01418188	1561299753784	false	true	
8796236	0,01624300	0,94500000	0,01534963	1561299760283	false	true	
8796237	0,01624400	0,53400000	0,00867429	1561299760292	false	true	
8796238	0,01624500	0,08000000	0,00129960	1561299775003	false	true	
8796239	0,01624200	0,76500000	0,01242513	1561299783447	true	true	
8796240	0,01624300	1,33300000	0,02165191	1561299783449	false	true	
8796241	0,01624400	0,22100000	0,00358992	1561299806229	false	true	
8796242	0,01624000	0,10500000	0,00170520	1561299806283	true	true	
8796243	0,01624500	0,91100000	0,01479919	1561299813969	false	true	
8796244	0,01624500	0,54400000	0,00883728	1561299818067	false	true	
8796245	0,01624200	0,72000000	0,01169424	1561299818077	true	true	
8796246	0,01625200	0,80000000	0,01300160	1561299818272	false	true	
8796247	0,01625300	0,26100000	0,00424203	1561299820595	false	true	
8796248	0,01624100	0,40500000	0,00657760	1561299857477	true	true	
8796249	0,01624800	1,53300000	0,02490818	1561299857481	false	true	
8796250	0,01624300	0,33100000	0,00537643	1561299862167	false	true	
8796251	0,01624300	1,05400000	0,01712012	1561299863506	false	true	
8796252	0,01624300	0,07200000	0,00116949	1561299866499	false	true	
8796253	0,01625200	0,02600000	0,00042255	1561299866499	false	true	
8796254	0,01624100	2,00000000	0,03248200	1561299878226	true	true	
8796255	0,01624100	1,00000000	0,01624100	1561299878226	true	true	
8796256	0,01624000	0,01800000	0,00029232	1561299878226	true	true	
8796257	0,01624000	0,80000000	0,01299200	1561299878226	true	true	
8796258	0,01623900	0,31800000	0,00516400	1561299878226	true	true	
8796259	0,01622700	2,73100000	0,04431593	1561299878226	true	true	
8796260	0,01622600	3,13200000	0,05081983	1561299878226	true	true	
8796261	0,01623800	1,22400000	0,01987531	1561299890906	false	true	
8796262	0,01624600	0,80000000	0,01299680	1561299959922	false	true	
8796263	0,01624600	0,07900000	0,00128343	1561299959922	false	true	
8796264	0,01624800	0,13800000	0,00224222	1561299972464	false	true	
8796265	0,01623800	0,59500000	0,00966161	1561299974550	true	true	
8796266	0,01624800	0,18300000	0,00297338	1561299980342	false	true	
8796267	0,01624800	0,47900000	0,00778279	1561300002826	false	true	
8796268	0,01625300	0,73900000	0,01201096	1561300003838	false	true	
8796269	0,01624100	0,08000000	0,00129928	1561300004227	true	true	
8796270	0,01625200	0,45800000	0,00744341	1561300011077	false	true	
8796271	0,01625700	0,61700000	0,01003056	1561300050327	false	true	
8796272	0,01625500	1,00000000	0,01625500	1561300072613	false	true	
8796273	0,01625000	0,38000000	0,00617500	1561300088033	false	true	
8796274	0,01624800	0,99100000	0,01610176	1561300088038	true	true	
8796275	0,01625500	0,40000000	0,00650200	1561300088063	false	true	
8796276	0,01625200	0,12200000	0,00198274	1561300093169	true	true	
8796277	0,01625200	0,12200000	0,00198274	1561300109336	true	true	
8796278	0,01625200	1,03400000	0,01680456	1561300109840	false	true	
8796279	0,01625300	0,50800000	0,00825652	1561300114194	true	true	
8796280	0,01625700	2,29600000	0,03732607	1561300114200	false	true	
8796281	0,01626400	0,09800000	0,00159387	1561300114831	false	true	
8796282	0,01626600	0,24400000	0,00396890	1561300115935	false	true	
8796283	0,01626700	0,80000000	0,01301360	1561300116980	false	true	
8796284	0,01625800	0,12200000	0,00198347	1561300117224	true	true	
8796285	0,01625800	0,12200000	0,00198347	1561300117426	true	true	
8796286	0,01625800	0,61500000	0,00999867	1561300117426	true	true	
8796287	0,01628300	0,12200000	0,00198652	1561300131333	false	true	
8796288	0,01628300	0,12200000	0,00198652	1561300132637	false	true	
8796289	0,01628300	0,04700000	0,00076530	1561300132637	false	true	
8796290	0,01626400	0,12200000	0,00198420	1561300140287	true	true	
8796291	0,01626400	0,12200000	0,00198420	1561300140516	true	true	
8796292	0,01626400	0,12200000	0,00198420	1561300140702	true	true	
8796293	0,01626300	0,80000000	0,01301040	1561300141872	true	true	
8796294	0,01626300	0,97500000	0,01585642	1561300141872	true	true	
8796295	0,01626000	0,43100000	0,00700806	1561300148720	true	true	
8796296	0,01625900	0,24300000	0,00395093	1561300161630	true	true	
8796297	0,01626000	0,58200000	0,00946332	1561300182691	true	true	
8796298	0,01626400	0,38900000	0,00632669	1561300182693	false	true	
8796299	0,01626000	0,89000000	0,01447140	1561300216179	true	true	
8796300	0,01625900	0,20000000	0,00325180	1561300250016	true	true	
8796301	0,01626000	0,28200000	0,00458532	1561300260917	true	true	
8796302	0,01626400	1,01200000	0,01645916	1561300276587	false	true	
8796303	0,01626700	0,87400000	0,01421735	1561300303212	true	true	
8796304	0,01626500	0,56600000	0,00920599	1561300303212	true	true	
8796305	0,01626400	0,30000000	0,00487920	1561300305391	true	true	
8796306	0,01626200	0,64000000	0,01040768	1561300305438	false	true	
8796307	0,01626200	0,09700000	0,00157741	1561300305645	false	true	
8796308	0,01626900	0,57500000	0,00935467	1561300305756	false	true	
8796309	0,01626100	0,68500000	0,01113878	1561300327829	true	true	
8796310	0,01626600	0,34600000	0,00562803	1561300327833	false	true	
8796311	0,01625900	0,35500000	0,00577194	1561300335072	true	true	
8796312	0,01626900	0,22500000	0,00366052	1561300338630	false	true	
8796313	0,01627000	0,12200000	0,00198494	1561300338740	false	true	
8796314	0,01627000	0,80000000	0,01301600	1561300338740	false	true	
8796315	0,01627100	0,24400000	0,00397012	1561300338840	false	true	
8796316	0,01627200	0,55600000	0,00904723	1561300338840	false	true	
8796317	0,01627200	0,24400000	0,00397036	1561300338941	false	true	
8796318	0,01626200	0,07100000	0,00115460	1561300339914	true	true	
8796319	0,01626400	0,28800000	0,00468403	1561300372825	false	true	
8796320	0,01626300	1,16200000	0,01889760	1561300404865	true	true	
8796321	0,01626300	1,46500000	0,02382529	1561300407960	false	true	
8796322	0,01626200	0,05100000	0,00082936	1561300411976	true	true	
8796323	0,01625900	0,00200000	0,00003251	1561300412970	true	true	
8796324	0,01624100	0,12300000	0,00199764	1561300451275	true	true	
8796325	0,01624100	0,12300000	0,00199764	1561300462736	true	true	
8796326	0,01624000	1,20500000	0,01956920	1561300462736	true	true	
8796327	0,01623800	0,80000000	0,01299040	1561300462736	true	true	
8796328	0,01623700	0,73700000	0,01196666	1561300462736	true	true	
8796329	0,01622800	0,15300000	0,00248288	1561300462736	true	true	
8796330	0,01623600	0,45800000	0,00743608	1561300473850	false	true	
8796331	0,01622900	0,27100000	0,00439805	1561300473853	true	true	
8796332	0,01624000	0,07000000	0,00113680	1561300477153	false	true	
8796333	0,01624100	0,80000000	0,01299280	1561300477153	false	true	
8796334	0,01624100	2,19500000	0,03564899	1561300477153	false	true	
8796335	0,01624000	0,29800000	0,00483952	1561300478706	false	true	
8796336	0,01624300	1,70100000	0,02762934	1561300478706	false	true	
8796337	0,01624500	0,80000000	0,01299600	1561300480373	false	true	
8796338	0,01625100	2,23500000	0,03632098	1561300480373	false	true	
8796339	0,01626000	0,33100000	0,00538206	1561300480373	false	true	
8796340	0,01625900	0,61500000	0,00999928	1561300482015	false	true	
8796341	0,01626000	5,98100000	0,09725106	1561300482015	false	true	
8796342	0,01626400	0,81200000	0,01320636	1561300482015	false	true	
8796343	0,01626500	1,97200000	0,03207458	1561300482015	false	true	
8796344	0,01627000	2,22600000	0,03621702	1561300482015	false	true	
8796345	0,01626900	0,61500000	0,01000543	1561300485318	false	true	
8796346	0,01627800	1,74700000	0,02843766	1561300485318	false	true	
8796347	0,01628100	10,66900000	0,17370198	1561300485318	false	true	
8796348	0,01628300	0,02700000	0,00043964	1561300485318	false	true	
8796349	0,01629900	0,59300000	0,00966530	1561300485318	false	true	
8796350	0,01630000	1,95100000	0,03180130	1561300485318	false	true	
8796351	0,01629200	6,95800000	0,11335973	1561300490335	false	true	
8796352	0,01627600	0,78900000	0,01284176	1561300513792	false	true	
8796353	0,01627200	1,82300000	0,02966385	1561300537172	true	true	
8796354	0,01626000	0,12200000	0,00198372	1561300574880	true	true	
8796355	0,01626000	0,12200000	0,00198372	1561300575885	true	true	
8796356	0,01626700	1,25400000	0,02039881	1561300576013	false	true	
8796357	0,01626000	0,12200000	0,00198372	1561300582879	true	true	
8796358	0,01626800	1,98200000	0,03224317	1561300603750	false	true	
8796359	0,01626500	1,32800000	0,02159992	1561300617551	false	true	
8796360	0,01626000	0,54500000	0,00886170	1561300617557	true	true	
8796361	0,01626700	0,08000000	0,00130136	1561300627691	false	true	
8796362	0,01626000	1,00000000	0,01626000	1561300635875	true	true	
8796363	0,01625400	0,52300000	0,00850084	1561300662603	true	true	
8796364	0,01626500	0,12200000	0,00198433	1561300696889	false	true	
8796365	0,01627500	0,24400000	0,00397110	1561300706594	false	true	
8796366	0,01627700	0,15400000	0,00250665	1561300708558	false	true	
8796367	0,01626400	0,12200000	0,00198420	1561300739148	true	true	
8796368	0,01626300	0,11400000	0,00185398	1561300739148	true	true	
8796369	0,01626400	0,12200000	0,00198420	1561300740154	true	true	
8796370	0,01626300	0,12400000	0,00201661	1561300740588	true	true	
8796371	0,01626900	0,91600000	0,01490240	1561300740595	false	true	
8796372	0,01627100	0,09900000	0,00161082	1561300741985	false	true	
8796373	0,01627100	0,87300000	0,01420458	1561300754712	false	true	
8796374	0,01626200	0,12200000	0,00198396	1561300757890	true	true	
8796375	0,01626100	0,67800000	0,01102495	1561300757890	true	true	
8796376	0,01626200	0,78200000	0,01271688	1561300762554	true	true	
8796377	0,01626100	0,12200000	0,00198384	1561300767837	true	true	
8796378	0,01624900	0,80000000	0,01299920	1561300770519	true	true	
8796379	0,01624500	0,14800000	0,00240426	1561300772852	true	true	
8796380	0,01624500	0,65200000	0,01059174	1561300774997	true	true	
8796381	0,01624500	0,34800000	0,00565326	1561300774997	true	true	
8796382	0,01624500	0,15900000	0,00258295	1561300789861	true	true	
8796383	0,01624600	0,16000000	0,00259936	1561300794026	true	true	
8796384	0,01624500	0,64100000	0,01041304	1561300794026	true	true	
8796385	0,01624400	0,21900000	0,00355743	1561300794026	true	true	
8796386	0,01623800	0,13600000	0,00220836	1561300795282	true	true	
8796387	0,01622800	0,06700000	0,00108727	1561300799657	true	true	
8796388	0,01622400	0,43300000	0,00702499	1561300799657	true	true	
8796389	0,01623600	0,10100000	0,00163983	1561300806952	false	true	
8796390	0,01623000	0,38300000	0,00621609	1561300814148	false	true	
8796391	0,01623400	0,46000000	0,00746764	1561300814148	false	true	
8796392	0,01623000	0,38300000	0,00621609	1561300814900	true	true	
8796393	0,01622400	0,06700000	0,00108700	1561300818107	true	true	
8796394	0,01621300	0,24900000	0,00403703	1561300819250	true	true	
8796395	0,01621200	0,07400000	0,00119968	1561300821895	true	true	
8796396	0,01621200	0,72600000	0,01176991	1561300821895	true	true	
8796397	0,01621200	0,07400000	0,00119968	1561300822897	true	true	
8796398	0,01622100	0,80000000	0,01297680	1561300824893	false	true	
8796399	0,01621200	0,80000000	0,01296960	1561300837213	true	true	
8796400	0,01621100	0,61300000	0,00993734	1561300837213	true	true	
8796401	0,01621500	1,19600000	0,01939314	1561300845338	true	true	
8796402	0,01620600	0,43700000	0,00708202	1561300845345	true	true	
8796403	0,01620600	0,80000000	0,01296480	1561300863750	true	true	
8796404	0,01620500	0,55600000	0,00900998	1561300863750	true	true	
8796405	0,01620000	0,06200000	0,00100440	1561300863750	true	true	
8796406	0,01619400	0,24400000	0,00395133	1561300863750	true	true	
8796407	0,01619300	1,72100000	0,02786815	1561300863750	true	true	
8796408	0,01620500	0,80000000	0,01296400	1561300868691	true	true	
8796409	0,01619300	0,55700000	0,00901950	1561300868691	true	true	
8796410	0,01619200	0,30600000	0,00495475	1561300868691	true	true	
8796411	0,01619000	12,22400000	0,19790656	1561300868691	true	true	
8796412	0,01621100	0,12100000	0,00196153	1561300873503	false	true	
8796413	0,01620200	1,54700000	0,02506449	1561300884901	false	true	
8796414	0,01620600	1,17400000	0,01902584	1561300910725	true	true	
8796415	0,01620000	0,74100000	0,01200420	1561300910732	true	true	
8796416	0,01620600	1,27100000	0,02059782	1561300933294	false	true	
8796417	0,01620100	1,98500000	0,03215898	1561300939317	true	true	
8796418	0,01620700	0,82800000	0,01341939	1561300945338	false	true	
8796419	0,01620200	0,28900000	0,00468237	1561300945340	true	true	
8796420	0,01620200	1,05700000	0,01712551	1561300971189	true	true	
8796421	0,01620600	2,53400000	0,04106600	1561300984939	false	true	
8796422	0,01620900	0,80000000	0,01296720	1561301005904	false	true	
8796423	0,01621100	0,00100000	0,00001621	1561301005946	false	true	
8796424	0,01623100	0,30300000	0,00491799	1561301006039	false	true	
8796425	0,01620600	2,07200000	0,03357883	1561301033906	false	true	
8796426	0,01622200	0,09100000	0,00147620	1561301034513	false	true	
8796427	0,01621400	0,46800000	0,00758815	1561301041644	false	true	
8796428	0,01620900	0,12300000	0,00199370	1561301044524	true	true	
8796429	0,01620800	0,74000000	0,01199392	1561301044628	true	true	
8796430	0,01620700	0,80000000	0,01296560	1561301044724	true	true	
8796431	0,01620600	2,17400000	0,03523184	1561301044820	true	true	
8796432	0,01620600	4,12500000	0,06684975	1561301044928	true	true	
8796433	0,01621300	0,46400000	0,00752283	1561301068422	false	true	
8796434	0,01620500	0,35800000	0,00580139	1561301068428	true	true	
8796435	0,01620500	0,49300000	0,00798906	1561301105426	true	true	
8796436	0,01621200	1,77600000	0,02879251	1561301105429	false	true	
8796437	0,01621600	0,15300000	0,00248104	1561301117922	false	true	
8796438	0,01621600	2,63900000	0,04279402	1561301117922	false	true	
8796439	0,01621900	0,12300000	0,00199493	1561301118929	false	true	
8796440	0,01622000	0,80000000	0,01297600	1561301119937	false	true	
8796441	0,01621300	3,00000000	0,04863900	1561301132177	true	true	
8796442	0,01621300	0,12300000	0,00199419	1561301132177	true	true	
8796443	0,01621300	0,80000000	0,01297040	1561301132177	true	true	
8796444	0,01621300	0,61000000	0,00988993	1561301132914	false	true	
8796445	0,01621300	17,00000000	0,27562100	1561301132917	false	true	
8796446	0,01621300	0,07500000	0,00121597	1561301132923	false	true	
8796447	0,01621600	0,12300000	0,00199456	1561301137405	true	true	
8796448	0,01621500	0,87100000	0,01412326	1561301137405	true	true	
8796449	0,01621300	10,00000000	0,16213000	1561301137405	true	true	
8796450	0,01621200	0,20700000	0,00335588	1561301137405	true	true	
8796451	0,01621100	0,00200000	0,00003242	1561301144220	false	true	
8796452	0,01623300	0,12300000	0,00199665	1561301168920	false	true	
8796453	0,01621600	0,08000000	0,00129728	1561301173382	true	true	
8796454	0,01621600	0,04300000	0,00069728	1561301174942	true	true	
8796455	0,01621600	0,80000000	0,01297280	1561301174942	true	true	
8796456	0,01621500	0,66400000	0,01076676	1561301174942	true	true	
8796457	0,01622000	0,12300000	0,00199506	1561301191068	true	true	
8796458	0,01621900	0,71600000	0,01161280	1561301191068	true	true	
8796459	0,01621700	0,80000000	0,01297360	1561301191068	true	true	
8796460	0,01621000	0,24600000	0,00398766	1561301191068	true	true	
8796461	0,01621000	0,89800000	0,01455658	1561301191921	false	true	
8796462	0,01623100	0,12300000	0,00199641	1561301200254	false	true	
8796463	0,01623200	2,06800000	0,03356777	1561301200254	false	true	
8796464	0,01623100	0,10400000	0,00168802	1561301200852	false	true	