8659459	0,019201	1,147	0,02202354	1560383824952	0	1	0	
8659460	0,019201	0,15	0,00288015	1560383824952	0	1	0	
8659461	0,019201	0,997	0,01914339	1560383825239	0	1	0	
8659462	0,019201	1,141	0,02190834	1560383826273	0	1	0	
8659463	0,019201	0,204	0,003917	1560383830085	1	1	0	
8659464	0,019204	0,938	0,01801335	1560383838404	0	1	1	
8659465	0,019195	3,418	0,06560851	1560383838407	0	1	-1	
8659466	0,019184	0,704	0,01350553	1560383846448	1	1	-2	
8659467	0,019179	0,15	0,00287685	1560383851809	1	1	-3	
8659468	0,019204	0,063	0,00120985	1560383856803	0	1	1	
8659469	0,019179	1	0,019179	1560383868200	1	1	-1	
8659470	0,019177	1,008	0,01933041	1560383868200	1	1	-2	
8659471	0,019171	3,492	0,06694513	1560383868200	1	1	-3	
8659472	0,01917	0,37	0,0070929	1560383868200	1	1	-4	
8659473	0,019169	0,417	0,00799347	1560383868200	1	1	-5	
8659474	0,019168	0,417	0,00799305	1560383868200	1	1	-6	
8659475	0,019151	1,188	0,02275138	1560383868205	1	1	-7	
8659476	0,019151	0,322	0,00616662	1560383868205	1	1	0	
8659477	0,01915	2,521	0,04827715	1560383868205	1	1	-1	
8659478	0,01915	2,521	0,04827715	1560383868205	1	1	0	
8659479	0,01915	2,521	0,04827715	1560383868205	1	1	0	
8659480	0,01915	2,521	0,04827715	1560383868205	1	1	0	
8659481	0,01915	2,521	0,04827715	1560383868205	1	1	0	
8659482	0,01915	2,215	0,04241725	1560383868205	1	1	0	
8659483	0,019137	20,848	0,39896817	1560383868205	1	1	-1	
8659484	0,019133	2,573	0,0492292	1560383868205	1	1	-2	
8659485	0,01918	0,078	0,00149604	1560383901894	0	1	1	
8659486	0,019165	2,007	0,03846415	1560383916616	0	1	-1	
8659487	0,019165	0,331	0,00634361	1560383922214	0	1	0	
8659488	0,019165	1,167	0,02236555	1560383922365	1	1	0	
8659489	0,019165	0,102	0,00195483	1560383922374	1	1	0	
8659490	0,019155	0,157	0,00300733	1560383931542	0	1	-1	
8659491	0,019166	0,8	0,0153328	1560383932038	0	1	1	
8659492	0,019154	13,274	0,25425019	1560383932925	1	1	-1	
8659493	0,019154	8,97	0,17181138	1560383932928	1	1	0	
8659494	0,019154	2,87	0,05497198	1560383932942	1	1	0	
8659495	0,019154	2,317	0,04437981	1560383932997	1	1	0	
8659496	0,019155	0,234	0,00448227	1560383940082	1	1	1	
8659497	0,019155	0,198	0,00379269	1560383949572	1	1	0	
8659498	0,019156	0,135	0,00258606	1560383962463	1	1	1	
8659499	0,019155	0,056	0,00107268	1560383966293	1	1	-1	
8659500	0,019156	0,216	0,00413769	1560383967043	0	1	1	
8659501	0,019161	4,383	0,08398266	1560383993659	0	1	2	
8659502	0,019141	0,332	0,00635481	1560384004220	1	1	-1	
8659503	0,019148	1,225	0,0234563	1560384023944	0	1	1	
8659504	0,019155	0,167	0,00319888	1560384032956	1	1	2	
8659505	0,019159	0,226	0,00432993	1560384041639	0	1	3	
8659506	0,019159	0,538	0,01030754	1560384041639	0	1	0	
8659507	0,019159	2,003	0,03837547	1560384042237	0	1	0	
8659508	0,01916	0,112	0,00214592	1560384042237	0	1	1	
8659509	0,019165	3,498	0,06703917	1560384042237	0	1	2	
8659510	0,019168	1,188	0,02277158	1560384042237	0	1	3	
8659511	0,019169	0,8	0,0153352	1560384042237	0	1	4	
8659512	0,019178	0,369	0,00707668	1560384042237	0	1	5	
8659513	0,019179	1,67	0,03202893	1560384042237	0	1	6	
8659514	0,019181	2,292	0,04396285	1560384042237	0	1	7	
8659515	0,019181	2,292	0,04396285	1560384042237	0	1	0	
8659516	0,019181	2,292	0,04396285	1560384042237	0	1	0	
8659517	0,019181	2,292	0,04396285	1560384042237	0	1	0	
8659518	0,019181	2,292	0,04396285	1560384042237	0	1	0	
8659519	0,019181	1,111	0,02131009	1560384042237	0	1	0	
8659520	0,019177	0,8	0,0153416	1560384042825	0	1	-1	
8659521	0,019181	0,823	0,01578596	1560384042825	0	1	1	
8659522	0,019181	0,358	0,00686679	1560384042978	0	1	0	
8659523	0,019181	0,051	0,00097823	1560384042978	0	1	0	
8659524	0,01918	1,044	0,02002392	1560384044307	0	1	-1	
8659525	0,01918	1,89	0,0362502	1560384045204	0	1	0	
8659526	0,01918	2,581	0,04950358	1560384045204	0	1	0	
8659527	0,019181	1,67	0,03203227	1560384049924	0	1	1	
8659528	0,019181	0,257	0,00492951	1560384049924	0	1	0	
8659529	0,019181	0,257	0,00492951	1560384049924	0	1	0	
8659530	0,019181	0,257	0,00492951	1560384049924	0	1	0	
8659531	0,019182	0,257	0,00492977	1560384050072	0	1	1	
8659532	0,019183	0,257	0,00493003	1560384050072	0	1	2	
8659533	0,019164	0,41	0,00785724	1560384051367	1	1	-1	
8659534	0,019164	1,886	0,0361433	1560384051367	1	1	0	
8659535	0,019164	0,405	0,00776142	1560384051370	1	1	0	
8659536	0,019164	0,18	0,00344952	1560384053877	1	1	0	
8659537	0,019188	0,209	0,00401029	1560384058957	0	1	1	
8659538	0,019155	0,356	0,00681918	1560384069903	1	1	-1	
8659539	0,019141	0,632	0,01209711	1560384071041	1	1	-2	
8659540	0,019141	1,98	0,03789918	1560384071041	1	1	0	
8659541	0,01914	0,554	0,01060356	1560384071048	1	1	-1	
8659542	0,01914	0,078	0,00149292	1560384071048	1	1	0	
8659543	0,019128	3,04	0,05814912	1560384094701	0	1	-1	
8659544	0,019133	0,534	0,01021702	1560384096854	0	1	1	
8659545	0,019133	0,266	0,00508937	1560384110148	0	1	0	
8659546	0,019137	0,766	0,01465894	1560384112276	0	1	1	
8659547	0,01913	0,636	0,01216668	1560384126383	1	1	-1	
8659548	0,019136	0,8	0,0153088	1560384135311	0	1	1	
8659549	0,019137	1,125	0,02152912	1560384135335	0	1	2	
8659550	0,019153	0,066	0,00126409	1560384148397	0	1	3	
8659551	0,019155	0,201	0,00385015	1560384149469	0	1	4	
8659552	0,019141	1,512	0,02894119	1560384154683	1	1	-1	
8659553	0,019139	0,8	0,0153112	1560384154683	1	1	-2	
8659554	0,019137	0,816	0,01561579	1560384154683	1	1	-3	
8659555	0,019136	0,175	0,0033488	1560384154715	1	1	-4	
8659556	0,019137	1	0,019137	1560384159231	0	1	1	
8659557	0,019136	0,825	0,0157872	1560384161235	1	1	-1	
8659558	0,019135	0,8	0,015308	1560384162044	1	1	-2	
8659559	0,019108	0,411	0,00785338	1560384164056	1	1	-3	
8659560	0,019108	1,193	0,02279584	1560384164056	1	1	0	
8659561	0,019107	2,061	0,03937952	1560384164056	1	1	-1	
8659562	0,019107	0,242	0,00462389	1560384164056	1	1	0	
8659563	0,019102	0,577	0,01102185	1560384164056	1	1	-1	
8659564	0,019124	0,214	0,00409253	1560384168074	0	1	1	
8659565	0,019122	0,197	0,00376703	1560384170653	0	1	-1	
8659566	0,019123	0,8	0,0152984	1560384170653	0	1	1	
8659567	0,019123	0,622	0,0118945	1560384170653	0	1	0	
8659568	0,019104	0,322	0,00615148	1560384171355	1	1	-1	
8659569	0,019122	0,322	0,00615728	1560384179577	0	1	1	
8659570	0,019123	0,2	0,0038246	1560384179577	0	1	2	
8659571	0,019123	0,6	0,0114738	1560384180050	0	1	0	
8659572	0,019123	2,4	0,0458952	1560384180050	0	1	0	
8659573	0,019122	0,053	0,00101346	1560384197266	0	1	-1	
8659574	0,019114	2,935	0,05609959	1560384210590	1	1	-2	
8659575	0,019111	0,762	0,01456258	1560384210596	1	1	-3	
8659576	0,019121	2,616	0,05002053	1560384217297	0	1	1	
8659577	0,019121	0,321	0,00613784	1560384217297	0	1	0	
8659578	0,01912	0,366	0,00699792	1560384220808	1	1	-1	
8659579	0,019114	1,551	0,02964581	1560384221587	1	1	-2	
8659580	0,01912	0,087	0,00166344	1560384230633	0	1	1	
8659581	0,01912	0,324	0,00619488	1560384245764	0	1	0	
8659582	0,019121	0,234	0,00447431	1560384248674	0	1	1	
8659583	0,019121	0,2	0,0038242	1560384255968	0	1	0	
8659584	0,019121	0,045	0,00086044	1560384258277	0	1	0	
8659585	0,019122	0,523	0,0100008	1560384260703	0	1	1	
8659586	0,019121	0,037	0,00070747	1560384264704	1	1	-1	
8659587	0,019121	0,421	0,00804994	1560384265039	0	1	0	
8659588	0,019121	12	0,229452	1560384265039	0	1	0	
8659589	0,019122	9,437	0,18045431	1560384266052	0	1	1	
8659590	0,019125	0,8	0,0153	1560384267311	0	1	2	
8659591	0,019137	9,408	0,18004089	1560384268339	0	1	3	
8659592	0,019148	0,554	0,01060799	1560384269406	0	1	4	
8659593	0,019128	0,091	0,00174064	1560384271764	1	1	-1	
8659594	0,01913	0,091	0,00174083	1560384272659	1	1	1	
8659595	0,01913	0,217	0,00415121	1560384273287	1	1	0	
8659596	0,01913	0,091	0,00174083	1560384273440	1	1	0	
8659597	0,019129	0,09	0,00172161	1560384273888	1	1	-1	
8659598	0,019129	0,091	0,00174073	1560384274180	1	1	0	
8659599	0,019143	3,502	0,06703878	1560384275281	0	1	1	
8659600	0,01915	0,053	0,00101495	1560384279319	0	1	2	
8659601	0,019136	1,699	0,03251206	1560384293074	0	1	-1	
8659602	0,019146	0,16	0,00306336	1560384294627	0	1	1	
8659603	0,019136	1,46	0,02793856	1560384323250	0	1	-1	
8659604	0,019144	1,13	0,02163272	1560384323250	0	1	1	
8659605	0,019137	0,139	0,00266004	1560384333440	1	1	-1	
8659606	0,019136	0,088	0,00168396	1560384333440	1	1	-2	
8659607	0,019142	0,97	0,01856774	1560384335641	0	1	1	
8659608	0,019144	0,191	0,0036565	1560384355518	0	1	2	
8659609	0,019141	0,744	0,0142409	1560384360155	0	1	-1	
8659610	0,019143	2,528	0,0483935	1560384360159	0	1	1	
8659611	0,01914	0,073	0,00139722	1560384378672	1	1	-1	
8659612	0,019147	0,835	0,01598774	1560384384760	0	1	1	
8659613	0,019151	1,235	0,02365148	1560384384760	0	1	2	
8659614	0,019147	0,835	0,01598774	1560384385053	1	1	-1	
8659615	0,01915	0,43	0,0082345	1560384424776	0	1	1	
8659616	0,019152	0,8	0,0153216	1560384433295	0	1	2	
8659617	0,019156	4,238	0,08118312	1560384433295	0	1	3	
8659618	0,019155	0,343	0,00657016	1560384441068	0	1	-1	
8659619	0,019151	0,781	0,01495693	1560384441743	1	1	-2	
8659620	0,019156	0,931	0,01783423	1560384442062	0	1	1	
8659621	0,019165	1,36	0,0260644	1560384465313	1	1	2	
8659622	0,019171	0,784	0,01503006	1560384465319	0	1	3	
8659623	0,01917	0,062	0,00118854	1560384494763	0	1	-1	
8659624	0,01917	0,8	0,015336	1560384494763	0	1	0	
8659625	0,019171	2,761	0,05293113	1560384494763	0	1	1	
8659626	0,019171	1,469	0,02816219	1560384494763	0	1	0	
8659627	0,019171	1,017	0,0194969	1560384500638	0	1	0	
8659628	0,019171	2,194	0,04206117	1560384524383	0	1	0	
8659629	0,01916	0,088	0,00168608	1560384537911	1	1	-1	
8659630	0,01916	0,095	0,0018202	1560384537911	1	1	0	
8659631	0,01916	0,083	0,00159028	1560384537911	1	1	0	
8659632	0,01916	0,102	0,00195432	1560384537911	1	1	0	
8659633	0,01916	0,141	0,00270156	1560384537911	1	1	0	
8659634	0,01916	0,093	0,00178188	1560384538489	1	1	0	
8659635	0,01916	0,112	0,00214592	1560384539650	1	1	0	
8659636	0,01916	0,692	0,01325872	1560384539888	1	1	0	
8659637	0,01916	4,835	0,0926386	1560384540437	1	1	0	
8659638	0,01916	2,348	0,04498768	1560384540858	1	1	0	
8659639	0,01916	0,964	0,01847024	1560384541317	1	1	0	
8659640	0,01916	0,079	0,00151364	1560384541317	1	1	0	
8659641	0,019161	0,102	0,00195442	1560384541788	1	1	1	
8659642	0,01916	0,102	0,00195432	1560384546933	1	1	-1	
8659643	0,01916	0,098	0,00187768	1560384546933	1	1	0	
8659644	0,01916	0,125	0,002395	1560384546933	1	1	0	
8659645	0,01916	0,077	0,00147532	1560384546933	1	1	0	
8659646	0,01916	0,127	0,00243332	1560384546933	1	1	0	
8659647	0,019159	0,151	0,002893	1560384548278	1	1	-1	
8659648	0,019159	0,08	0,00153272	1560384548278	1	1	0	
8659649	0,019159	0,093	0,00178178	1560384548278	1	1	0	
8659650	0,019159	0,8	0,0153272	1560384548278	1	1	0	
8659651	0,019168	3,468	0,06647462	1560384549338	1	1	1	
8659652	0,019171	0,697	0,01336218	1560384549345	0	1	2	
8659653	0,01916	0,102	0,00195432	1560384549398	1	1	-1	
8659654	0,019158	0,088	0,0016859	1560384549921	1	1	-2	
8659655	0,019158	0,12	0,00229896	1560384549921	1	1	0	
8659656	0,019158	0,084	0,00160927	1560384549921	1	1	0	
8659657	0,019158	0,12	0,00229896	1560384549921	1	1	0	
8659658	0,019158	0,087	0,00166674	1560384549921	1	1	0	
8659659	0,019158	0,086	0,00164758	1560384549921	1	1	0	
8659660	0,019158	0,124	0,00237559	1560384549921	1	1	0	
8659661	0,019158	0,106	0,00203074	1560384549921	1	1	0	
8659662	0,019158	0,091	0,00174337	1560384549921	1	1	0	
8659663	0,019158	0,091	0,00174337	1560384549921	1	1	0	
8659664	0,019158	0,216	0,00413812	1560384549921	1	1	0	
8659665	0,019165	1,782	0,03415203	1560384566706	0	1	1	
8659666	0,01916	0,056	0,00107296	1560384575097	1	1	-1	
8659667	0,01917	2,465	0,04725405	1560384576356	0	1	1	
8659668	0,019171	1,079	0,0206855	1560384576425	0	1	2	
8659669	0,019171	1,684	0,03228396	1560384576462	0	1	0	
8659670	0,019171	0,186	0,0035658	1560384576462	0	1	0	
8659671	0,019171	1,079	0,0206855	1560384576462	0	1	0	
8659672	0,019171	1,684	0,03228396	1560384576593	0	1	0	
8659673	0,019171	2,649	0,05078397	1560384576639	0	1	0	
8659674	0,019171	0,697	0,01336218	1560384597795	0	1	0	
8659675	0,019172	0,8	0,0153376	1560384606306	0	1	1	
8659676	0,019177	2,71	0,05196967	1560384626280	0	1	2	
8659677	0,019183	0,083	0,00159218	1560384642072	0	1	3	
8659678	0,019174	2,424	0,04647777	1560384655718	0	1	-1	
8659679	0,019167	0,8	0,0153336	1560384675260	1	1	-2	
8659680	0,019164	0,082	0,00157144	1560384675260	1	1	-3	
8659681	0,019164	0,087	0,00166726	1560384675260	1	1	0	
8659682	0,019163	0,529	0,01013722	1560384675260	1	1	-1	
8659683	0,01918	0,522	0,01001196	1560384682425	0	1	1	
8659684	0,019174	0,604	0,01158109	1560384692730	0	1	-1	
8659685	0,019179	1,722	0,03302623	1560384692735	0	1	1	
8659686	0,01918	2,756	0,05286008	1560384713295	0	1	2	
8659687	0,019181	0,8	0,0153448	1560384733313	0	1	3	
8659688	0,019182	0,196	0,00375967	1560384733313	0	1	4	
8659689	0,019182	0,183	0,0035103	1560384734083	0	1	0	
8659690	0,019183	0,029	0,0005563	1560384735072	0	1	1	
8659691	0,019183	0,077	0,00147709	1560384735072	0	1	0	
8659692	0,019189	1,671	0,03206481	1560384738901	0	1	1	
8659693	0,019178	0,099	0,00189862	1560384739058	1	1	-1	
8659694	0,019178	0,8	0,0153424	1560384764210	1	1	0	
8659695	0,019178	1,2	0,0230136	1560384765080	0	1	0	
8659696	0,019176	1,519	0,02912834	1560384765088	1	1	-1	
8659697	0,019176	0,481	0,00922365	1560384765088	1	1	0	
8659698	0,01919	1,783	0,03421577	1560384767371	0	1	1	
8659699	0,019197	0,099	0,0019005	1560384769502	0	1	2	
8659700	0,019198	3,493	0,06705861	1560384769598	0	1	3	
8659701	0,019198	0,14	0,00268772	1560384769598	0	1	0	
8659702	0,019198	1,67	0,03206066	1560384769598	0	1	0	
8659703	0,019199	2,569	0,04932223	1560384769608	0	1	1	
8659704	0,0192	4,725	0,09072	1560384769699	0	1	2	
8659705	0,019208	1,268	0,02435574	1560384769796	0	1	3	
8659706	0,019208	1,26	0,02420208	1560384769796	0	1	0	
8659707	0,01921	0,872	0,01675112	1560384769910	0	1	1	
8659708	0,019211	0,257	0,00493722	1560384770016	0	1	2	
8659709	0,019201	0,129	0,00247692	1560384772444	1	1	-1	
8659710	0,019219	0,053	0,0010186	1560384780252	0	1	1	
8659711	0,01922	0,5	0,00961	1560384780252	0	1	2	
8659712	0,019233	0,669	0,01286687	1560384780252	0	1	3	
8659713	0,019233	0,128	0,00246182	1560384780252	0	1	0	
8659714	0,019233	0,001	0,00001923	1560384787086	0	1	0	
8659715	0,019233	1,658	0,03188831	1560384787086	0	1	0	
8659716	0,019235	0,053	0,00101945	1560384788126	0	1	1	
8659717	0,019218	0,486	0,00933994	1560384788259	1	1	-1	
8659718	0,019219	0,409	0,00786057	1560384788540	1	1	1	
8659719	0,019218	0,077	0,00147978	1560384788540	1	1	-1	
8659720	0,019218	0,486	0,00933994	1560384788552	1	1	0	
8659721	0,019242	0,064	0,00123148	1560384789238	0	1	1	
8659722	0,019242	0,063	0,00121224	1560384792566	0	1	0	
8659723	0,019246	0,409	0,00787161	1560384792566	0	1	1	
8659724	0,019247	1,049	0,0201901	1560384792566	0	1	2	
8659725	0,019248	0,497	0,00956625	1560384792566	0	1	3	
8659726	0,019248	0,077	0,00148209	1560384793611	0	1	0	
8659727	0,019248	0,226	0,00435004	1560384794719	0	1	0	
8659728	0,019236	3,584	0,06894182	1560384795215	0	1	-1	
8659729	0,019251	1,252	0,02410225	1560384796272	0	1	1	
8659730	0,019248	0,567	0,01091361	1560384798085	1	1	-1	
8659731	0,019251	0,157	0,0030224	1560384798085	0	1	1	
8659732	0,019251	0,26	0,00500526	1560384798085	0	1	0	
8659733	0,019251	0,583	0,01122333	1560384798085	0	1	0	
8659734	0,01923	0,691	0,01328793	1560384798260	1	1	-1	
8659735	0,019231	0,409	0,00786547	1560384798454	1	1	1	
8659736	0,01923	0,282	0,00542286	1560384798454	1	1	-1	
8659737	0,01923	0,213	0,00409599	1560384798533	1	1	0	
8659738	0,019229	0,626	0,01203735	1560384800350	1	1	-1	
8659739	0,019251	0,217	0,00417746	1560384805610	0	1	1	
8659740	0,019251	0,26	0,00500526	1560384805610	0	1	0	
8659741	0,019251	0,409	0,00787365	1560384805610	0	1	0	
8659742	0,019251	0,26	0,00500526	1560384805610	0	1	0	
8659743	0,019251	0,26	0,00500526	1560384805610	0	1	0	
8659744	0,019251	0,257	0,0049475	1560384805610	0	1	0	
8659745	0,019251	0,003	0,00005775	1560384806589	0	1	0	
8659746	0,019251	0,26	0,00500526	1560384806589	0	1	0	
8659747	0,019251	0,26	0,00500526	1560384806589	0	1	0	
8659748	0,019251	0,26	0,00500526	1560384806589	0	1	0	
8659749	0,019251	0,26	0,00500526	1560384806589	0	1	0	
8659750	0,019251	0,257	0,0049475	1560384806589	0	1	0	
8659751	0,019259	2,673	0,0514793	1560384820826	0	1	1	
8659752	0,019255	0,112	0,00215656	1560384821808	1	1	-1	
8659753	0,019256	3,434	0,0661251	1560384828080	1	1	1	
8659754	0,019256	0,8	0,0154048	1560384828080	1	1	0	
8659755	0,019255	0,688	0,01324744	1560384831081	1	1	-1	
8659756	0,019263	0,059	0,00113651	1560384833932	0	1	1	
8659757	0,019264	0,234	0,00450777	1560384833932	0	1	2	
8659758	0,01925	0,777	0,01495725	1560384834042	1	1	-1	
8659759	0,01925	0,75	0,0144375	1560384834083	1	1	0	
8659760	0,019236	0,409	0,00786752	1560384839085	1	1	-1	
8659761	0,019235	0,523	0,0100599	1560384839522	1	1	-2	
8659762	0,019249	3	0,057747	1560384840005	0	1	1	
8659763	0,01925	0,239	0,00460075	1560384840205	0	1	2	
8659764	0,01925	0,243	0,00467775	1560384840205	0	1	0	
8659765	0,01925	0,52	0,01001	1560384853082	1	1	0	
8659766	0,019238	0,242	0,00465559	1560384864483	1	1	-1	
8659767	0,019237	0,153	0,00294326	1560384864483	1	1	-2	
8659768	0,01924	2,15	0,041366	1560384887605	1	1	1	
8659769	0,019251	1,934	0,03723143	1560384890162	0	1	2	
8659770	0,019249	0,053	0,00102019	1560384903712	0	1	-1	
8659771	0,01924	0,85	0,016354	1560384903737	1	1	-2	
8659772	0,019244	0,053	0,00101993	1560384907083	0	1	1	
8659773	0,019234	0,547	0,01052099	1560384914105	0	1	-1	
8659774	0,019243	1,153	0,02218717	1560384914106	0	1	1	
8659775	0,019227	0,054	0,00103825	1560384918919	1	1	-1	
8659776	0,019226	0,8	0,0153808	1560384918919	1	1	-2	
8659777	0,019226	1,163	0,02235983	1560384918919	1	1	0	
8659778	0,019244	2,084	0,04010449	1560384928679	0	1	1	
8659779	0,019239	2,009	0,03865115	1560384956573	1	1	-1	
8659780	0,019244	0,834	0,01604949	1560384956575	0	1	1	
8659781	0,01924	1,575	0,030303	1560384984319	1	1	-1	
8659782	0,019243	2,609	0,05020498	1560384984327	0	1	1	
8659783	0,019238	0,343	0,00659863	1560384987100	1	1	-1	
8659784	0,019235	0,8	0,015388	1560384997378	1	1	-2	
8659785	0,019238	1,555	0,02991509	1560385026234	0	1	1	
8659786	0,019238	0,409	0,00786834	1560385026234	0	1	0	
8659787	0,019243	0,8	0,0153944	1560385034609	0	1	1	
8659788	0,019244	0,2	0,0038488	1560385034609	0	1	2	
8659789	0,019244	0,108	0,00207835	1560385038877	0	1	0	
8659790	0,019237	1,68	0,03231816	1560385042608	0	1	-1	
8659791	0,019237	3,875	0,07454337	1560385042612	0	1	0	
8659792	0,019237	1,68	0,03231816	1560385064103	1	1	0	
8659793	0,019239	2,38	0,04578882	1560385073173	0	1	1	
8659794	0,019241	0,57	0,01096737	1560385078207	0	1	2	
8659795	0,019228	0,8	0,0153824	1560385078989	1	1	-1	
8659796	0,019222	0,053	0,00101876	1560385080732	1	1	-2	
8659797	0,019216	1,668	0,03205228	1560385087309	0	1	-3	
8659798	0,019204	0,503	0,00965961	1560385089112	1	1	-4	
8659799	0,019181	1,093	0,02096483	1560385089112	1	1	-5	
8659800	0,019185	0,8	0,015348	1560385101827	1	1	1	
8659801	0,019179	2,225	0,04267327	1560385103110	1	1	-1	
8659802	0,019179	2,225	0,04267327	1560385104105	1	1	0	
8659803	0,019179	2,225	0,04267327	1560385105138	1	1	0	
8659804	0,019179	2,225	0,04267327	1560385106208	1	1	0	
8659805	0,019179	2,225	0,04267327	1560385107408	1	1	0	
8659806	0,019179	2,225	0,04267327	1560385108445	1	1	0	
8659807	0,019179	1,789	0,03431123	1560385109554	1	1	0	
8659808	0,019178	0,053	0,00101643	1560385110594	1	1	-1	
8659809	0,019169	0,409	0,00784012	1560385111621	1	1	-2	
8659810	0,019168	0,261	0,00500284	1560385112687	1	1	-3	
8659811	0,019167	0,053	0,00101585	1560385113763	1	1	-4	
8659812	0,019178	0,3	0,0057534	1560385114256	0	1	1	
8659813	0,019178	0,109	0,0020904	1560385115985	0	1	0	
8659814	0,019178	1,186	0,0227451	1560385115985	0	1	0	
8659815	0,019179	0,539	0,01033748	1560385115985	0	1	1	
8659816	0,019179	0,119	0,0022823	1560385117959	0	1	0	
8659817	0,019179	0,142	0,00272341	1560385119864	0	1	0	
8659818	0,019181	1,041	0,01996742	1560385120733	0	1	1	
8659819	0,019183	0,8	0,0153464	1560385128087	0	1	2	
8659820	0,019205	0,11	0,00211255	1560385134674	0	1	3	
8659821	0,019178	0,265	0,00508217	1560385139623	1	1	-1	
8659822	0,019178	0,152	0,00291505	1560385141475	1	1	0	
8659823	0,019178	0,769	0,01474788	1560385143886	1	1	0	
8659824	0,019178	0,222	0,00425751	1560385143886	1	1	0	
8659825	0,019199	0,222	0,00426217	1560385146416	0	1	1	
8659826	0,0192	0,428	0,0082176	1560385146416	0	1	2	
8659827	0,019176	0,8	0,0153408	1560385151409	1	1	-1	
8659828	0,019175	0,614	0,01177345	1560385152436	1	1	-2	
8659829	0,01917	0,409	0,00784053	1560385152673	1	1	-3	
8659830	0,019169	0,8	0,0153352	1560385152673	1	1	-4	
8659831	0,01915	4,177	0,07998955	1560385152673	1	1	-5	
8659832	0,01915	2,088	0,0399852	1560385152673	1	1	0	
8659833	0,019144	0,417	0,00798304	1560385152673	1	1	-1	
8659834	0,019142	5,208	0,09969153	1560385152673	1	1	-2	
8659835	0,019142	5,208	0,09969153	1560385152673	1	1	0	
8659836	0,019142	2,511	0,04806556	1560385152673	1	1	0	
8659837	0,019142	2,511	0,04806556	1560385152673	1	1	0	
8659838	0,019142	2,511	0,04806556	1560385152673	1	1	0	
8659839	0,019142	2,511	0,04806556	1560385152673	1	1	0	
8659840	0,019142	2,511	0,04806556	1560385152673	1	1	0	
8659841	0,019142	2,341	0,04481142	1560385152673	1	1	0	
8659842	0,019137	0,535	0,01023829	1560385152673	1	1	-1	
8659843	0,019132	20,843	0,39876827	1560385152673	1	1	-2	
8659844	0,01913	2,194	0,04197122	1560385152673	1	1	-3	
8659845	0,01913	0,665	0,01272145	1560385152673	1	1	0	
8659846	0,019129	0,054	0,00103296	1560385152673	1	1	-1	
8659847	0,01912	0,466	0,00890992	1560385152694	0	1	-2	
8659848	0,01913	0,227	0,00434251	1560385158696	1	1	1	
8659849	0,019124	3,501	0,06695312	1560385158696	1	1	-1	
8659850	0,019123	0,843	0,01612068	1560385158696	1	1	-2	
8659851	0,019131	0,06	0,00114786	1560385159107	1	1	1	
8659852	0,019123	0,015	0,00028684	1560385159128	1	1	-1	
8659853	0,019122	3,828	0,07319901	1560385159128	1	1	-2	
8659854	0,019118	0,485	0,00927223	1560385159128	1	1	-3	
8659855	0,019143	0,324	0,00620233	1560385162245	0	1	1	
8659856	0,019118	0,015	0,00028677	1560385165725	1	1	-1	
8659857	0,019103	1,525	0,02913207	1560385165725	1	1	-2	
8659858	0,019107	0,316	0,00603781	1560385168103	1	1	1	
8659859	0,019109	0,8	0,0152872	1560385170111	1	1	2	
8659860	0,019108	3,504	0,06695443	1560385171379	1	1	-1	
8659861	0,019126	0,085	0,00162571	1560385172248	0	1	1	
8659862	0,019106	0,316	0,00603749	1560385172404	1	1	-1	
8659863	0,019104	0,484	0,00924633	1560385172404	1	1	-2	
8659864	0,019104	0,316	0,00603686	1560385173476	1	1	0	
8659865	0,019104	2,714	0,05184825	1560385173476	1	1	0	
8659866	0,019108	0,316	0,00603812	1560385174543	1	1	1	
8659867	0,019099	1,412	0,02696778	1560385175577	1	1	-1	
8659868	0,019103	0,316	0,00603654	1560385176632	1	1	1	
8659869	0,019097	0,087	0,00166143	1560385177739	1	1	-1	
8659870	0,019097	0,713	0,01361616	1560385178958	1	1	0	
8659871	0,019095	0,25	0,00477375	1560385180028	1	1	-1	
8659872	0,019103	1,299	0,02481479	1560385180510	1	1	1	
8659873	0,019086	0,087	0,00166048	1560385182125	1	1	-1	
8659874	0,019085	1,918	0,03660503	1560385182125	1	1	-2	
8659875	0,019085	1,591	0,03036423	1560385182142	1	1	0	
8659876	0,019085	0,8	0,015268	1560385182142	1	1	0	
8659877	0,019088	0,077	0,00146977	1560385182224	0	1	1	
8659878	0,019088	0,16	0,00305408	1560385182238	0	1	0	
8659879	0,019088	0,204	0,00389395	1560385182969	0	1	0	
8659880	0,019086	2	0,038172	1560385183110	1	1	-1	
8659881	0,019086	0,62	0,01183332	1560385183199	1	1	0	
8659882	0,019087	0,528	0,01007793	1560385183240	0	1	1	
8659883	0,019087	0,053	0,00101161	1560385184054	0	1	0	
8659884	0,019085	0,8	0,015268	1560385184264	1	1	-1	
8659885	0,019086	0,369	0,00704273	1560385184760	0	1	1	
8659886	0,019083	0,25	0,00477075	1560385185103	1	1	-1	
8659887	0,019083	0,75	0,01431225	1560385185103	1	1	0	
8659888	0,019086	0,473	0,00902767	1560385186244	0	1	1	
8659889	0,019086	0,531	0,01013466	1560385187386	0	1	0	
8659890	0,019084	15,1	0,2881684	1560385189104	1	1	-1	
8659891	0,019084	15	0,28626	1560385189128	1	1	0	
8659892	0,019088	0,528	0,01007846	1560385194099	0	1	1	
8659893	0,019091	0,8	0,0152728	1560385199184	1	1	2	
8659894	0,01909	0,899	0,01716191	1560385199184	1	1	-1	
8659895	0,019099	2,719	0,05193018	1560385216111	0	1	1	
8659896	0,019094	0,605	0,01155187	1560385216120	1	1	-1	
8659897	0,019093	0,8	0,0152744	1560385223184	1	1	-2	
8659898	0,019092	2,104	0,04016956	1560385223184	1	1	-3	
8659899	0,019092	0,512	0,0097751	1560385223204	1	1	0	
8659900	0,019091	0,8	0,0152728	1560385223204	1	1	-1	
8659901	0,01909	1,592	0,03039128	1560385223204	1	1	-2	
8659902	0,019094	0,8	0,0152752	1560385223223	1	1	1	
8659903	0,01909	1,016	0,01939544	1560385223223	1	1	-1	
8659904	0,019089	0,8	0,0152712	1560385223223	1	1	-2	
8659905	0,019088	0,288	0,00549734	1560385223223	1	1	-3	
8659906	0,019088	2,904	0,05543155	1560385223254	1	1	0	
8659907	0,019088	2,904	0,05543155	1560385223278	1	1	0	
8659908	0,019087	0,488	0,00931445	1560385223643	1	1	-1	
8659909	0,019086	0,234	0,00446612	1560385223643	1	1	-2	
8659910	0,019086	0,128	0,002443	1560385224251	1	1	0	
8659911	0,019086	27	0,515322	1560385225104	1	1	0	
8659912	0,019086	2	0,038172	1560385225125	1	1	0	
8659913	0,019086	0,741	0,01414272	1560385225151	1	1	0	
8659914	0,019084	0,141	0,00269084	1560385225151	1	1	-1	
8659915	0,019081	0,25	0,00477025	1560385226464	1	1	-2	
8659916	0,01908	0,156	0,00297648	1560385226464	1	1	-3	
8659917	0,019075	1,163	0,02218422	1560385226464	1	1	-4	
8659918	0,019075	0,521	0,00993807	1560385226464	1	1	0	
8659919	0,019075	2	0,03815	1560385227100	1	1	0	
8659920	0,019075	0,769	0,01466867	1560385227102	1	1	0	
8659921	0,019075	0,055	0,00104912	1560385227102	1	1	0	
8659922	0,019074	0,939	0,01791048	1560385227102	1	1	-1	
8659923	0,019074	2,093	0,03992188	1560385227102	1	1	0	
8659924	0,019073	0,053	0,00101086	1560385227811	1	1	-1	
8659925	0,019069	0,25	0,00476725	1560385227811	1	1	-2	
8659926	0,019069	0,25	0,00476725	1560385227811	1	1	0	
8659927	0,019069	0,25	0,00476725	1560385227811	1	1	0	
8659928	0,019069	0,25	0,00476725	1560385227811	1	1	0	
8659929	0,019069	0,105	0,00200224	1560385227811	1	1	0	
8659930	0,019068	0,25	0,004767	1560385227811	1	1	-1	
8659931	0,019067	0,25	0,00476675	1560385227811	1	1	-2	
8659932	0,019067	0,091	0,00173509	1560385227811	1	1	0	
8659933	0,019067	0,067	0,00127748	1560385228546	1	1	0	
8659934	0,019066	0,326	0,00621551	1560385228546	1	1	-1	
8659935	0,019067	30	0,57201	1560385230110	1	1	1	
8659936	0,019067	0,251	0,00478581	1560385230143	1	1	0	
8659937	0,019074	0,15	0,0028611	1560385230417	0	1	1	
8659938	0,019066	0,042	0,00080077	1560385231107	1	1	-1	
8659939	0,01906	0,393	0,00749058	1560385231107	1	1	-2	
8659940	0,019055	0,25	0,00476375	1560385231564	1	1	-3	
8659941	0,019054	0,004	0,00007621	1560385231564	1	1	-4	
8659942	0,01906	0,487	0,00928222	1560385236698	0	1	1	
8659943	0,019054	0,057	0,00108607	1560385237118	1	1	-1	
8659944	0,019053	0,236	0,0044965	1560385237118	1	1	-2	
8659945	0,019059	0,487	0,00928173	1560385237600	0	1	1	
8659946	0,019059	0,522	0,00994879	1560385238417	0	1	0	
8659947	0,019059	0,422	0,00804289	1560385239021	0	1	0	
8659948	0,019053	0,014	0,00026674	1560385242291	1	1	-1	
8659949	0,019053	0,082	0,00156234	1560385243107	0	1	0	
8659950	0,019053	0,061	0,00116223	1560385243107	0	1	0	
8659951	0,019053	0,105	0,00200056	1560385243107	0	1	0	
8659952	0,01906	0,057	0,00108642	1560385244696	0	1	1	
8659953	0,01906	10,063	0,19180078	1560385245641	0	1	0	
8659954	0,019071	0,411	0,00783818	1560385246226	0	1	1	
8659955	0,019072	0,116	0,00221235	1560385246226	0	1	2	
8659956	0,019072	0,92	0,01754624	1560385246228	0	1	0	
8659957	0,019073	0,51	0,00972723	1560385246228	0	1	1	
8659958	0,019073	0,29	0,00553117	1560385246286	0	1	0	
8659959	0,019073	0,757	0,01443826	1560385246286	0	1	0	
8659960	0,019062	2	0,038124	1560385247102	0	1	-1	
8659961	0,019062	0,25	0,0047655	1560385247111	0	1	0	
8659962	0,019073	2	0,038146	1560385247111	0	1	1	
8659963	0,019073	0,419	0,00799158	1560385248104	0	1	0	
8659964	0,019056	0,412	0,00785107	1560385249692	1	1	-1	
8659965	0,019055	0,339	0,00645964	1560385249692	1	1	-2	
8659966	0,019056	0,3	0,0057168	1560385250480	1	1	1	
8659967	0,01906	1,908	0,03636648	1560385254103	1	1	2	
8659968	0,019056	0,092	0,00175315	1560385254103	1	1	-1	
8659969	0,019056	0,663	0,01263412	1560385254152	1	1	0	
8659970	0,019061	4,731	0,09017759	1560385254246	0	1	1	
8659971	0,019056	0,778	0,01482556	1560385254250	1	1	-1	
8659972	0,019056	2	0,038112	1560385255128	1	1	0	
8659973	0,019056	0,622	0,01185283	1560385255154	1	1	0	
8659974	0,019049	0,787	0,01499156	1560385255744	1	1	-1	
8659975	0,019046	0,25	0,0047615	1560385255744	1	1	-2	
8659976	0,019045	0,106	0,00201877	1560385255744	1	1	-3	
8659977	0,019043	0,25	0,00476075	1560385255744	1	1	-4	
8659978	0,019043	0,25	0,00476075	1560385255744	1	1	0	
8659979	0,019043	0,25	0,00476075	1560385255744	1	1	0	
8659980	0,019041	0,019	0,00036177	1560385255744	1	1	-1	
8659981	0,019041	0,16	0,00304656	1560385256755	1	1	0	
8659982	0,019049	2	0,038098	1560385261104	1	1	1	
8659983	0,019049	1	0,019049	1560385261104	1	1	0	
8659984	0,019057	0,327	0,00623163	1560385261382	0	1	1	
8659985	0,019041	0,071	0,00135191	1560385261636	1	1	-1	
8659986	0,019041	0,25	0,00476025	1560385261636	1	1	0	
8659987	0,019038	0,25	0,0047595	1560385261722	1	1	-1	
8659988	0,019038	0,25	0,0047595	1560385261722	1	1	0	
8659989	0,019037	0,25	0,00475925	1560385261832	1	1	-1	
8659990	0,019035	0,25	0,00475875	1560385262779	1	1	-2	
8659991	0,019035	0,167	0,00317884	1560385272507	0	1	0	
8659992	0,019058	0,331	0,00630819	1560385276588	0	1	1	
8659993	0,019043	0,077	0,00146631	1560385290561	1	1	-1	
8659994	0,019053	3,367	0,06415145	1560385296176	0	1	1	
8659995	0,019057	0,169	0,00322063	1560385297735	0	1	2	
8659996	0,019054	2,252	0,0429096	1560385331178	0	1	-1	
8659997	0,01905	2,209	0,04208145	1560385331188	1	1	-2	
8659998	0,019049	1	0,019049	1560385335113	1	1	-3	
8659999	0,019049	2	0,038098	1560385335113	1	1	0	
8660000	0,019043	0,055	0,00104736	1560385341658	1	1	-1	
8660001	0,019044	2,399	0,04568655	1560385348268	1	1	1	
8660002	0,019043	2,887	0,05497714	1560385361179	1	1	-1	
8660003	0,019043	27	0,514161	1560385361205	1	1	0	
8660004	0,019049	2	0,038098	1560385368596	1	1	1	
8660005	0,019049	1	0,019049	1560385368596	1	1	0	
8660006	0,019043	0,371	0,00706495	1560385368596	1	1	-1	
8660007	0,019043	0,427	0,00813136	1560385368596	1	1	0	
8660008	0,019042	0,42	0,00799764	1560385368596	1	1	-1	
8660009	0,019042	0,525	0,00999705	1560385368596	1	1	0	
8660010	0,019042	0,514	0,00978758	1560385368596	1	1	0	
8660011	0,019042	1,74	0,03313308	1560385368596	1	1	0	
8660012	0,019042	3,517	0,06697071	1560385368596	1	1	0	
8660013	0,019042	26,439	0,50345143	1560385368633	1	1	0	
8660014	0,019041	0,328	0,00624544	1560385368633	1	1	-1	
8660015	0,01904	0,8	0,015232	1560385368633	1	1	-2	
8660016	0,019034	0,25	0,0047585	1560385368633	1	1	-3	
8660017	0,019034	0,25	0,0047585	1560385368633	1	1	0	
8660018	0,019034	0,25	0,0047585	1560385368633	1	1	0	
8660019	0,019032	0,25	0,004758	1560385368633	1	1	-1	
8660020	0,019032	0,106	0,00201739	1560385368633	1	1	0	
8660021	0,019032	1,197	0,0227813	1560385368633	1	1	0	
8660022	0,019031	0,25	0,00475775	1560385368633	1	1	-1	
8660023	0,019031	0,25	0,00475775	1560385368633	1	1	0	
8660024	0,019031	0,527	0,01002933	1560385368633	1	1	0	
8660025	0,01903	0,313	0,00595639	1560385368633	1	1	-1	
8660026	0,019028	0,455	0,00865774	1560385368633	1	1	-2	
8660027	0,019027	0,25	0,00475675	1560385368633	1	1	-3	
8660028	0,019027	3,708	0,07055211	1560385368633	1	1	0	
8660029	0,019026	0,25	0,0047565	1560385368633	1	1	-1	
8660030	0,019021	0,014	0,00026629	1560385368633	1	1	-2	
8660031	0,019021	0,053	0,00100811	1560385368645	1	1	0	
8660032	0,01902	0,068	0,00129336	1560385368645	1	1	-1	
8660033	0,01902	0,993	0,01888686	1560385368645	1	1	0	
8660034	0,019016	0,5	0,009508	1560385368645	1	1	-1	
8660035	0,019016	0,158	0,00300452	1560385368645	1	1	0	
8660036	0,019016	0,055	0,00104588	1560385368645	1	1	0	
8660037	0,019015	1,422	0,02703933	1560385368645	1	1	-1	
8660038	0,019013	0,25	0,00475325	1560385368645	1	1	-2	
8660039	0,019013	0,078	0,00148301	1560385368645	1	1	0	
8660040	0,019012	0,25	0,004753	1560385368645	1	1	-1	
8660041	0,01901	1,947	0,03701247	1560385368645	1	1	-2	
8660042	0,01901	0,409	0,00777509	1560385368650	1	1	0	
8660043	0,019006	0,077	0,00146346	1560385369825	1	1	-1	
8660044	0,019031	0,413	0,0078598	1560385370920	0	1	1	
8660045	0,019031	0,208	0,00395844	1560385370920	0	1	0	
8660046	0,01903	0,513	0,00976239	1560385376097	0	1	-1	
8660047	0,019031	0,12	0,00228372	1560385381880	0	1	1	
8660048	0,019031	0,472	0,00898263	1560385384852	0	1	0	
8660049	0,019031	1,197	0,0227801	1560385384852	0	1	0	
8660050	0,019032	0,331	0,00629959	1560385385059	0	1	1	
8660051	0,019026	0,106	0,00201675	1560385385116	1	1	-1	
8660052	0,019022	1	0,019022	1560385385258	0	1	-2	
8660053	0,019022	0,492	0,00935882	1560385385579	0	1	0	
8660054	0,019022	1,096	0,02084811	1560385385819	0	1	0	
8660055	0,019032	1,052	0,02002166	1560385385819	0	1	1	
8660056	0,019032	0,079	0,00150352	1560385390835	0	1	0	
8660057	0,019025	0,968	0,0184162	1560385396664	1	1	-1	
8660058	0,019032	1,017	0,01935554	1560385401682	0	1	1	
8660059	0,019048	0,2	0,0038096	1560385408201	0	1	2	
8660060	0,019042	2,366	0,04505337	1560385414519	0	1	-1	
8660061	0,019033	0,271	0,00515794	1560385414781	1	1	-2	
8660062	0,019033	0,142	0,00270268	1560385418451	1	1	0	
8660063	0,019033	0,358	0,00681381	1560385418451	1	1	0	
8660064	0,019047	0,413	0,00786641	1560385428123	0	1	1	
8660065	0,019048	0,6	0,0114288	1560385432129	0	1	2	
8660066	0,019055	0,192	0,00365856	1560385435839	0	1	3	
8660067	0,019046	2,275	0,04332965	1560385442475	1	1	-1	
8660068	0,019055	0,227	0,00432548	1560385445117	0	1	1	
8660069	0,019055	0,8	0,015244	1560385445117	0	1	0	
8660070	0,019055	0,522	0,00994671	1560385445117	0	1	0	
8660071	0,019052	0,358	0,00682061	1560385456000	0	1	-1	
8660072	0,019053	0,386	0,00735445	1560385456000	0	1	1	
8660073	0,019051	0,059	0,001124	1560385466115	0	1	-1	
8660074	0,019045	2,527	0,04812671	1560385466833	0	1	-2	
8660075	0,01905	0,077	0,00146685	1560385477627	0	1	1	
8660076	0,019052	0,465	0,00885918	1560385478680	0	1	2	
8660077	0,019041	0,75	0,01428075	1560385478710	1	1	-1	
8660078	0,019048	0,379	0,00721919	1560385479755	0	1	1	
8660079	0,019053	0,414	0,00788794	1560385480773	0	1	2	
8660080	0,01904	0,558	0,01062432	1560385494114	0	1	-1	
8660081	0,019047	0,193	0,00367607	1560385507996	1	1	1	
8660082	0,019057	1,95	0,03716115	1560385512789	0	1	2	
8660083	0,01905	2,151	0,04097655	1560385512794	0	1	-1	
8660084	0,019058	0,8	0,0152464	1560385519837	0	1	1	
8660085	0,019058	0,2	0,0038116	1560385520135	1	1	0	
8660086	0,019036	0,413	0,00786186	1560385549644	1	1	-1	
8660087	0,019035	1,198	0,02280393	1560385549644	1	1	-2	
8660088	0,019034	1,389	0,02643822	1560385549644	1	1	-3	
8660089	0,019044	1	0,019044	1560385568011	1	1	1	
8660090	0,019044	2	0,038088	1560385568011	1	1	0	
8660091	0,019044	0,763	0,01453057	1560385568011	1	1	0	
8660092	0,019035	5,208	0,09913428	1560385569126	0	1	-1	
8660093	0,019044	5,213	0,09927637	1560385590703	0	1	1	
8660094	0,01905	2,19	0,0417195	1560385595987	0	1	2	
8660095	0,01905	0,16	0,003048	1560385601399	0	1	0	
8660096	0,019053	0,8	0,0152424	1560385603130	0	1	1	
8660097	0,019054	2,061	0,03927029	1560385625406	1	1	2	
8660098	0,019058	0,81	0,01543698	1560385625406	0	1	3	
8660099	0,019063	2,624	0,05002131	1560385625423	0	1	4	
8660100	0,019059	1	0,019059	1560385645127	1	1	-1	
8660101	0,019059	2	0,038118	1560385645127	1	1	0	
8660102	0,019053	1,758	0,03349517	1560385657901	0	1	-1	
8660103	0,019043	0,8	0,0152344	1560385667033	1	1	-2	
8660104	0,019028	2,477	0,04713235	1560385667033	1	1	-3	
8660105	0,019027	0,682	0,01297641	1560385667033	1	1	-4	
8660106	0,019027	0,117	0,00222615	1560385670457	1	1	0	
8660107	0,019045	0,237	0,00451366	1560385674842	0	1	1	
8660108	0,019035	0,567	0,01079284	1560385677951	1	1	-1	
8660109	0,019045	0,691	0,01316009	1560385691222	0	1	1	
8660110	0,019045	0,109	0,0020759	1560385691342	0	1	0	
8660111	0,019048	0,8	0,0152384	1560385692388	0	1	1	
8660112	0,019048	2,42	0,04609616	1560385692388	0	1	0	
8660113	0,019052	0,8	0,0152416	1560385694513	0	1	1	
8660114	0,019052	0,176	0,00335315	1560385694513	0	1	0	
8660115	0,019053	0,379	0,00722108	1560385695579	0	1	1	
8660116	0,019056	3,47	0,06612432	1560385696843	0	1	2	
8660117	0,019059	1,318	0,02511976	1560385704833	0	1	3	
8660118	0,019051	0,87	0,01657437	1560385704833	1	1	-1	
8660119	0,019053	0,413	0,00786888	1560385711548	1	1	1	
8660120	0,019052	0,253	0,00482015	1560385715217	1	1	-1	
8660121	0,019059	2,431	0,04633242	1560385732093	0	1	1	
8660122	0,019059	0,8	0,0152472	1560385746135	0	1	0	
8660123	0,019057	2,418	0,04607982	1560385754876	0	1	-1	
8660124	0,019062	0,015	0,00028593	1560385754876	0	1	1	
8660125	0,019053	3,29	0,06268437	1560385781993	1	1	-1	
8660126	0,019048	1	0,019048	1560385806344	1	1	-2	
8660127	0,019048	1,172	0,02232425	1560385806344	1	1	0	
8660128	0,019039	0,8	0,0152312	1560385822919	1	1	-1	
8660129	0,019052	2,149	0,04094274	1560385832130	0	1	1	
8660130	0,019053	0,8	0,0152424	1560385840138	0	1	2	
8660131	0,019055	1	0,019055	1560385858140	1	1	3	
8660132	0,019055	2	0,03811	1560385858140	1	1	0	
8660133	0,019046	0,8	0,0152368	1560385869327	1	1	-1	
8660134	0,019053	1,869	0,03561005	1560385880416	0	1	1	
8660135	0,019044	2	0,038088	1560385892097	1	1	-1	
8660136	0,019044	1	0,019044	1560385892097	1	1	0	
8660137	0,019036	0,413	0,00786186	1560385892097	1	1	-1	
8660138	0,019035	1,05	0,01998675	1560385892097	1	1	-2	
8660139	0,019031	0,423	0,00805011	1560385892097	1	1	-3	
8660140	0,01903	0,431	0,00820193	1560385892097	1	1	-4	
8660141	0,019026	3,474	0,06609632	1560385892097	1	1	-5	
8660142	0,019025	2,937	0,05587642	1560385892097	1	1	-6	
8660143	0,019025	1,284	0,0244281	1560385892181	1	1	0	
8660144	0,019023	0,106	0,00201643	1560385895810	1	1	-1	
8660145	0,019021	0,42	0,00798882	1560385895810	1	1	-2	
8660146	0,019048	0,076	0,00144764	1560385898712	0	1	1	
8660147	0,019023	1,191	0,02265639	1560385901198	1	1	-1	
8660148	0,019024	1,493	0,02840283	1560385920855	1	1	1	
8660149	0,019023	0,295	0,00561178	1560385922471	1	1	-1	
8660150	0,019037	0,104	0,00197984	1560385939970	0	1	1	
8660151	0,019029	1	0,019029	1560385951806	1	1	-1	
8660152	0,019023	1,888	0,03591542	1560385951806	1	1	-2	
8660153	0,019022	0,106	0,00201633	1560385951806	1	1	-3	
8660154	0,019011	0,076	0,00144483	1560385951806	1	1	-4	
8660155	0,01901	15,67	0,2978867	1560385951806	1	1	-5	
8660156	0,019021	0,106	0,00201622	1560385956147	1	1	1	
8660157	0,019021	0,106	0,00201622	1560385963847	1	1	0	
8660158	0,019021	1,534	0,02917821	1560385963847	1	1	0	
8660159	0,019021	0,482	0,00916812	1560385963956	1	1	0	
8660160	0,019022	0,8	0,0152176	1560385965651	0	1	1	
8660161	0,019021	2,916	0,05546523	1560385966769	1	1	-1	
8660162	0,019021	1,025	0,01949652	1560385971869	1	1	0	
8660163	0,019021	0,106	0,00201622	1560385971869	1	1	0	
8660164	0,019025	0,18	0,0034245	1560385973276	0	1	1	
8660165	0,019025	0,259	0,00492747	1560385976149	0	1	0	
8660166	0,019025	0,959	0,01824497	1560385976149	0	1	0	
8660167	0,019025	0,413	0,00785732	1560385976149	0	1	0	
8660168	0,019027	0,8	0,0152216	1560385977172	0	1	1	
8660169	0,019032	1,102	0,02097326	1560386003166	1	1	2	
8660170	0,01903	1	0,01903	1560386005368	1	1	-1	
8660171	0,01902	0,106	0,00201612	1560386005398	1	1	-2	
8660172	0,019012	1,307	0,02484868	1560386006148	0	1	-3	
8660173	0,019023	1,475	0,02805892	1560386034150	0	1	1	
8660174	0,019035	0,071	0,00135148	1560386045598	0	1	2	
8660175	0,019026	0,986	0,01875963	1560386056444	0	1	-1	
8660176	0,019028	2	0,038056	1560386101805	1	1	1	
8660177	0,019028	1	0,019028	1560386101805	1	1	0	
8660178	0,019034	0,113	0,00215084	1560386106585	0	1	1	
8660179	0,019035	0,308	0,00586278	1560386106585	0	1	2	
8660180	0,019023	2,748	0,0522752	1560386106972	1	1	-1	
8660181	0,019028	3,031	0,05767386	1560386106978	0	1	1	
8660182	0,01903	0,067	0,00127501	1560386135033	1	1	2	
8660183	0,019031	0,379	0,00721274	1560386135152	0	1	3	
8660184	0,019035	0,421	0,00801373	1560386136354	0	1	4	
8660185	0,019035	1	0,019035	1560386136354	0	1	0	
8660186	0,019034	2,536	0,04827022	1560386145175	1	1	-1	
8660187	0,019041	2,446	0,04657428	1560386145177	0	1	1	
8660188	0,019043	1,344	0,02559379	1560386146811	0	1	2	
8660189	0,019037	0,389	0,00740539	1560386180912	0	1	-1	
8660190	0,019042	1,303	0,02481172	1560386180912	0	1	1	
8660191	0,019037	0,082	0,00156103	1560386184758	1	1	-1	
8660192	0,019042	0,065	0,00123773	1560386193405	0	1	1	
8660193	0,019039	1	0,019039	1560386196161	1	1	-1	
8660194	0,019037	0,307	0,00584435	1560386197164	1	1	-2	
8660195	0,019037	0,786	0,01496308	1560386197164	1	1	0	
8660196	0,019041	0,072	0,00137095	1560386227510	0	1	1	
8660197	0,019041	0,914	0,01740347	1560386227692	0	1	0	
8660198	0,019043	0,096	0,00182812	1560386229159	0	1	1	
8660199	0,019032	5,05	0,0961116	1560386267484	0	1	-1	
8660200	0,019027	0,686	0,01305252	1560386276834	1	1	-2	
8660201	0,019042	0,072	0,00137102	1560386281174	0	1	1	
8660202	0,019036	0,146	0,00277925	1560386281988	1	1	-1	
8660203	0,019043	2,262	0,04307526	1560386282174	0	1	1	
8660204	0,019045	0,15	0,00285675	1560386283196	0	1	2	
8660205	0,019043	0,8	0,0152344	1560386283213	0	1	-1	
8660206	0,019043	1	0,019043	1560386284171	0	1	0	
8660207	0,019043	0,173	0,00329443	1560386284284	0	1	0	
8660208	0,019042	0,099	0,00188515	1560386285260	1	1	-1	
8660209	0,019043	0,795	0,01513918	1560386289722	1	1	1	
8660210	0,019051	4,14	0,07887114	1560386289724	0	1	2	
8660211	0,01906	0,099	0,00188694	1560386296339	0	1	3	
8660212	0,019061	2,13	0,04059993	1560386299180	0	1	4	
8660213	0,019062	0,8	0,0152496	1560386300587	0	1	5	
8660214	0,019065	2,187	0,04169515	1560386301738	0	1	6	
8660215	0,019064	1,68	0,03202752	1560386302807	0	1	-1	
8660216	0,019065	1,705	0,03250582	1560386302807	0	1	1	
8660217	0,019065	0,482	0,00918933	1560386303868	0	1	0	
8660218	0,019065	2,187	0,04169515	1560386304988	0	1	0	
8660219	0,019065	2,187	0,04169515	1560386306019	0	1	0	
8660220	0,019065	2,187	0,04169515	1560386307040	0	1	0	
8660221	0,019065	1,904	0,03629976	1560386308072	0	1	0	
8660222	0,019074	2,776	0,05294942	1560386336712	0	1	1	
8660223	0,019061	2,314	0,04410715	1560386336742	1	1	-1	
8660224	0,019055	0,8	0,015244	1560386339748	1	1	-2	
8660225	0,019055	1,253	0,02387591	1560386366213	0	1	0	
8660226	0,019063	1,595	0,03040548	1560386366217	0	1	1	
8660227	0,019063	2	0,038126	1560386390173	0	1	0	
8660228	0,019063	0,165	0,00314539	1560386391877	0	1	0	
8660229	0,019055	0,8	0,015244	1560386395453	1	1	-1	
8660230	0,019052	2,622	0,04995434	1560386408215	1	1	-2	
8660231	0,019052	0,8	0,0152416	1560386408215	1	1	0	
8660232	0,019051	1,675	0,03191042	1560386408252	1	1	-1	
8660233	0,019043	0,099	0,00188525	1560386413998	1	1	-2	
8660234	0,01906	0,413	0,00787178	1560386428985	0	1	1	
8660235	0,019052	1,295	0,02467234	1560386463680	1	1	-1	
8660236	0,01906	2,188	0,04170328	1560386467714	0	1	1	
8660237	0,019047	0,412	0,00784736	1560386487001	1	1	-1	
8660238	0,019046	0,073	0,00139035	1560386487001	1	1	-2	
8660239	0,01906	0,252	0,00480312	1560386492784	0	1	1	
8660240	0,01906	0,596	0,01135976	1560386513132	0	1	0	
8660241	0,019053	3,169	0,06037895	1560386536479	0	1	-1	
8660242	0,01906	1,381	0,02632186	1560386536491	0	1	1	
8660243	0,019061	0,8	0,0152488	1560386540189	0	1	2	
8660244	0,019064	0,449	0,00855973	1560386543229	0	1	3	
8660245	0,019054	0,252	0,0048016	1560386544632	1	1	-1	
8660246	0,019053	0,346	0,00659233	1560386544632	1	1	-2	
8660247	0,019073	0,063	0,00120159	1560386556979	0	1	1	
8660248	0,019054	0,063	0,0012004	1560386562807	1	1	-1	
8660249	0,019053	0,027	0,00051443	1560386562807	1	1	-2	
8660250	0,01906	5,373	0,10240938	1560386565168	1	1	1	
8660251	0,019066	0,599	0,01142053	1560386596547	0	1	2	
8660252	0,01907	1,955	0,03728185	1560386596547	0	1	3	
8660253	0,019066	0,599	0,01142053	1560386600184	1	1	-1	
8660254	0,019059	0,057	0,00108636	1560386605874	1	1	-2	
8660255	0,01907	0,086	0,00164002	1560386610540	0	1	1	
8660256	0,019064	0,452	0,00861692	1560386632836	0	1	-1	
8660257	0,019064	2,486	0,0473931	1560386632842	0	1	0	
8660258	0,019069	0,452	0,00861918	1560386670442	0	1	1	
8660259	0,01907	0,924	0,01762068	1560386673505	1	1	2	
8660260	0,019074	0,8	0,0152592	1560386678480	0	1	3	
8660261	0,019079	0,25	0,00476975	1560386678480	0	1	4	
8660262	0,01908	0,25	0,00477	1560386678480	0	1	5	
8660263	0,01908	0,25	0,00477	1560386678480	0	1	0	
8660264	0,019081	1,258	0,02400389	1560386678480	0	1	1	
8660265	0,019081	1	0,019081	1560386679383	0	1	0	
8660266	0,019081	0,422	0,00805218	1560386679425	0	1	0	
8660267	0,019074	0,255	0,00486387	1560386686479	1	1	-1	
8660268	0,019087	1,452	0,02771432	1560386697046	0	1	1	
8660269	0,019088	0,099	0,00188971	1560386700018	0	1	2	
8660270	0,019088	0,151	0,00288228	1560386712395	0	1	0	
8660271	0,019088	0,412	0,00786425	1560386712395	0	1	0	
8660272	0,019093	0,25	0,00477325	1560386713651	0	1	1	
8660273	0,019094	0,25	0,0047735	1560386713898	0	1	2	
8660274	0,0191	0,228	0,0043548	1560386713898	0	1	3	
8660275	0,019095	1	0,019095	1560386723796	1	1	-1	
8660276	0,019095	0,267	0,00509836	1560386725334	1	1	0	
8660277	0,019095	0,187	0,00357076	1560386738018	0	1	0	
8660278	0,019095	0,813	0,01552423	1560386752494	0	1	0	
8660279	0,019095	0,087	0,00166126	1560386776354	1	1	0	
8660280	0,019096	0,694	0,01325262	1560386782604	0	1	1	
8660281	0,019096	1,015	0,01938244	1560386782608	0	1	0	
8660282	0,019096	0,694	0,01325262	1560386783194	1	1	0	
8660283	0,019095	0,053	0,00101203	1560386830195	1	1	-1	
8660284	0,019097	0,482	0,00920475	1560386850088	0	1	1	
8660285	0,019097	1,903	0,03634159	1560386850116	0	1	0	
8660286	0,019097	3,097	0,0591434	1560386850116	0	1	0	
8660287	0,019093	3,322	0,06342694	1560386868446	0	1	-1	
8660288	0,019099	1,495	0,028553	1560386868446	0	1	1	
8660289	0,0191	0,022	0,0004202	1560386880737	0	1	2	
8660290	0,0191	0,25	0,004775	1560386880737	0	1	0	
8660291	0,019101	0,25	0,00477525	1560386880737	0	1	1	
8660292	0,019103	0,25	0,00477575	1560386880737	0	1	2	
8660293	0,019103	0,25	0,00477575	1560386880737	0	1	0	
8660294	0,019103	0,25	0,00477575	1560386880737	0	1	0	
8660295	0,019104	0,007	0,00013372	1560386880737	0	1	1	
8660296	0,019104	0,243	0,00464227	1560386881478	0	1	0	
8660297	0,019107	0,25	0,00477675	1560386881478	0	1	1	
8660298	0,019108	0,25	0,004777	1560386881478	0	1	2	
8660299	0,019109	2,02	0,03860018	1560386905908	0	1	3	
8660300	0,01911	0,25	0,0047775	1560386913194	0	1	4	
8660301	0,01911	0,25	0,0047775	1560386913194	0	1	0	
8660302	0,019104	0,8	0,0152832	1560386913302	1	1	-1	
8660303	0,019111	0,25	0,00477775	1560386924197	0	1	1	
8660304	0,019111	0,25	0,00477775	1560386924197	0	1	0	
8660305	0,019111	0,25	0,00477775	1560386924197	0	1	0	
8660306	0,019111	0,25	0,00477775	1560386924197	0	1	0	
8660307	0,019112	0,25	0,004778	1560386926287	0	1	1	
8660308	0,019112	0,25	0,004778	1560386926287	0	1	0	
8660309	0,019112	0,25	0,004778	1560386926287	0	1	0	
8660310	0,019118	0,5	0,009559	1560386933471	0	1	1	
8660311	0,019123	0,25	0,00478075	1560386935329	0	1	2	
8660312	0,019119	4,507	0,08616933	1560386936001	0	1	-1	
8660313	0,019125	0,25	0,00478125	1560386936305	0	1	1	
8660314	0,019134	0,25	0,0047835	1560386941109	0	1	2	
8660315	0,019136	0,25	0,004784	1560386941225	0	1	3	
8660316	0,019136	0,25	0,004784	1560386941225	0	1	0	
8660317	0,019132	0,352	0,00673446	1560386950489	1	1	-1	
8660318	0,01915	0,8	0,01532	1560386967560	0	1	1	
8660319	0,019159	0,352	0,00674396	1560386967560	0	1	2	
8660320	0,019159	0,67	0,01283653	1560386967560	0	1	0	
8660321	0,01916	4,089	0,07834524	1560386970311	0	1	1	
8660322	0,019155	0,41	0,00785355	1560386972873	1	1	-1	
8660323	0,019155	0,011	0,0002107	1560386972873	1	1	0	
8660324	0,019169	0,053	0,00101595	1560386975777	0	1	1	
8660325	0,019159	0,427	0,00818089	1560386983144	0	1	-1	
8660326	0,019166	1,454	0,02786736	1560386985407	0	1	1	
8660327	0,019169	0,008	0,00015335	1560386990118	0	1	2	
8660328	0,019169	0,06	0,00115014	1560386990118	0	1	0	
8660329	0,019169	0,052	0,00099678	1560386998238	1	1	0	
8660330	0,019169	0,011	0,00021085	1560386998238	1	1	0	
8660331	0,019169	0,194	0,00371878	1560386999121	1	1	0	
8660332	0,019169	0,076	0,00145684	1560387008263	1	1	0	
8660333	0,019169	0,519	0,00994871	1560387008342	1	1	0	
8660334	0,019169	0,244	0,00467723	1560387008342	1	1	0	
8660335	0,01917	0,105	0,00201285	1560387009631	0	1	1	
8660336	0,01917	0,054	0,00103518	1560387016948	0	1	0	
8660337	0,019175	1	0,019175	1560387024183	0	1	1	
8660338	0,019173	1,067	0,02045759	1560387024339	1	1	-1	
8660339	0,019175	0,13	0,00249275	1560387035304	0	1	1	
8660340	0,019175	0,81	0,01553175	1560387039180	0	1	0	
8660341	0,019176	0,25	0,004794	1560387039445	0	1	1	
8660342	0,019183	0,112	0,00214849	1560387062514	0	1	2	
8660343	0,019184	0,053	0,00101675	1560387062577	0	1	3	
8660344	0,019187	0,336	0,00644683	1560387064526	0	1	4	
8660345	0,019188	0,093	0,00178448	1560387064580	0	1	5	
8660346	0,019189	0,093	0,00178457	1560387066571	0	1	6	
8660347	0,019189	0,25	0,00479725	1560387066571	0	1	0	
8660348	0,019194	0,527	0,01011523	1560387068269	0	1	1	
8660349	0,019196	0,106	0,00203477	1560387069372	0	1	2	
8660350	0,019204	0,422	0,00810408	1560387070354	0	1	3	
8660351	0,019197	0,167	0,00320589	1560387071060	1	1	-1	
8660352	0,019213	0,053	0,00101828	1560387074028	0	1	1	
8660353	0,019214	0,394	0,00757031	1560387074028	0	1	2	
8660354	0,019206	0,064	0,00122918	1560387077501	1	1	-1	
8660355	0,019214	0,016	0,00030742	1560387082031	0	1	1	
8660356	0,019215	0,129	0,00247873	1560387083648	0	1	2	
8660357	0,019214	0,037	0,00071091	1560387084206	1	1	-1	
8660358	0,019214	12	0,230568	1560387084206	1	1	0	
8660359	0,019214	0,8	0,0153712	1560387084206	1	1	0	
8660360	0,019214	0,8	0,0153712	1560387085206	1	1	0	
8660361	0,019215	0,291	0,00559156	1560387089484	0	1	1	
8660362	0,019215	0,067	0,0012874	1560387089776	1	1	0	
8660363	0,019215	0,941	0,01808131	1560387090206	1	1	0	
8660364	0,01922	0,5	0,00961	1560387091067	0	1	1	
8660365	0,01922	0,808	0,01552976	1560387091067	0	1	0	
8660366	0,019226	0,492	0,00945919	1560387091067	0	1	1	
8660367	0,019229	2,631	0,05059149	1560387091067	0	1	2	
8660368	0,019232	0,21	0,00403872	1560387091067	0	1	3	
8660369	0,019232	0,21	0,00403872	1560387091067	0	1	0	
8660370	0,019232	0,21	0,00403872	1560387091067	0	1	0	
8660371	0,019232	0,21	0,00403872	1560387091067	0	1	0	
8660372	0,019232	0,21	0,00403872	1560387091067	0	1	0	
8660373	0,019232	0,21	0,00403872	1560387091067	0	1	0	
8660374	0,019232	0,21	0,00403872	1560387091067	0	1	0	
8660375	0,019232	0,21	0,00403872	1560387091067	0	1	0	
8660376	0,019232	0,21	0,00403872	1560387091067	0	1	0	
8660377	0,019232	0,203	0,00390409	1560387091067	0	1	0	
8660378	0,019235	0,112	0,00215432	1560387091067	0	1	1	
8660379	0,019243	1,184	0,02278371	1560387091067	0	1	2	
8660380	0,019244	2,258	0,04345295	1560387091067	0	1	3	
8660381	0,019244	1,848	0,03556291	1560387091067	0	1	0	
8660382	0,019244	2,258	0,04345295	1560387091067	0	1	0	
8660383	0,019244	2,258	0,04345295	1560387091067	0	1	0	
8660384	0,019244	2,258	0,04345295	1560387091067	0	1	0	
8660385	0,019244	2,258	0,04345295	1560387091067	0	1	0	
8660386	0,019244	2,258	0,04345295	1560387091067	0	1	0	
8660387	0,019244	1,598	0,03075191	1560387091067	0	1	0	
8660388	0,019245	12,405	0,23873422	1560387091067	0	1	1	
8660389	0,019247	3,651	0,07027079	1560387091067	0	1	2	
8660390	0,019252	0,08	0,00154016	1560387091067	0	1	3	
8660391	0,019252	3,65	0,0702698	1560387091067	0	1	0	
8660392	0,019258	0,053	0,00102067	1560387091067	0	1	1	
8660393	0,019261	0,106	0,00204166	1560387091067	0	1	2	
8660394	0,019262	0,087	0,00167579	1560387091067	0	1	3	
8660395	0,019264	20,81	0,40088384	1560387091067	0	1	4	
8660396	0,019267	0,068	0,00131015	1560387091067	0	1	5	
8660397	0,019267	0,068	0,00131015	1560387091067	0	1	0	
8660398	0,019267	0,068	0,00131015	1560387091067	0	1	0	
8660399	0,019267	0,068	0,00131015	1560387091067	0	1	0	
8660400	0,019267	0,068	0,00131015	1560387091067	0	1	0	
8660401	0,019267	0,068	0,00131015	1560387091067	0	1	0	
8660402	0,019267	0,068	0,00131015	1560387091067	0	1	0	
8660403	0,019267	0,068	0,00131015	1560387091067	0	1	0	
8660404	0,019267	0,068	0,00131015	1560387091067	0	1	0	
8660405	0,019267	0,064	0,00123308	1560387091067	0	1	0	
8660406	0,019269	0,067	0,00129102	1560387091067	0	1	1	
8660407	0,019271	0,027	0,00052031	1560387091067	0	1	2	
8660408	0,019271	3	0,057813	1560387091201	0	1	0	
8660409	0,019256	2	0,038512	1560387092210	0	1	-1	
8660410	0,019255	1	0,019255	1560387093315	0	1	-2	
8660411	0,019263	2	0,038526	1560387095209	0	1	1	
8660412	0,019263	0,053	0,00102093	1560387097997	1	1	0	
8660413	0,019258	0,8	0,0154064	1560387101414	0	1	-1	
8660414	0,019259	21,163	0,40757821	1560387101414	0	1	1	
8660415	0,019259	1,033	0,01989454	1560387101775	0	1	0	
8660416	0,019227	0,06	0,00115362	1560387103569	1	1	-1	
8660417	0,019226	0,059	0,00113433	1560387103569	1	1	-2	
8660418	0,019248	0,059	0,00113563	1560387108590	0	1	1	
8660419	0,019248	0,019	0,00036571	1560387109200	1	1	0	
8660420	0,019228	0,407	0,00782579	1560387109279	1	1	-1	
8660421	0,019227	0,612	0,01176692	1560387109279	1	1	-2	
8660422	0,019246	0,1	0,0019246	1560387110970	0	1	1	
8660423	0,019246	0,7	0,0134722	1560387112206	0	1	0	
8660424	0,019246	0,3	0,0057738	1560387112206	0	1	0	
8660425	0,019236	2,794	0,05374538	1560387112446	1	1	-1	
8660426	0,019247	1	0,019247	1560387115238	0	1	1	
8660427	0,019237	0,947	0,01821743	1560387130203	1	1	-1	
8660428	0,019242	0,8	0,0153936	1560387147222	1	1	1	
8660429	0,019241	3,431	0,06601587	1560387147222	1	1	-1	
8660430	0,01924	3,035	0,0583934	1560387147222	1	1	-2	
8660431	0,019238	3,48	0,06694824	1560387148079	0	1	-3	
8660432	0,019238	20,773	0,39963097	1560387148280	0	1	0	
8660433	0,019238	10,249	0,19717026	1560387148296	0	1	0	
8660434	0,019247	0,235	0,00452304	1560387148630	0	1	1	
8660435	0,019247	0,053	0,00102009	1560387148630	0	1	0	
8660436	0,019249	0,8	0,0153992	1560387148630	0	1	1	
8660437	0,019256	0,107	0,00206039	1560387148630	0	1	2	
8660438	0,019257	0,395	0,00760651	1560387148630	0	1	3	
8660439	0,019242	0,394	0,00758134	1560387152594	1	1	-1	
8660440	0,019243	20	0,38486	1560387153238	1	1	1	
8660441	0,019245	20,763	0,39958393	1560387153401	0	1	2	
8660442	0,019245	1,271	0,02446039	1560387153864	0	1	0	
8660443	0,019245	11,702	0,22520499	1560387153970	0	1	0	
8660444	0,019245	3,753	0,07222648	1560387154856	0	1	0	
8660445	0,019245	4,31	0,08294595	1560387155177	0	1	0	
8660446	0,019245	0,576	0,01108512	1560387158096	1	1	0	
8660447	0,019244	0,8	0,0153952	1560387159205	1	1	-1	
8660448	0,019242	1,908	0,03671373	1560387160070	0	1	-2	
8660449	0,019239	0,8	0,0153912	1560387162689	1	1	-3	
8660450	0,019235	10,397	0,19998629	1560387163422	1	1	-4	
8660451	0,019241	0,112	0,00215499	1560387170137	0	1	1	
8660452	0,019227	3,067	0,0589692	1560387179204	1	1	-1	
8660453	0,019221	3,483	0,06694674	1560387181213	1	1	-2	
8660454	0,01922	0,155	0,0029791	1560387182201	1	1	-3	
8660455	0,01922	2,602	0,05001044	1560387184204	1	1	0	
8660456	0,019227	0,267	0,0051336	1560387189615	0	1	1	
8660457	0,019222	0,056	0,00107643	1560387189849	1	1	-1	
8660458	0,019222	0,055	0,00105721	1560387194891	1	1	0	
8660459	0,019221	0,055	0,00105715	1560387201369	0	1	-1	
8660460	0,019221	0,798	0,01533835	1560387201369	0	1	0	
8660461	0,019221	0,063	0,00121092	1560387201577	1	1	0	
8660462	0,019222	0,499	0,00959177	1560387204716	1	1	1	
8660463	0,019222	0,055	0,00105721	1560387205878	1	1	0	
8660464	0,019228	0,268	0,0051531	1560387207676	0	1	1	
8660465	0,01923	0,651	0,01251873	1560387213076	0	1	2	
8660466	0,019231	0,055	0,0010577	1560387214049	0	1	3	
8660467	0,019241	0,406	0,00781184	1560387214049	0	1	4	
8660468	0,019241	0,282	0,00542596	1560387219016	0	1	0	
8660469	0,019234	2,925	0,05625945	1560387222211	1	1	-1	
8660470	0,019241	5,695	0,10957749	1560387222568	0	1	1	
8660471	0,019241	4,58	0,08812378	1560387222674	0	1	0	
8660472	0,01924	0,637	0,01225588	1560387225098	0	1	-1	