127345984	0,03206	0,047	0,00150682	1560386724673	0	1	0	
127345985	0,032061	4	0,128244	1560386725191	0	1	1	
127345986	0,032061	5,142	0,16485766	1560386725570	1	1	0	
127345987	0,032062	2	0,064124	1560386726197	0	1	1	
127345988	0,032062	0,325	0,01042015	1560386726215	0	1	0	
127345989	0,032064	1,84	0,05899776	1560386726301	0	1	1	
127345990	0,032063	0,799	0,02561833	1560386726701	1	1	-1	
127345991	0,032062	7,09	0,22731958	1560386726701	1	1	-2	
127345992	0,032065	0,467	0,01497435	1560386727284	1	1	1	
127345993	0,032064	3,923	0,12578707	1560386727284	1	1	-1	
127345994	0,032066	0,013	0,00041685	1560386727311	0	1	1	
127345995	0,032066	0,066	0,00211635	1560386727311	0	1	0	
127345996	0,032065	0,173	0,00554724	1560386727387	1	1	-1	
127345997	0,032067	0,037	0,00118647	1560386727553	0	1	1	
127345998	0,032065	0,294	0,00942711	1560386727667	1	1	-1	
127345999	0,032064	3,848	0,12338227	1560386727667	1	1	-2	
127346000	0,032065	0,467	0,01497435	1560386727723	1	1	1	
127346001	0,032064	0,803	0,02574739	1560386727723	1	1	-1	
127346002	0,032066	0,345	0,01106277	1560386728179	0	1	1	
127346003	0,032066	0,986	0,03161707	1560386728189	0	1	0	
127346004	0,032066	5,104	0,16366486	1560386728415	1	1	0	
127346005	0,032066	8,896	0,28525913	1560386729041	1	1	0	
127346006	0,032066	2,603	0,08346779	1560386729041	1	1	0	
127346007	0,032067	0,039	0,00125061	1560386729115	0	1	1	
127346008	0,032066	0,369	0,01183235	1560386729138	1	1	-1	
127346009	0,032067	0,092	0,00295016	1560386729217	0	1	1	
127346010	0,032067	0,214	0,00686233	1560386729240	0	1	0	
127346011	0,032067	0,084	0,00269362	1560386729407	1	1	0	
127346012	0,032068	0,054	0,00173167	1560386729426	0	1	1	
127346013	0,032067	5,021	0,1610084	1560386729468	1	1	-1	
127346014	0,032067	3,895	0,12490096	1560386730488	1	1	0	
127346015	0,032067	1,758	0,05637378	1560386730488	1	1	0	
127346016	0,032066	0,931	0,02985344	1560386731187	1	1	-1	
127346017	0,032068	0,014	0,00044895	1560386731766	0	1	1	
127346018	0,032077	0,024	0,00076984	1560386731766	0	1	2	
127346019	0,032077	0,654	0,02097835	1560386731923	0	1	0	
127346020	0,032068	0,1	0,0032068	1560386732134	1	1	-1	
127346021	0,032068	0,367	0,01176895	1560386732694	1	1	0	
127346022	0,032067	0,712	0,0228317	1560386732742	1	1	-1	
127346023	0,032068	0,414	0,01327615	1560386732864	0	1	1	
127346024	0,03206	0,171	0,00548226	1560386732893	1	1	-1	
127346025	0,032057	0,467	0,01497061	1560386732893	1	1	-2	
127346026	0,032056	1,746	0,05596977	1560386732893	1	1	-3	
127346027	0,032056	1,183	0,03792224	1560386732893	1	1	0	
127346028	0,032062	0,067	0,00214815	1560386733080	1	1	1	
127346029	0,032065	1,949	0,06249468	1560386735216	1	1	2	
127346030	0,032065	0,454	0,01455751	1560386737172	1	1	0	
127346031	0,032067	0,888	0,02847549	1560386737754	1	1	1	
127346032	0,032067	1,434	0,04598407	1560386737756	1	1	0	
127346033	0,032068	0,002	0,00006413	1560386739970	0	1	1	
127346034	0,032073	0,035	0,00112255	1560386739970	0	1	2	
127346035	0,032068	0,035	0,00112238	1560386741676	1	1	-1	
127346036	0,032068	1,821	0,05839582	1560386741724	1	1	0	
127346037	0,032067	0,919	0,02946957	1560386741724	1	1	-1	
127346038	0,032067	0,034	0,00109027	1560386744175	0	1	0	
127346039	0,032072	0,003	0,00009621	1560386744175	0	1	1	
127346040	0,032068	1,613	0,05172568	1560386745155	1	1	-1	
127346041	0,03207	2,302	0,07382514	1560386745530	0	1	1	
127346042	0,03207	1,957	0,06276099	1560386747732	0	1	0	
127346043	0,032069	2,503	0,0802687	1560386748865	1	1	-1	
127346044	0,03207	0,036	0,00115452	1560386750385	0	1	1	
127346045	0,032068	0,325	0,0104221	1560386750476	1	1	-1	
127346046	0,03207	0,652	0,02090964	1560386750828	0	1	1	
127346047	0,032069	1,423	0,04563418	1560386752512	1	1	-1	
127346048	0,032069	0,543	0,01741346	1560386752964	1	1	0	
127346049	0,032069	1,152	0,03694348	1560386753080	1	1	0	
127346050	0,032068	1,741	0,05583038	1560386753276	1	1	-1	
127346051	0,032068	1,172	0,03758369	1560386753394	1	1	0	
127346052	0,032069	0,24	0,00769656	1560386754309	0	1	1	
127346053	0,032069	0,224	0,00718345	1560386754417	0	1	0	
127346054	0,032069	1,433	0,04595487	1560386754520	0	1	0	
127346055	0,03207	2,78	0,0891546	1560386754520	0	1	1	
127346056	0,03207	0,038	0,00121866	1560386754613	0	1	0	
127346057	0,032069	2,999	0,09617493	1560386754657	1	1	-1	
127346058	0,032069	0,001	0,00003206	1560386754769	1	1	0	
127346059	0,032069	1,329	0,0426197	1560386754769	1	1	0	
127346060	0,032069	0,734	0,02353864	1560386755181	1	1	0	
127346061	0,032069	0,065	0,00208448	1560386755572	1	1	0	
127346062	0,032069	0,094	0,00301448	1560386756284	1	1	0	
127346063	0,03207	2,491	0,07988637	1560386757502	0	1	1	
127346064	0,032072	4	0,128288	1560386757537	0	1	2	
127346065	0,032073	4,098	0,13143515	1560386757537	0	1	3	
127346066	0,032077	4	0,128308	1560386757537	0	1	4	
127346067	0,032082	1,967	0,06310529	1560386757537	0	1	5	
127346068	0,032071	0,101	0,00323917	1560386757939	1	1	-1	
127346069	0,032071	0,955	0,0306278	1560386758571	1	1	0	
127346070	0,03207	0,467	0,01497669	1560386758571	1	1	-1	
127346071	0,032069	1,239	0,03973349	1560386758571	1	1	-2	
127346072	0,032069	7,339	0,23535439	1560386758571	1	1	0	
127346073	0,03207	0,333	0,01067931	1560386760703	1	1	1	
127346074	0,03207	1,171	0,03755397	1560386761375	1	1	0	
127346075	0,03207	0,367	0,01176969	1560386761396	1	1	0	
127346076	0,03207	1,171	0,03755397	1560386761399	0	1	0	
127346077	0,032075	0,13	0,00416975	1560386761399	0	1	1	
127346078	0,032069	0,199	0,00638173	1560386762392	1	1	-1	
127346079	0,032068	0,001	0,00003206	1560386762481	1	1	-2	
127346080	0,032068	0,197	0,00631739	1560386762481	1	1	0	
127346081	0,032073	0,036	0,00115462	1560386763010	0	1	1	
127346082	0,032066	2,967	0,09513982	1560386763443	1	1	-1	
127346083	0,032073	1,196	0,0383593	1560386763447	0	1	1	
127346084	0,032067	0,066	0,00211642	1560386765819	1	1	-1	
127346085	0,032061	0,193	0,00618777	1560386766609	1	1	-2	
127346086	0,03206	0,392	0,01256752	1560386766609	1	1	-3	
127346087	0,032071	1,507	0,04833099	1560386767161	0	1	1	
127346088	0,032077	0,038	0,00121892	1560386767215	0	1	2	
127346089	0,032063	0,097	0,00311011	1560386768185	1	1	-1	
127346090	0,032059	4,676	0,14990788	1560386768185	1	1	-2	
127346091	0,032059	5,227	0,16757239	1560386768185	1	1	0	
127346092	0,032071	0,07	0,00224497	1560386768970	0	1	1	
127346093	0,032059	0,036	0,00115412	1560386769919	1	1	-1	
127346094	0,032063	0,444	0,01423597	1560386770002	1	1	1	
127346095	0,03207	2,23	0,0715161	1560386770006	0	1	2	
127346096	0,032062	1,013	0,0324788	1560386771100	1	1	-1	
127346097	0,032062	0,467	0,01497295	1560386771100	1	1	0	
127346098	0,032062	0,427	0,01369047	1560386771100	1	1	0	
127346099	0,032083	0,036	0,00115498	1560386771417	0	1	1	
127346100	0,032068	0,854	0,02738607	1560386773381	1	1	-1	
127346101	0,032067	0,467	0,01497528	1560386773381	1	1	-2	
127346102	0,032063	8	0,256504	1560386773381	1	1	-3	
127346103	0,032062	0,643	0,02061586	1560386773381	1	1	-4	
127346104	0,032062	0,036	0,00115423	1560386773381	1	1	0	
127346105	0,032065	1,207	0,03870245	1560386776532	0	1	1	
127346106	0,032057	0,44	0,01410508	1560386777185	1	1	-1	
127346107	0,032072	0,036	0,00115459	1560386777629	0	1	1	
127346108	0,032072	0,327	0,01048754	1560386777913	0	1	0	
127346109	0,032062	0,853	0,02734888	1560386779818	1	1	-1	
127346110	0,032065	2,901	0,09302056	1560386781725	0	1	1	
127346111	0,032068	0,035	0,00112238	1560386781857	0	1	2	
127346112	0,032068	0,034	0,00109031	1560386784657	0	1	0	
127346113	0,032061	0,306	0,00981066	1560386785217	1	1	-1	
127346114	0,032065	1,664	0,05335616	1560386785810	0	1	1	
127346115	0,032068	1,396	0,04476692	1560386785816	0	1	2	
127346116	0,03207	0,038	0,00121866	1560386786099	0	1	3	
127346117	0,032069	0,312	0,01000552	1560386786538	1	1	-1	
127346118	0,032063	1,793	0,05748895	1560386786538	1	1	-2	
127346119	0,032063	0,467	0,01497342	1560386786538	1	1	0	
127346120	0,032063	2,06	0,06604978	1560386786538	1	1	0	
127346121	0,032062	5,368	0,17210881	1560386786538	1	1	-1	
127346122	0,032069	0,111	0,00355965	1560386786935	0	1	1	
127346123	0,03207	0,304	0,00974928	1560386787929	0	1	2	
127346124	0,032069	2,313	0,07417559	1560386789522	0	1	-1	
127346125	0,032066	1,571	0,05037568	1560386789526	1	1	-2	
127346126	0,03207	0,035	0,00112245	1560386790246	0	1	1	
127346127	0,032068	0,193	0,00618912	1560386791823	0	1	-1	
127346128	0,032065	0,65	0,02084225	1560386791998	1	1	-2	
127346129	0,03206	4,677	0,14994462	1560386793199	1	1	-3	
127346130	0,03206	1,979	0,06344674	1560386793199	1	1	0	
127346131	0,032068	1,675	0,0537139	1560386793725	0	1	1	
127346132	0,032069	0,824	0,02642485	1560386793725	0	1	2	
127346133	0,03207	0,09	0,0028863	1560386793725	0	1	3	
127346134	0,032074	0,038	0,00121881	1560386794457	0	1	4	
127346135	0,03207	1,949	0,06250443	1560386794463	1	1	-1	
127346136	0,03207	10	0,3207	1560386794545	1	1	0	
127346137	0,032071	1,487	0,04768957	1560386795103	1	1	1	
127346138	0,03207	2,434	0,07805838	1560386795211	1	1	-1	
127346139	0,032071	3,591	0,11516696	1560386795528	0	1	1	
127346140	0,03207	3,06	0,0981342	1560386795548	1	1	-1	
127346141	0,03207	0,003	0,00009621	1560386797187	1	1	0	
127346142	0,032068	0,036	0,00115444	1560386798659	0	1	-1	
127346143	0,032065	4,243	0,13605179	1560386799519	1	1	-2	
127346144	0,032061	1,721	0,05517698	1560386801394	1	1	-3	
127346145	0,032066	1,819	0,05832805	1560386802469	0	1	1	
127346146	0,032062	3,291	0,10551604	1560386802472	0	1	-1	
127346147	0,032061	0,251	0,00804731	1560386803345	1	1	-2	
127346148	0,03206	0,252	0,00807912	1560386803446	1	1	-3	
127346149	0,03206	0,074	0,00237244	1560386803787	1	1	0	
127346150	0,03207	0,038	0,00121866	1560386804868	0	1	1	
127346151	0,032066	0,691	0,0221576	1560386805471	1	1	-1	
127346152	0,03206	1,493	0,04786558	1560386805972	1	1	-2	
127346153	0,032056	1,504	0,04821222	1560386805972	1	1	-3	
127346154	0,032057	1,127	0,03612823	1560386807636	1	1	1	
127346155	0,032068	0,036	0,00115444	1560386809071	0	1	2	
127346156	0,032059	1,274	0,04084316	1560386809223	1	1	-1	
127346157	0,032065	1,631	0,05229801	1560386809717	0	1	1	
127346158	0,03206	0,779	0,02497474	1560386811784	0	1	-1	
127346159	0,032065	0,283	0,00907439	1560386812141	0	1	1	
127346160	0,032064	0,038	0,00121843	1560386813277	0	1	-1	
127346161	0,032061	1,492	0,04783501	1560386814165	0	1	-2	
127346162	0,032064	1,965	0,06300576	1560386814176	0	1	1	
127346163	0,03206	1,736	0,05565616	1560386816921	0	1	-1	
127346164	0,032064	2,028	0,06502579	1560386816924	0	1	1	
127346165	0,032059	1,339	0,042927	1560386817213	1	1	-1	
127346166	0,032065	0,077	0,002469	1560386817263	0	1	1	
127346167	0,032062	2,179	0,06986309	1560386818976	0	1	-1	
127346168	0,032059	0,766	0,02455719	1560386818988	1	1	-2	
127346169	0,032065	0,038	0,00121847	1560386819488	0	1	1	
127346170	0,03206	0,124	0,00397544	1560386820600	1	1	-1	
127346171	0,032059	1,07	0,03430313	1560386820600	1	1	-2	
127346172	0,032056	0,223	0,00714848	1560386820600	1	1	-3	
127346173	0,032055	4,083	0,13088056	1560386820600	1	1	-4	
127346174	0,032063	0,12	0,00384756	1560386821738	0	1	1	
127346175	0,03206	3,825	0,1226295	1560386821754	0	1	-1	
127346176	0,032063	2,566	0,08227365	1560386821758	0	1	1	
127346177	0,032068	9,99	0,32035932	1560386821789	1	1	2	
127346178	0,032068	0,01	0,00032068	1560386822198	1	1	0	
127346179	0,032063	0,12	0,00384756	1560386823416	1	1	-1	
127346180	0,032057	0,813	0,02606234	1560386824305	0	1	-2	
127346181	0,032055	0,787	0,02522728	1560386825239	1	1	-3	
127346182	0,032057	0,9	0,0288513	1560386825619	0	1	1	
127346183	0,032058	0,311	0,00997003	1560386825719	0	1	2	
127346184	0,032058	0,036	0,00115408	1560386825745	0	1	0	
127346185	0,032058	0,37	0,01186146	1560386825928	0	1	0	
127346186	0,032058	3,715	0,11909547	1560386826011	0	1	0	
127346187	0,032065	0,2	0,006413	1560386826022	0	1	1	
127346188	0,032065	1,277	0,040947	1560386826525	0	1	0	
127346189	0,032065	0,567	0,01818085	1560386826658	0	1	0	
127346190	0,032065	1,925	0,06172512	1560386826658	0	1	0	
127346191	0,032065	1,717	0,0550556	1560386826744	1	1	0	
127346192	0,032067	0,298	0,00955596	1560386826867	0	1	1	
127346193	0,032067	0,035	0,00112234	1560386826967	0	1	0	
127346194	0,032066	0,341	0,0109345	1560386827537	1	1	-1	
127346195	0,032066	6,756	0,21663789	1560386827537	1	1	0	
127346196	0,032066	0,998	0,03200186	1560386827813	1	1	0	
127346197	0,032066	0,636	0,02039397	1560386827813	1	1	0	
127346198	0,032066	0,767	0,02459462	1560386827922	1	1	0	
127346199	0,032066	2,924	0,09376098	1560386829831	1	1	0	
127346200	0,032067	0,037	0,00118647	1560386829907	0	1	1	
127346201	0,032066	0,033	0,00105817	1560386830160	1	1	-1	
127346202	0,032067	7,851	0,25175801	1560386831263	0	1	1	
127346203	0,032067	1,545	0,04954351	1560386831375	0	1	0	
127346204	0,032068	0,764	0,02449995	1560386832450	1	1	1	
127346205	0,032068	3,215	0,10309862	1560386832691	1	1	0	
127346206	0,032068	3,941	0,12637998	1560386832691	1	1	0	
127346207	0,032067	2,844	0,09119854	1560386832691	1	1	-1	
127346208	0,032074	0,042	0,0013471	1560386833909	0	1	1	
127346209	0,03207	4,066	0,13039662	1560386834779	0	1	-1	
127346210	0,032068	1,489	0,04774925	1560386834789	1	1	-2	
127346211	0,03207	0,034	0,00109038	1560386835283	0	1	1	
127346212	0,032074	0,037	0,00118673	1560386836114	0	1	2	
127346213	0,03207	1,838	0,05894466	1560386837224	1	1	-1	
127346214	0,032069	0,327	0,01048656	1560386837224	1	1	-2	
127346215	0,032072	2,666	0,08550395	1560386837711	1	1	1	
127346216	0,032069	0,002	0,00006413	1560386837818	1	1	-1	
127346217	0,032067	1,629	0,05223714	1560386837818	1	1	-2	
127346218	0,032067	0,066	0,00211642	1560386838076	1	1	0	
127346219	0,032074	0,619	0,0198538	1560386839605	0	1	1	
127346220	0,032074	0,295	0,00946183	1560386839929	0	1	0	
127346221	0,032074	0,036	0,00115466	1560386840321	0	1	0	
127346222	0,032069	2,194	0,07035938	1560386840774	1	1	-1	
127346223	0,032069	0,002	0,00006413	1560386841271	1	1	0	
127346224	0,032068	0,934	0,02995151	1560386841271	1	1	-1	
127346225	0,032067	19,401	0,62213186	1560386841271	1	1	-2	
127346226	0,032073	0,034	0,00109048	1560386841579	0	1	1	
127346227	0,032073	0,97	0,03111081	1560386841688	0	1	0	
127346228	0,032069	1,149	0,03684728	1560386841897	1	1	-1	
127346229	0,032069	1,872	0,06003316	1560386842402	0	1	0	
127346230	0,032067	0,443	0,01420568	1560386842943	1	1	-1	
127346231	0,032072	0,035	0,00112252	1560386844524	0	1	1	
127346232	0,032069	0,76	0,02437244	1560386844536	1	1	-1	
127346233	0,032068	2,246	0,07202472	1560386845064	1	1	-2	
127346234	0,032067	0,76	0,02437092	1560386845301	1	1	-3	
127346235	0,032068	0,052	0,00166753	1560386846862	1	1	1	
127346236	0,032068	0,712	0,02283241	1560386847203	1	1	0	
127346237	0,032067	6,012	0,1927868	1560386848101	1	1	-1	
127346238	0,032067	0,038	0,00121854	1560386848739	1	1	0	
127346239	0,032068	2,031	0,0651301	1560386849679	1	1	1	
127346240	0,032067	7	0,224469	1560386850191	1	1	-1	
127346241	0,032067	0,262	0,00840155	1560386851199	1	1	0	
127346242	0,032057	0,036	0,00115405	1560386852932	1	1	-1	
127346243	0,032063	0,103	0,00330248	1560386855063	0	1	1	
127346244	0,03206	1,656	0,05309136	1560386856070	0	1	-1	
127346245	0,032057	0,038	0,00121816	1560386857143	1	1	-2	
127346246	0,032063	0,887	0,02843988	1560386857598	0	1	1	
127346247	0,032063	0,68	0,02180284	1560386858049	1	1	0	
127346248	0,032069	1,634	0,05240074	1560386858692	0	1	1	
127346249	0,032068	0,052	0,00166753	1560386860836	1	1	-1	
127346250	0,032068	0,035	0,00112238	1560386861360	1	1	0	
127346251	0,032068	1,678	0,0538101	1560386861684	1	1	0	
127346252	0,032068	0,062	0,00198821	1560386863879	1	1	0	
127346253	0,032068	0,666	0,02135728	1560386864705	1	1	0	
127346254	0,032071	1,943	0,06231395	1560386864708	0	1	1	
127346255	0,032068	0,229	0,00734357	1560386867224	0	1	-1	
127346256	0,032073	0,037	0,0011867	1560386867553	0	1	1	
127346257	0,032069	0,092	0,00295034	1560386867806	1	1	-1	
127346258	0,032069	0,387	0,0124107	1560386867914	1	1	0	
127346259	0,032072	0,568	0,01821689	1560386868432	0	1	1	
127346260	0,032069	1,428	0,04579453	1560386868437	1	1	-1	
127346261	0,032073	0,033	0,0010584	1560386870375	0	1	1	
127346262	0,03207	1,954	0,06266478	1560386871258	1	1	-1	
127346263	0,032071	5,283	0,16943109	1560386871549	0	1	1	
127346264	0,032069	0,187	0,0059969	1560386873717	1	1	-1	
127346265	0,032072	0,556	0,01783203	1560386874781	1	1	1	
127346266	0,03207	1,046	0,03354522	1560386874784	1	1	-1	
127346267	0,032068	0,092	0,00295025	1560386874800	1	1	-2	
127346268	0,032067	1,508	0,04835703	1560386874800	1	1	-3	
127346269	0,03207	0,035	0,00112245	1560386875779	0	1	1	
127346270	0,032068	2,702	0,08664773	1560386878671	0	1	-1	
127346271	0,032069	1,592	0,05105384	1560386878673	0	1	1	
127346272	0,032068	0,065	0,00208442	1560386880516	1	1	-1	
127346273	0,032067	0,001	0,00003206	1560386880516	1	1	-2	
127346274	0,032068	1,699	0,05448353	1560386881301	0	1	1	
127346275	0,032068	0,036	0,00115444	1560386881981	0	1	0	
127346276	0,032068	0,002	0,00006413	1560386883201	0	1	0	
127346277	0,03207	0,351	0,01125657	1560386883201	0	1	1	
127346278	0,032067	0,074	0,00237295	1560386883744	1	1	-1	
127346279	0,032067	0,066	0,00211642	1560386883985	1	1	0	
127346280	0,032067	0,416	0,01333987	1560386885014	1	1	0	
127346281	0,032067	0,435	0,01394914	1560386886111	1	1	0	
127346282	0,032056	0,755	0,02420228	1560386886111	1	1	-1	
127346283	0,032057	0,435	0,01394479	1560386886178	1	1	1	
127346284	0,032064	2,027	0,06499372	1560386887145	0	1	2	
127346285	0,032068	0,846	0,02712952	1560386887318	0	1	3	
127346286	0,032066	1,935	0,06204771	1560386887681	0	1	-1	
127346287	0,032067	0,435	0,01394914	1560386887681	0	1	1	
127346288	0,032067	0,511	0,01638623	1560386887681	0	1	0	
127346289	0,032067	0,181	0,00580412	1560386887864	1	1	0	
127346290	0,032071	0,036	0,00115455	1560386888182	0	1	1	
127346291	0,032067	1,482	0,04752329	1560386888538	1	1	-1	
127346292	0,032067	2,04	0,06541668	1560386888718	1	1	0	
127346293	0,032068	1,156	0,0370706	1560386891180	0	1	1	
127346294	0,03207	0,038	0,00121866	1560386892380	0	1	2	
127346295	0,032069	2,545	0,0816156	1560386892673	0	1	-1	
127346296	0,032068	0,646	0,02071592	1560386893714	1	1	-2	
127346297	0,032067	1,066	0,03418342	1560386893714	1	1	-3	
127346298	0,032067	0,247	0,00792054	1560386894756	1	1	0	
127346299	0,032068	0,818	0,02623162	1560386896239	0	1	1	
127346300	0,032069	1,661	0,0532666	1560386896243	0	1	2	
127346301	0,032067	3,839	0,12310521	1560386896355	1	1	-1	
127346302	0,032067	3,839	0,12310521	1560386896435	1	1	0	
127346303	0,032067	3,839	0,12310521	1560386896435	1	1	0	
127346304	0,032067	0,623	0,01997774	1560386896470	1	1	0	
127346305	0,032069	0,035	0,00112241	1560386896590	0	1	1	
127346306	0,032067	1,07	0,03431169	1560386898965	1	1	-1	
127346307	0,032067	1,07	0,03431169	1560386898968	1	1	0	
127346308	0,032067	1,458	0,04675368	1560386899828	1	1	0	
127346309	0,032067	4	0,128268	1560386900195	1	1	0	
127346310	0,032067	0,409	0,0131154	1560386900771	1	1	0	
127346311	0,032061	1,718	0,05508079	1560386901450	0	1	-1	
127346312	0,032052	0,467	0,01496828	1560386902032	1	1	-2	
127346313	0,032052	0,321	0,01028869	1560386902032	1	1	0	
127346314	0,032054	0,062	0,00198734	1560386902437	1	1	1	
127346315	0,032065	0,035	0,00112227	1560386902797	0	1	2	
127346316	0,032054	0,478	0,01532181	1560386902862	1	1	-1	
127346317	0,032054	1,127	0,03612485	1560386903825	1	1	0	
127346318	0,032058	0,998	0,03199388	1560386904844	0	1	1	
127346319	0,032053	0,167	0,00535285	1560386905968	1	1	-1	
127346320	0,03206	0,035	0,0011221	1560386907017	0	1	1	
127346321	0,032058	1,258	0,04032896	1560386909823	0	1	-1	
127346322	0,03206	0,182	0,00583492	1560386910766	0	1	1	
127346323	0,032059	0,246	0,00788651	1560386911094	0	1	-1	
127346324	0,032058	0,038	0,0012182	1560386911211	0	1	-2	
127346325	0,032056	1,941	0,06222069	1560386911496	0	1	-3	
127346326	0,032051	0,5	0,0160255	1560386911861	1	1	-4	
127346327	0,032058	1,409	0,04516972	1560386913589	0	1	1	
127346328	0,032053	2,007	0,06433037	1560386917010	1	1	-1	
127346329	0,032059	0,036	0,00115412	1560386917423	0	1	1	
127346330	0,032053	0,359	0,01150702	1560386917929	1	1	-1	
127346331	0,032058	2,138	0,06854	1560386920186	0	1	1	
127346332	0,032055	0,569	0,01823929	1560386920976	1	1	-1	
127346333	0,03206	0,036	0,00115416	1560386921626	0	1	1	
127346334	0,03205	0,047	0,00150635	1560386922452	1	1	-1	
127346335	0,03205	0,106	0,0033973	1560386922572	1	1	0	
127346336	0,032054	1,593	0,05106202	1560386922718	1	1	1	
127346337	0,032058	1,52	0,04872816	1560386923780	0	1	2	
127346338	0,032059	1,736	0,05565442	1560386923780	0	1	3	
127346339	0,03206	1,73	0,0554638	1560386923941	1	1	4	
127346340	0,03206	6,332	0,20300392	1560386923950	1	1	0	
127346341	0,032051	0,181	0,00580123	1560386923950	1	1	-1	
127346342	0,032061	0,038	0,00121831	1560386925831	0	1	1	
127346343	0,032058	1,688	0,0541139	1560386926032	0	1	-1	
127346344	0,032058	1,431	0,04587499	1560386928267	0	1	0	
127346345	0,032061	0,035	0,00112213	1560386930047	0	1	1	
127346346	0,032061	4	0,128244	1560386930114	0	1	0	
127346347	0,032061	0,592	0,01898011	1560386931192	0	1	0	
127346348	0,03206	1,966	0,06302996	1560386931210	1	1	-1	
127346349	0,032059	1,438	0,04610084	1560386931210	1	1	-2	
127346350	0,032057	0,467	0,01497061	1560386931210	1	1	-3	
127346351	0,032056	0,423	0,01355968	1560386931210	1	1	-4	
127346352	0,032061	2,427	0,07781204	1560386931315	1	1	1	
127346353	0,032061	2,427	0,07781204	1560386931420	1	1	0	
127346354	0,032061	1,583	0,05075256	1560386931529	1	1	0	
127346355	0,032069	3,18	0,10197942	1560386932776	0	1	1	
127346356	0,032069	5,967	0,19135572	1560386933289	0	1	0	
127346357	0,03207	9,052	0,29029764	1560386933317	0	1	1	
127346358	0,032071	0,467	0,01497715	1560386933348	0	1	2	
127346359	0,032066	1,425	0,04569405	1560386933548	1	1	-1	
127346360	0,032066	0,3	0,0096198	1560386933709	1	1	0	
127346361	0,032066	3,072	0,09850675	1560386933709	1	1	0	
127346362	0,032066	4,548	0,14583616	1560386933749	1	1	0	
127346363	0,032066	1,988	0,0637472	1560386933807	1	1	0	
127346364	0,032066	12,465	0,39970269	1560386933974	1	1	0	
127346365	0,032066	0,219	0,00702245	1560386934106	1	1	0	
127346366	0,032066	0,328	0,01051764	1560386934555	1	1	0	
127346367	0,032074	0,071	0,00227725	1560386935270	0	1	1	
127346368	0,032067	0,868	0,02783415	1560386935479	1	1	-1	
127346369	0,032066	1,267	0,04062762	1560386935479	1	1	-2	
127346370	0,03207	0,933	0,02992131	1560386935930	1	1	1	
127346371	0,032074	0,979	0,03140044	1560386936247	0	1	2	
127346372	0,032074	7,021	0,22519155	1560386936247	0	1	0	
127346373	0,032074	0,55	0,0176407	1560386937233	0	1	0	
127346374	0,032075	1,791	0,05744632	1560386937233	0	1	1	
127346375	0,03208	2,695	0,0864556	1560386938189	0	1	2	
127346376	0,03208	1,051	0,03371608	1560386938189	0	1	0	
127346377	0,032083	0,093	0,00298371	1560386938189	0	1	1	
127346378	0,032083	1,125	0,03609337	1560386938192	0	1	0	
127346379	0,032083	1,218	0,03907709	1560386938192	0	1	0	
127346380	0,032083	1,218	0,03907709	1560386938192	0	1	0	
127346381	0,032083	0,278	0,00891907	1560386938192	0	1	0	
127346382	0,032082	0,634	0,02033998	1560386938969	0	1	-1	
127346383	0,032086	0,07	0,00224602	1560386938969	0	1	1	
127346384	0,032088	0,154	0,00494155	1560386938969	0	1	2	
127346385	0,032089	0,109	0,0034977	1560386938969	0	1	3	
127346386	0,032093	1,45	0,04653485	1560386938969	0	1	4	
127346387	0,032093	1,422	0,04563624	1560386938969	0	1	0	
127346388	0,032096	2,155	0,06916688	1560386939699	0	1	1	
127346389	0,032096	0,54	0,01733184	1560386939727	0	1	0	
127346390	0,032097	0,533	0,0171077	1560386939738	0	1	1	
127346391	0,032096	1,79	0,05745184	1560386940100	1	1	-1	
127346392	0,032095	0,467	0,01498836	1560386940100	1	1	-2	
127346393	0,032094	3,103	0,09958768	1560386940100	1	1	-3	
127346394	0,032094	1,819	0,05837898	1560386940100	1	1	0	
127346395	0,032094	5,457	0,17513695	1560386940100	1	1	0	
127346396	0,032089	0,709	0,0227511	1560386940100	1	1	-1	
127346397	0,032088	2,497	0,08012373	1560386940100	1	1	-2	
127346398	0,0321	0,037	0,0011877	1560386940204	0	1	1	
127346399	0,0321	0,125	0,0040125	1560386940204	0	1	0	
127346400	0,032103	0,037	0,00118781	1560386940457	0	1	1	
127346401	0,032099	0,515	0,01653098	1560386940859	0	1	-1	
127346402	0,032099	0,515	0,01653098	1560386940869	0	1	0	
127346403	0,032099	0,683	0,02192361	1560386940966	0	1	0	
127346404	0,032099	6	0,192594	1560386941193	0	1	0	
127346405	0,032099	0,287	0,00921241	1560386941200	0	1	0	
127346406	0,032094	0,337	0,01081567	1560386941204	1	1	-1	
127346407	0,032097	0,061	0,00195791	1560386942172	1	1	1	
127346408	0,032102	0,686	0,02202197	1560386942891	0	1	2	
127346409	0,032103	0,12	0,00385236	1560386942891	0	1	3	
127346410	0,032096	1,906	0,06117497	1560386943102	1	1	-1	
127346411	0,032095	0,467	0,01498836	1560386943205	1	1	-2	
127346412	0,032094	3,194	0,10250823	1560386943205	1	1	-3	
127346413	0,032094	0,119	0,00381918	1560386943205	1	1	0	
127346414	0,032095	0,793	0,02545133	1560386943474	1	1	1	
127346415	0,032096	0,453	0,01453948	1560386944214	0	1	2	
127346416	0,032096	3,42	0,10976832	1560386944348	1	1	0	
127346417	0,032097	1,871	0,06005348	1560386944456	1	1	1	
127346418	0,032096	3,206	0,10289977	1560386944456	1	1	-1	
127346419	0,032103	0,265	0,00850729	1560386944651	0	1	1	
127346420	0,032103	3,188	0,10234436	1560386944651	0	1	0	
127346421	0,032103	0,064	0,00205459	1560386944688	0	1	0	
127346422	0,032103	0,467	0,0149921	1560386944696	0	1	0	
127346423	0,032103	6,022	0,19332426	1560386944700	0	1	0	
127346424	0,032104	0,04	0,00128416	1560386944720	0	1	1	
127346425	0,032107	0,467	0,01499396	1560386944720	0	1	2	
127346426	0,03211	0,1	0,003211	1560386944725	0	1	3	
127346427	0,032112	0,046	0,00147715	1560386944729	0	1	4	
127346428	0,032116	1,625	0,0521885	1560386944895	0	1	5	
127346429	0,032115	0,467	0,0149977	1560386944970	0	1	-1	
127346430	0,032115	0,345	0,01107967	1560386944970	0	1	0	
127346431	0,032115	0,122	0,00391803	1560386945413	0	1	0	
127346432	0,032116	0,397	0,01275005	1560386945413	0	1	1	
127346433	0,032116	0,519	0,0166682	1560386945443	0	1	0	
127346434	0,032116	0,519	0,0166682	1560386945495	0	1	0	
127346435	0,032116	0,519	0,0166682	1560386945538	0	1	0	
127346436	0,032116	0,198	0,00635896	1560386945585	0	1	0	
127346437	0,032106	1,228	0,03942616	1560386945661	1	1	-1	
127346438	0,032106	0,037	0,00118792	1560386945845	1	1	0	
127346439	0,032112	1,919	0,06162292	1560386946282	0	1	1	
127346440	0,032123	0,038	0,00122067	1560386946692	0	1	2	
127346441	0,032118	1,099	0,03529768	1560386949406	0	1	-1	
127346442	0,032118	0,336	0,01079164	1560386949427	0	1	0	
127346443	0,032118	0,097	0,00311544	1560386949972	0	1	0	
127346444	0,032118	2,952	0,09481233	1560386950189	0	1	0	
127346445	0,03212	0,036	0,00115632	1560386950862	0	1	1	
127346446	0,032119	0,133	0,00427182	1560386951151	0	1	-1	
127346447	0,032112	0,283	0,00908769	1560386951889	1	1	-2	
127346448	0,032113	2,441	0,07838783	1560386952488	1	1	1	
127346449	0,032112	0,046	0,00147715	1560386952512	1	1	-1	
127346450	0,032119	0,04	0,00128476	1560386952955	0	1	1	
127346451	0,032119	1,703	0,05469865	1560386953154	0	1	0	
127346452	0,03212	7,964	0,25580368	1560386953154	0	1	1	
127346453	0,032119	0,17	0,00546023	1560386953372	1	1	-1	
127346454	0,032123	3,574	0,1148076	1560386954192	0	1	1	
127346455	0,032124	0,3	0,0096372	1560386954194	0	1	2	
127346456	0,032124	0,641	0,02059148	1560386954194	0	1	0	
127346457	0,032118	1,923	0,06176291	1560386954686	1	1	-1	
127346458	0,032117	1	0,032117	1560386954686	1	1	-2	
127346459	0,032117	2	0,064234	1560386954686	1	1	0	
127346460	0,032117	0,466	0,01496652	1560386954686	1	1	0	
127346461	0,032115	0,443	0,01422694	1560386954686	1	1	-1	
127346462	0,032115	2,14	0,0687261	1560386954686	1	1	0	
127346463	0,032114	8	0,256912	1560386954686	1	1	-1	
127346464	0,032114	1,293	0,0415234	1560386954782	0	1	0	
127346465	0,032114	0,037	0,00118821	1560386955076	0	1	0	
127346466	0,032113	5,356	0,17199722	1560386955131	0	1	-1	
127346467	0,032114	2,297	0,07376585	1560386955212	0	1	1	
127346468	0,032112	0,078	0,00250473	1560386955502	1	1	-1	
127346469	0,032113	0,709	0,02276811	1560386956856	1	1	1	
127346470	0,032113	0,1	0,0032113	1560386956858	1	1	0	
127346471	0,032113	0,362	0,0116249	1560386956950	1	1	0	
127346472	0,032113	0,449	0,01441873	1560386958248	1	1	0	
127346473	0,032112	0,07	0,00224784	1560386958405	1	1	-1	
127346474	0,032114	1,713	0,05501128	1560386960136	1	1	1	
127346475	0,032113	0,539	0,0173089	1560386960136	1	1	-1	
127346476	0,032112	0,292	0,0093767	1560386960136	1	1	-2	
127346477	0,032108	0,466	0,01496232	1560386960136	1	1	-3	
127346478	0,032107	1,989	0,06386082	1560386960192	0	1	-4	
127346479	0,032119	6,334	0,20344174	1560386960234	0	1	1	
127346480	0,032118	0,709	0,02277166	1560386960264	0	1	-1	
127346481	0,032119	0,465	0,01493533	1560386960264	0	1	1	
127346482	0,032112	0,035	0,00112392	1560386961292	0	1	-1	
127346483	0,032111	0,411	0,01319762	1560386962208	0	1	-2	
127346484	0,032112	6,678	0,21444393	1560386962208	0	1	1	
127346485	0,032108	0,466	0,01496232	1560386962475	1	1	-1	
127346486	0,03211	4,519	0,14510509	1560386963189	0	1	1	
127346487	0,032099	0,076	0,00243952	1560386964813	1	1	-1	
127346488	0,032104	2,306	0,07403182	1560386965258	0	1	1	
127346489	0,032109	2,24	0,07192416	1560386965262	0	1	2	
127346490	0,032101	0,584	0,01874698	1560386965981	1	1	-1	
127346491	0,032101	0,381	0,01223048	1560386967280	1	1	0	
127346492	0,03211	0,036	0,00115596	1560386967485	0	1	1	
127346493	0,032105	1,314	0,04218597	1560386968003	0	1	-1	
127346494	0,032103	2,504	0,08038591	1560386970675	0	1	-2	
127346495	0,032103	3,174	0,10189492	1560386970678	0	1	0	
127346496	0,0321	0,562	0,0180402	1560386972026	1	1	-1	
127346497	0,032106	1,99	0,06389094	1560386972983	1	1	1	
127346498	0,0321	0,562	0,0180402	1560386973171	1	1	-1	
127346499	0,032108	0,037	0,00118799	1560386973691	0	1	1	
127346500	0,032108	0,62	0,01990696	1560386974136	0	1	0	
127346501	0,0321	0,063	0,0020223	1560386974415	1	1	-1	
127346502	0,0321	1,544	0,0495624	1560386974427	1	1	0	
127346503	0,032099	0,063	0,00202223	1560386974427	1	1	-1	
127346504	0,032099	3,861	0,12393423	1560386974534	1	1	0	
127346505	0,032098	0,434	0,01393053	1560386975432	0	1	-1	
127346506	0,032101	0,568	0,01823336	1560386975432	0	1	1	
127346507	0,032098	0,434	0,01393053	1560386975589	1	1	-1	
127346508	0,032095	1,453	0,04663403	1560386975904	0	1	-2	
127346509	0,032093	0,525	0,01684882	1560386976335	1	1	-3	
127346510	0,032094	0,819	0,02628498	1560386976514	0	1	1	
127346511	0,032095	3,14	0,1007783	1560386976514	0	1	2	
127346512	0,032092	0,467	0,01498696	1560386977134	1	1	-1	
127346513	0,032091	1,061	0,03404855	1560386977134	1	1	-2	
127346514	0,032098	0,036	0,00115552	1560386977906	0	1	1	
127346515	0,032097	0,915	0,02936875	1560386979024	1	1	-1	
127346516	0,032099	2,561	0,08220553	1560386979024	0	1	1	
127346517	0,032096	0,748	0,0240078	1560386979498	1	1	-1	
127346518	0,032096	0,358	0,01149036	1560386981489	1	1	0	
127346519	0,032108	1,243	0,03991024	1560386981702	0	1	1	
127346520	0,032108	0,467	0,01499443	1560386981702	0	1	0	
127346521	0,032097	0,467	0,01498929	1560386981901	1	1	-1	
127346522	0,032096	0,807	0,02590147	1560386981901	1	1	-2	
127346523	0,032092	0,315	0,01010898	1560386981901	1	1	-3	
127346524	0,032091	0,184	0,00590474	1560386981901	1	1	-4	
127346525	0,032108	0,037	0,00118799	1560386982160	0	1	1	
127346526	0,032102	4,178	0,13412215	1560386982561	0	1	-1	
127346527	0,032098	0,467	0,01498976	1560386984640	1	1	-2	
127346528	0,032097	0,546	0,01752496	1560386984640	1	1	-3	
127346529	0,032095	1,042	0,03344299	1560386985596	0	1	-4	
127346530	0,032103	0,894	0,02870008	1560386985598	0	1	1	
127346531	0,032104	0,036	0,00115574	1560386986329	0	1	2	
127346532	0,032104	0,345	0,01107588	1560386987288	0	1	0	
127346533	0,03211	5	0,16055	1560386990198	0	1	1	
127346534	0,032111	0,035	0,00112388	1560386990375	0	1	2	
127346535	0,032111	0,037	0,0011881	1560386990521	0	1	0	
127346536	0,032107	0,042	0,00134849	1560386991843	1	1	-1	
127346537	0,032112	2	0,064224	1560386992219	0	1	1	
127346538	0,032108	0,366	0,01175152	1560386992277	1	1	-1	
127346539	0,032112	0,477	0,01531742	1560386992317	0	1	1	
127346540	0,032112	0,467	0,0149963	1560386992317	0	1	0	
127346541	0,032113	3,314	0,10642248	1560386992427	0	1	1	
127346542	0,032113	0,686	0,02202951	1560386993202	0	1	0	
127346543	0,032116	0,052	0,00167003	1560386994917	1	1	1	
127346544	0,032116	0,882	0,02832631	1560386995079	1	1	0	
127346545	0,032117	0,04	0,00128468	1560386995201	0	1	1	
127346546	0,032118	1,875	0,06022125	1560386995791	1	1	2	
127346547	0,032117	4,189	0,13453811	1560386995791	1	1	-1	
127346548	0,03212	4	0,12848	1560386996199	0	1	1	
127346549	0,03212	0,035	0,0011242	1560386996739	0	1	0	
127346550	0,03212	2,144	0,06886528	1560386997494	0	1	0	
127346551	0,03212	2	0,06424	1560386997684	0	1	0	
127346552	0,032119	2,431	0,07808128	1560386998867	1	1	-1	
127346553	0,032119	1,092	0,03507394	1560386998913	1	1	0	
127346554	0,032119	1	0,032119	1560386999207	0	1	0	
127346555	0,032119	0,035	0,00112416	1560387000339	0	1	0	
127346556	0,032119	0,036	0,00115628	1560387002943	0	1	0	
127346557	0,032119	0,268	0,00860789	1560387004604	0	1	0	
127346558	0,032119	1,362	0,04374607	1560387004845	1	1	0	
127346559	0,032119	1,9	0,0610261	1560387006210	1	1	0	
127346560	0,03212	0,956	0,03070672	1560387006288	0	1	1	
127346561	0,03212	0,249	0,00799788	1560387006421	1	1	0	
127346562	0,032121	0,271	0,00870479	1560387006751	1	1	1	
127346563	0,03213	0,037	0,00118881	1560387007145	0	1	2	
127346564	0,032122	1,988	0,06385853	1560387007538	1	1	-1	
127346565	0,032121	0,008	0,00025696	1560387007538	1	1	-2	
127346566	0,03212	3,683	0,11829796	1560387007538	1	1	-3	
127346567	0,03213	0,266	0,00854658	1560387008052	0	1	1	
127346568	0,03212	0,08	0,0025696	1560387008303	1	1	-1	
127346569	0,03212	0,831	0,02669172	1560387008530	1	1	0	
127346570	0,03212	0,117	0,00375804	1560387009230	1	1	0	
127346571	0,03212	0,117	0,00375804	1560387010522	1	1	0	
127346572	0,032121	0,494	0,01586777	1560387010539	1	1	1	
127346573	0,03212	1,55	0,049786	1560387010539	1	1	-1	
127346574	0,03212	2,254	0,07239848	1560387010655	1	1	0	
127346575	0,03213	0,038	0,00122094	1560387011360	0	1	1	
127346576	0,032125	2,825	0,09075312	1560387011590	1	1	-1	
127346577	0,03212	0,408	0,01310496	1560387012428	1	1	-2	
127346578	0,03212	0,18	0,0057816	1560387012853	1	1	0	
127346579	0,03213	0,183	0,00587979	1560387013907	0	1	1	
127346580	0,032121	0,172	0,00552481	1560387014209	1	1	-1	
127346581	0,032121	0,224	0,0071951	1560387014303	1	1	0	
127346582	0,032121	0,252	0,00809449	1560387014396	1	1	0	
127346583	0,03213	0,602	0,01934226	1560387014623	0	1	1	
127346584	0,03213	1,402	0,04504626	1560387014623	0	1	0	
127346585	0,032121	1	0,032121	1560387015063	1	1	-1	
127346586	0,032128	1,207	0,03877849	1560387015222	1	1	1	
127346587	0,032121	1,035	0,03324523	1560387015226	1	1	-1	
127346588	0,032129	0,037	0,00118877	1560387017561	0	1	1	
127346589	0,032121	0,424	0,0136193	1560387017626	1	1	-1	
127346590	0,032121	0,06	0,00192726	1560387019638	1	1	0	
127346591	0,032121	0,082	0,00263392	1560387019661	1	1	0	
127346592	0,032121	0,107	0,00343694	1560387019906	1	1	0	
127346593	0,032124	1,215	0,03903066	1560387019980	1	1	1	
127346594	0,032121	2,276	0,07310739	1560387019990	1	1	-1	
127346595	0,03212	1,158	0,03719496	1560387020425	1	1	-2	
127346596	0,03212	0,841	0,02701292	1560387020425	1	1	0	
127346597	0,032121	0,146	0,00468966	1560387022280	1	1	1	
127346598	0,032123	5,537	0,17786505	1560387023289	0	1	2	
127346599	0,032129	1,537	0,04938227	1560387023293	0	1	3	
127346600	0,032122	0,951	0,03054802	1560387023495	1	1	-1	
127346601	0,03213	0,037	0,00118881	1560387023765	0	1	1	
127346602	0,03213	0,321	0,01031373	1560387024202	0	1	0	
127346603	0,03213	6,206	0,19939878	1560387024202	0	1	0	
127346604	0,032126	7,315	0,23500169	1560387024466	1	1	-1	
127346605	0,03213	0,063	0,00202419	1560387024840	1	1	1	
127346606	0,032123	0,199	0,00639247	1560387024840	1	1	-1	
127346607	0,032124	0,446	0,0143273	1560387026059	1	1	1	
127346608	0,032123	3,801	0,12209952	1560387026193	1	1	-1	
127346609	0,032123	1,731	0,05560491	1560387026193	1	1	0	
127346610	0,032123	0,292	0,00937991	1560387026402	1	1	0	
127346611	0,032124	0,489	0,01570863	1560387027634	1	1	1	
127346612	0,032134	0,035	0,00112469	1560387027972	0	1	2	
127346613	0,03213	1,886	0,06059718	1560387029721	0	1	-1	
127346614	0,03213	0,408	0,01310904	1560387030977	0	1	0	
127346615	0,032125	0,958	0,03077575	1560387032894	1	1	-1	
127346616	0,032128	0,038	0,00122086	1560387034179	0	1	1	
127346617	0,032125	1,612	0,0517855	1560387034847	1	1	-1	
127346618	0,032125	1,07	0,03437375	1560387036048	1	1	0	
127346619	0,032125	1,07	0,03437375	1560387036053	1	1	0	
127346620	0,032125	1,233	0,03961012	1560387036234	1	1	0	
127346621	0,032125	2	0,06425	1560387036300	1	1	0	
127346622	0,032125	0,057	0,00183112	1560387036304	1	1	0	
127346623	0,032122	1,879	0,06035723	1560387037314	1	1	-1	
127346624	0,032122	0,066	0,00212005	1560387038427	1	1	0	
127346625	0,032122	0,933	0,02996982	1560387039761	0	1	0	
127346626	0,032121	0,056	0,00179877	1560387040331	1	1	-1	
127346627	0,032122	0,037	0,00118851	1560387040392	0	1	1	
127346628	0,032122	0,959	0,03080499	1560387040710	0	1	0	
127346629	0,032126	0,041	0,00131716	1560387040710	0	1	1	
127346630	0,032121	0,41	0,01316961	1560387041736	1	1	-1	
127346631	0,032121	2,543	0,0816837	1560387041736	1	1	0	
127346632	0,03212	4,96	0,1593152	1560387041736	1	1	-1	
127346633	0,03212	0,34	0,0109208	1560387041916	1	1	0	
127346634	0,03212	0,765	0,0245718	1560387042018	1	1	0	
127346635	0,03212	5,243	0,16840516	1560387042052	1	1	0	
127346636	0,03212	1,07	0,0343684	1560387042075	1	1	0	
127346637	0,03212	0,617	0,01981804	1560387042124	1	1	0	
127346638	0,03212	3,46	0,1111352	1560387042198	1	1	0	
127346639	0,03212	3,54	0,1137048	1560387042198	1	1	0	
127346640	0,03212	0,46	0,0147752	1560387042202	1	1	0	
127346641	0,032105	0,466	0,01496093	1560387042592	1	1	-1	
127346642	0,032104	0,032	0,00102732	1560387042592	1	1	-2	
127346643	0,032104	0,232	0,00744812	1560387042592	1	1	0	
127346644	0,032113	0,037	0,00118818	1560387044596	0	1	1	
127346645	0,032107	3,049	0,09789424	1560387047143	0	1	-1	
127346646	0,032106	0,211	0,00677436	1560387048553	1	1	-2	
127346647	0,032112	0,037	0,00118814	1560387048802	0	1	1	
127346648	0,032108	3,007	0,09654875	1560387050602	0	1	-1	
127346649	0,032109	0,377	0,01210509	1560387050795	0	1	1	
127346650	0,032109	0,242	0,00777037	1560387051377	0	1	0	
127346651	0,03211	0,135	0,00433485	1560387051377	0	1	1	
127346652	0,03211	0,978	0,03140358	1560387052200	0	1	0	
127346653	0,03211	1,409	0,04524299	1560387053243	0	1	0	
127346654	0,032111	0,891	0,0286109	1560387053243	0	1	1	
127346655	0,032111	1	0,032111	1560387053396	0	1	0	
127346656	0,032111	0,409	0,01313339	1560387053724	0	1	0	
127346657	0,032111	0,277	0,00889474	1560387053724	0	1	0	
127346658	0,032112	0,238	0,00764265	1560387053724	0	1	1	
127346659	0,032112	2	0,064224	1560387054205	0	1	0	
127346660	0,032112	0,113	0,00362865	1560387054206	0	1	0	
127346661	0,032117	0,037	0,00118832	1560387055203	0	1	1	
127346662	0,032115	1,02	0,0327573	1560387056419	0	1	-1	
127346663	0,032116	1,357	0,04358141	1560387056433	0	1	1	
127346664	0,032112	1,067	0,0342635	1560387056530	0	1	-1	
127346665	0,032117	4	0,128468	1560387057873	0	1	1	
127346666	0,032117	0,869	0,02790967	1560387057896	0	1	0	
127346667	0,032118	0,467	0,0149991	1560387058001	0	1	1	
127346668	0,03212	4,102	0,13175624	1560387058140	0	1	2	
127346669	0,032125	0,037	0,00118862	1560387059456	0	1	3	
127346670	0,032119	1,403	0,04506295	1560387059718	1	1	-1	
127346671	0,032116	1,799	0,05777668	1560387059726	1	1	-2	
127346672	0,032116	0,02	0,00064232	1560387059726	1	1	0	
127346673	0,032118	0,245	0,00786891	1560387060587	1	1	1	
127346674	0,032124	1,121	0,036011	1560387061063	0	1	2	
127346675	0,032124	0,078	0,00250567	1560387061092	0	1	0	
127346676	0,032124	0,737	0,02367538	1560387061203	0	1	0	
127346677	0,032119	0,134	0,00430394	1560387061221	1	1	-1	
127346678	0,032127	1,849	0,05940282	1560387063133	0	1	1	
127346679	0,032127	0,19	0,00610413	1560387063491	0	1	0	
127346680	0,032127	0,036	0,00115657	1560387063622	0	1	0	
127346681	0,032122	0,384	0,01233484	1560387063807	1	1	-1	
127346682	0,032122	1,46	0,04689812	1560387066236	1	1	0	
127346683	0,032122	19,907	0,63945265	1560387066308	0	1	0	
127346684	0,032122	1,062	0,03411356	1560387066308	0	1	0	
127346685	0,032122	0,398	0,01278455	1560387067204	0	1	0	
127346686	0,03212	1,15	0,036938	1560387068410	1	1	-1	
127346687	0,032119	0,938	0,03012762	1560387068410	1	1	-2	
127346688	0,032122	0,684	0,02197144	1560387068509	1	1	1	
127346689	0,032127	17,476	0,56145145	1560387068534	0	1	2	
127346690	0,032127	0,524	0,01683454	1560387068534	0	1	0	
127346691	0,032131	0,037	0,00118884	1560387069826	0	1	1	
127346692	0,032131	1	0,032131	1560387070622	0	1	0	
127346693	0,032131	0,027	0,00086753	1560387070862	0	1	0	
127346694	0,032131	0,466	0,01497304	1560387070862	0	1	0	
127346695	0,032122	0,183	0,00587832	1560387070956	1	1	-1	
127346696	0,032132	0,381	0,01224229	1560387071192	0	1	1	
127346697	0,032134	1,12	0,03599008	1560387071192	0	1	2	
127346698	0,032134	0,156	0,0050129	1560387071192	0	1	0	
127346699	0,032128	3,832	0,12311449	1560387071668	0	1	-1	
127346700	0,032131	1,886	0,06059906	1560387071688	0	1	1	
127346701	0,032131	0,142	0,0045626	1560387072204	0	1	0	
127346702	0,032131	0,742	0,0238412	1560387072546	0	1	0	
127346703	0,032132	0,103	0,00330959	1560387072546	0	1	1	
127346704	0,032134	1,041	0,03345149	1560387072546	0	1	2	
127346705	0,032131	1,2	0,0385572	1560387073170	1	1	-1	
127346706	0,032134	2	0,064268	1560387073196	0	1	1	
127346707	0,032134	0,803	0,0258036	1560387073221	0	1	0	
127346708	0,032135	0,051	0,00163888	1560387073337	0	1	1	
127346709	0,032139	0,064	0,00205689	1560387073337	0	1	2	
127346710	0,03214	0,4	0,012856	1560387073337	0	1	3	
127346711	0,032141	0,67	0,02153447	1560387073337	0	1	4	
127346712	0,032142	2,504	0,08048356	1560387073337	0	1	5	
127346713	0,03213	0,08	0,0025704	1560387073498	1	1	-1	
127346714	0,032131	0,754	0,02422677	1560387073606	1	1	1	
127346715	0,032131	1,736	0,05577941	1560387074314	1	1	0	
127346716	0,032135	0,509	0,01635671	1560387074318	0	1	1	
127346717	0,032131	0,703	0,02258809	1560387074967	1	1	-1	
127346718	0,032131	20	0,64262	1560387075199	0	1	0	
127346719	0,032131	0,653	0,02098154	1560387075213	0	1	0	
127346720	0,032141	0,119	0,00382477	1560387075560	0	1	1	
127346721	0,032141	0,037	0,00118921	1560387076033	0	1	0	
127346722	0,032141	0,247	0,00793882	1560387076517	0	1	0	
127346723	0,032141	0,069	0,00221772	1560387076517	0	1	0	
127346724	0,032141	0,032	0,00102851	1560387077035	0	1	0	
127346725	0,032134	0,415	0,01333561	1560387077153	1	1	-1	
127346726	0,032134	0,299	0,00960806	1560387077849	1	1	0	
127346727	0,032138	1,759	0,05653074	1560387078281	0	1	1	
127346728	0,032134	1,528	0,04910075	1560387078292	1	1	-1	
127346729	0,032133	0,351	0,01127868	1560387079204	1	1	-2	
127346730	0,032132	1,917	0,06159704	1560387079204	1	1	-3	
127346731	0,032133	0,036	0,00115678	1560387080252	0	1	1	
127346732	0,032131	0,092	0,00295605	1560387080804	1	1	-1	
127346733	0,032133	21	0,674793	1560387080819	0	1	1	
127346734	0,032132	0,04	0,00128528	1560387082601	1	1	-1	
127346735	0,032132	0,066	0,00212071	1560387083168	1	1	0	
127346736	0,032133	0,032	0,00102825	1560387083289	0	1	1	
127346737	0,032132	0,155	0,00498046	1560387083461	1	1	-1	
127346738	0,032132	0,261	0,00838645	1560387083564	1	1	0	
127346739	0,032132	0,268	0,00861137	1560387084316	1	1	0	
127346740	0,032134	0,035	0,00112469	1560387084492	0	1	1	
127346741	0,032133	0,308	0,00989696	1560387084899	1	1	-1	
127346742	0,032132	0,28	0,00899696	1560387084899	1	1	-2	
127346743	0,032129	0,622	0,01998423	1560387084899	1	1	-3	
127346744	0,032128	4	0,128512	1560387084899	1	1	-4	
127346745	0,032127	0,579	0,01860153	1560387084899	1	1	-5	
127346746	0,032124	0,707	0,02271166	1560387084899	1	1	-6	
127346747	0,032123	4	0,128492	1560387084899	1	1	-7	
127346748	0,032123	3,773	0,12120007	1560387084899	1	1	0	
127346749	0,03212	4	0,12848	1560387084899	1	1	-1	
127346750	0,032119	8	0,256952	1560387084899	1	1	-2	
127346751	0,032118	4,668	0,14992682	1560387084899	1	1	-3	
127346752	0,032117	3,774	0,12120955	1560387084899	1	1	-4	
127346753	0,032116	0,176	0,00565241	1560387084899	1	1	-5	
127346754	0,032115	4,668	0,14991282	1560387084899	1	1	-6	
127346755	0,032114	3,782	0,12145514	1560387084899	1	1	-7	
127346756	0,032113	9,701	0,31152821	1560387084899	1	1	-8	
127346757	0,032128	0,592	0,01901977	1560387085763	0	1	1	
127346758	0,032125	0,095	0,00305187	1560387085866	1	1	-1	
127346759	0,032132	0,037	0,00118888	1560387088662	0	1	1	
127346760	0,032124	0,622	0,01998112	1560387089342	1	1	-1	
127346761	0,032121	0,142	0,00456118	1560387089544	1	1	-2	
127346762	0,03213	1,842	0,05918346	1560387089553	0	1	1	
127346763	0,03213	0,253	0,00812889	1560387089553	0	1	0	
127346764	0,032121	6,803	0,21851916	1560387089665	1	1	-1	
127346765	0,032129	0,04	0,00128516	1560387089788	0	1	1	
127346766	0,032121	1,53	0,04914513	1560387090393	1	1	-1	
127346767	0,032122	0,166	0,00533225	1560387093178	0	1	1	
127346768	0,032122	1,971	0,06331246	1560387093178	0	1	0	
127346769	0,032117	0,622	0,01997677	1560387093978	1	1	-1	
127346770	0,032117	0,062	0,00199125	1560387094497	0	1	0	
127346771	0,032117	0,062	0,00199125	1560387094624	0	1	0	
127346772	0,032117	0,917	0,02945128	1560387094819	0	1	0	
127346773	0,032117	0,038	0,00122044	1560387094914	0	1	0	
127346774	0,032117	0,245	0,00786866	1560387094932	0	1	0	
127346775	0,032116	1,847	0,05931825	1560387095489	1	1	-1	
127346776	0,032116	2,278	0,07316024	1560387096919	0	1	0	
127346777	0,032117	0,032	0,00102774	1560387097404	0	1	1	
127346778	0,032117	0,032	0,00102774	1560387098000	0	1	0	
127346779	0,032115	4	0,12846	1560387098520	1	1	-1	
127346780	0,032115	1,32	0,0423918	1560387098607	0	1	0	
127346781	0,032112	2,024	0,06499468	1560387099704	1	1	-1	
127346782	0,032103	4,466	0,14337199	1560387099704	1	1	-2	
127346783	0,032102	3,177	0,10198805	1560387099704	1	1	-3	
127346784	0,032101	2,814	0,09033221	1560387099704	1	1	-4	
127346785	0,032113	0,075	0,00240847	1560387099848	0	1	1	
127346786	0,032107	1,914	0,06145279	1560387100462	1	1	-1	
127346787	0,032113	0,036	0,00115606	1560387101066	0	1	1	
127346788	0,032113	0,587	0,01885033	1560387101880	0	1	0	
127346789	0,032114	0,171	0,00549149	1560387102608	0	1	1	
127346790	0,032114	0,171	0,00549149	1560387102725	0	1	0	
127346791	0,032114	0,171	0,00549149	1560387102822	0	1	0	
127346792	0,032109	0,682	0,02189833	1560387103047	1	1	-1	
127346793	0,032109	7,724	0,24800991	1560387103081	0	1	0	
127346794	0,032113	0,9	0,0289017	1560387103358	0	1	1	
127346795	0,032113	0,89	0,02858057	1560387103471	0	1	0	
127346796	0,032112	0,798	0,02562537	1560387104256	0	1	-1	
127346797	0,032116	0,037	0,00118829	1560387105364	0	1	1	
127346798	0,032116	0,341	0,01095155	1560387106098	0	1	0	
127346799	0,032113	0,736	0,02363516	1560387108398	0	1	-1	
127346800	0,032114	0,611	0,01962165	1560387109280	0	1	1	
127346801	0,032113	0,037	0,00118818	1560387109487	0	1	-1	
127346802	0,032113	0,432	0,01387281	1560387110468	0	1	0	
127346803	0,032112	4,105	0,13181976	1560387114478	1	1	-1	
127346804	0,032116	0,622	0,01997615	1560387114975	0	1	1	
127346805	0,032117	4,224	0,1356622	1560387114975	0	1	2	
127346806	0,032117	4,948	0,15891491	1560387114975	0	1	0	
127346807	0,032117	1,253	0,0402426	1560387114975	0	1	0	
127346808	0,03212	0,037	0,00118844	1560387115688	0	1	1	
127346809	0,032119	2,162	0,06944127	1560387116358	0	1	-1	
127346810	0,032118	0,811	0,02604769	1560387116369	1	1	-2	
127346811	0,032117	0,142	0,00456061	1560387117243	1	1	-3	
127346812	0,032118	1,675	0,05379765	1560387118612	1	1	1	
127346813	0,032117	0,249	0,00799713	1560387119452	1	1	-1	
127346814	0,03212	0,029	0,00093148	1560387119596	0	1	1	
127346815	0,03212	0,033	0,00105996	1560387119596	0	1	0	
127346816	0,03212	0,038	0,00122056	1560387119894	0	1	0	
127346817	0,03212	0,05	0,001606	1560387120311	0	1	0	
127346818	0,032118	2,453	0,07878545	1560387121443	1	1	-1	
127346819	0,032117	0,562	0,01804975	1560387122332	1	1	-2	
127346820	0,032114	0,036	0,0011561	1560387124167	0	1	-3	
127346821	0,032111	0,626	0,02010148	1560387124597	1	1	-4	
127346822	0,032111	0,32	0,01027552	1560387124735	1	1	0	
127346823	0,032113	0,926	0,02973663	1560387124801	1	1	1	
127346824	0,032114	2,639	0,08474884	1560387124810	0	1	2	
127346825	0,032116	0,767	0,02463297	1560387125563	0	1	3	
127346826	0,032116	0,642	0,02061847	1560387125563	0	1	0	
127346827	0,03212	1,914	0,06147768	1560387125563	0	1	1	
127346828	0,032122	3,06	0,09829332	1560387125563	0	1	2	
127346829	0,032112	0,332	0,01066118	1560387127120	1	1	-1	
127346830	0,032112	1,148	0,03686457	1560387127122	1	1	0	
127346831	0,032117	1,396	0,04483533	1560387127245	1	1	1	
127346832	0,032112	0,068	0,00218361	1560387127529	1	1	-1	
127346833	0,032112	0,105	0,00337176	1560387127579	1	1	0	
127346834	0,032119	0,321	0,01031019	1560387127791	0	1	1	
127346835	0,03212	0,589	0,01891868	1560387127791	0	1	2	
127346836	0,032116	0,264	0,00847862	1560387127834	1	1	-1	
127346837	0,032113	0,802	0,02575462	1560387127834	1	1	-2	
127346838	0,032113	2,374	0,07623626	1560387127974	1	1	0	
127346839	0,032113	0,237	0,00761078	1560387128736	1	1	0	
127346840	0,032117	0,036	0,00115621	1560387130317	0	1	1	
127346841	0,032111	2,356	0,07565351	1560387130801	0	1	-1	
127346842	0,032105	0,033	0,00105946	1560387131273	1	1	-2	
127346843	0,032105	0,033	0,00105946	1560387131369	1	1	0	
127346844	0,032105	0,033	0,00105946	1560387131489	1	1	0	
127346845	0,032105	0,063	0,00202261	1560387131589	1	1	0	
127346846	0,032105	0,101	0,0032426	1560387131703	1	1	0	
127346847	0,032105	0,359	0,01152569	1560387131748	1	1	0	
127346848	0,032104	2,437	0,07823744	1560387131748	1	1	-1	
127346849	0,032105	0,622	0,01996931	1560387132162	1	1	1	
127346850	0,032102	0,022	0,00070624	1560387132162	1	1	-1	
127346851	0,032104	0,405	0,01300212	1560387132664	1	1	1	
127346852	0,032104	0,043	0,00138047	1560387132678	1	1	0	
127346853	0,032104	0,033	0,00105943	1560387132702	1	1	0	
127346854	0,032104	0,037	0,00118784	1560387133983	1	1	0	
127346855	0,032115	0,037	0,00118825	1560387134529	0	1	1	
127346856	0,03211	3,848	0,12355928	1560387135591	0	1	-1	
127346857	0,032102	0,164	0,00526472	1560387137022	1	1	-2	
127346858	0,03211	1,177	0,03779347	1560387138900	0	1	1	
127346859	0,03211	1,504	0,04829344	1560387139025	0	1	0	
127346860	0,032108	1,891	0,06071622	1560387139816	1	1	-1	
127346861	0,03211	0,002	0,00006422	1560387140137	0	1	1	
127346862	0,032115	0,068	0,00218382	1560387140137	0	1	2	
127346863	0,032118	0,622	0,01997739	1560387140205	0	1	3	
127346864	0,032119	3,378	0,10849798	1560387140205	0	1	4	
127346865	0,032119	1	0,032119	1560387140235	0	1	0	
127346866	0,032119	0,504	0,01618797	1560387140267	0	1	0	
127346867	0,032122	0,077	0,00247339	1560387140267	0	1	1	
127346868	0,032106	1,485	0,04767741	1560387140606	1	1	-1	
127346869	0,032106	0,622	0,01996993	1560387140606	1	1	0	
127346870	0,032105	0,289	0,00927834	1560387140606	1	1	-1	
127346871	0,032121	0,037	0,00118847	1560387140722	0	1	1	
127346872	0,032121	0,318	0,01021447	1560387141199	0	1	0	
127346873	0,032121	0,682	0,02190652	1560387141199	0	1	0	
127346874	0,03212	0,062	0,00199144	1560387141618	0	1	-1	
127346875	0,03212	0,555	0,0178266	1560387141729	0	1	0	
127346876	0,03212	1,314	0,04220568	1560387143185	0	1	0	
127346877	0,032112	0,448	0,01438617	1560387143605	1	1	-1	
127346878	0,032122	0,622	0,01997988	1560387144052	0	1	1	
127346879	0,032123	1,834	0,05891358	1560387144052	0	1	2	
127346880	0,032126	2,387	0,07668476	1560387144052	0	1	3	
127346881	0,032127	0,502	0,01612775	1560387144052	0	1	4	
127346882	0,032125	0,035	0,00112437	1560387144933	0	1	-1	
127346883	0,032115	1,018	0,03269307	1560387146421	1	1	-2	
127346884	0,032114	0,622	0,0199749	1560387146421	1	1	-3	
127346885	0,032113	9,76	0,31342288	1560387146421	1	1	-4	
127346886	0,032113	10,24	0,32883712	1560387147152	1	1	0	
127346887	0,032112	0,127	0,00407822	1560387147152	1	1	-1	
127346888	0,032108	1,033	0,03316756	1560387147152	1	1	-2	
127346889	0,032114	1,328	0,04264739	1560387147474	1	1	1	
127346890	0,032109	3,184	0,10223505	1560387150773	1	1	-1	
127346891	0,032116	0,035	0,00112406	1560387151201	0	1	1	
127346892	0,032102	0,622	0,01996744	1560387151904	1	1	-1	
127346893	0,032102	0,622	0,01996744	1560387152086	1	1	0	
127346894	0,032102	0,622	0,01996744	1560387152178	1	1	0	
127346895	0,032101	1,625	0,05216412	1560387152178	1	1	-1	
127346896	0,032112	0,046	0,00147715	1560387153350	0	1	1	
127346897	0,032103	0,381	0,01223124	1560387153654	1	1	-1	
127346898	0,03211	0,726	0,02331186	1560387154301	0	1	1	
127346899	0,032111	0,184	0,00590842	1560387155440	0	1	2	
127346900	0,03211	1	0,03211	1560387156198	0	1	-1	
127346901	0,03211	0,28	0,0089908	1560387156700	0	1	0	
127346902	0,03211	0,003	0,00009633	1560387157364	0	1	0	
127346903	0,032111	0,035	0,00112388	1560387157364	0	1	1	
127346904	0,032126	0,408	0,0131074	1560387157441	0	1	2	
127346905	0,032126	0,062	0,00199181	1560387157459	0	1	0	
127346906	0,032124	0,038	0,00122071	1560387161560	0	1	-1	
127346907	0,032114	1,321	0,04242259	1560387162941	1	1	-2	
127346908	0,032113	0,172	0,00552343	1560387163974	1	1	-3	
127346909	0,032114	0,313	0,01005168	1560387165568	1	1	1	
127346910	0,032109	0,208	0,00667867	1560387165735	1	1	-1	
127346911	0,032119	0,036	0,00115628	1560387165769	0	1	1	
127346912	0,03211	2,398	0,07699978	1560387171229	1	1	-1	
127346913	0,032109	0,265	0,00850888	1560387171229	1	1	-2	
127346914	0,032108	6	0,192648	1560387171229	1	1	-3	
127346915	0,032104	0,622	0,01996868	1560387171229	1	1	-4	
127346916	0,032103	0,472	0,01515261	1560387171229	1	1	-5	
127346917	0,032102	4,67	0,14991634	1560387171229	1	1	-6	
127346918	0,032102	4,67	0,14991634	1560387171229	1	1	0	
127346919	0,032099	1,029	0,03302987	1560387171229	1	1	-1	
127346920	0,032099	1,029	0,03302987	1560387171229	1	1	0	
127346921	0,032099	0,749	0,02404215	1560387171229	1	1	0	
127346922	0,032112	0,038	0,00122025	1560387171981	0	1	1	
127346923	0,032101	0,622	0,01996682	1560387172390	1	1	-1	
127346924	0,0321	0,737	0,0236577	1560387172593	1	1	-2	
127346925	0,032099	0,163	0,00523213	1560387172735	1	1	-3	
127346926	0,032098	1,873	0,06011955	1560387172800	1	1	-4	
127346927	0,032098	0,714	0,02291797	1560387172905	1	1	0	
127346928	0,032104	2,336	0,07499494	1560387172964	0	1	1	
127346929	0,032103	0,062	0,00199038	1560387173108	0	1	-1	
127346930	0,03211	0,97	0,0311467	1560387173211	0	1	1	
127346931	0,032098	1,882	0,06040843	1560387173763	1	1	-1	
127346932	0,032098	1,882	0,06040843	1560387173794	1	1	0	
127346933	0,032098	2,656	0,08525228	1560387174800	1	1	0	
127346934	0,032098	2,519	0,08085486	1560387174840	1	1	0	
127346935	0,032098	1,148	0,0368485	1560387174848	1	1	0	
127346936	0,032107	0,677	0,02173643	1560387174870	0	1	1	
127346937	0,032098	0,656	0,02105628	1560387174877	1	1	-1	
127346938	0,032107	0,398	0,01277858	1560387174882	0	1	1	
127346939	0,032108	0,072	0,00231177	1560387174882	0	1	2	
127346940	0,032099	1,828	0,05867697	1560387175652	1	1	-1	
127346941	0,032098	0,764	0,02452287	1560387175955	1	1	-2	
127346942	0,032098	0,962	0,03087827	1560387176804	1	1	0	
127346943	0,032102	2,302	0,0738988	1560387178202	1	1	1	
127346944	0,032107	0,036	0,00115585	1560387178234	0	1	2	
127346945	0,032105	0,206	0,00661363	1560387178755	0	1	-1	
127346946	0,032098	0,819	0,02628826	1560387179138	1	1	-2	
127346947	0,032097	0,043	0,00138017	1560387179246	1	1	-3	
127346948	0,032095	2,343	0,07519858	1560387179966	0	1	-4	
127346949	0,032097	0,538	0,01726818	1560387182572	0	1	1	
127346950	0,032101	0,037	0,00118773	1560387184389	0	1	2	
127346951	0,032101	0,14	0,00449414	1560387184498	0	1	0	
127346952	0,03209	0,5	0,016045	1560387184668	1	1	-1	
127346953	0,03209	0,012	0,00038508	1560387184668	1	1	0	
127346954	0,03209	0,392	0,01257928	1560387184680	1	1	0	
127346955	0,03209	0,218	0,00699562	1560387184686	1	1	0	
127346956	0,03209	0,038	0,00121942	1560387184686	1	1	0	
127346957	0,032089	0,032	0,00102684	1560387184686	1	1	-1	
127346958	0,032089	3,779	0,12126433	1560387184686	1	1	0	
127346959	0,032088	2,018	0,06475358	1560387184689	1	1	-1	
127346960	0,032088	0,51	0,01636488	1560387184702	1	1	0	
127346961	0,032089	0,514	0,01649374	1560387186207	0	1	1	
127346962	0,032089	0,486	0,01559525	1560387186207	0	1	0	
127346963	0,032088	0,86	0,02759568	1560387186329	1	1	-1	
127346964	0,032088	0,39	0,01251432	1560387186999	1	1	0	
127346965	0,032088	4,514	0,14484523	1560387186999	1	1	0	
127346966	0,032095	0,036	0,00115542	1560387188597	0	1	1	
127346967	0,032088	1,761	0,05650696	1560387189498	1	1	-1	
127346968	0,032092	0,75	0,024069	1560387191198	0	1	1	
127346969	0,032092	2,728	0,08754697	1560387191202	0	1	0	
127346970	0,032094	0,75	0,0240705	1560387191240	0	1	1	
127346971	0,032102	2,098	0,06734999	1560387191240	0	1	2	
127346972	0,032102	0,724	0,02324184	1560387191306	1	1	0	
127346973	0,032102	0,302	0,0096948	1560387191937	1	1	0	
127346974	0,032103	0,035	0,0011236	1560387192802	0	1	1	
127346975	0,032102	0,065	0,00208663	1560387193206	1	1	-1	
127346976	0,032103	0,408	0,01309802	1560387193738	0	1	1	
127346977	0,032102	1,061	0,03406022	1560387193784	1	1	-1	
127346978	0,032101	0,622	0,01996682	1560387194040	0	1	-2	
127346979	0,032102	1,507	0,04837771	1560387194140	0	1	1	
127346980	0,032096	3,009	0,09657686	1560387196750	0	1	-1	
127346981	0,032104	0,378	0,01213531	1560387197853	0	1	1	
127346982	0,032104	0,077	0,002472	1560387198205	0	1	0	
127346983	0,032104	0,036	0,00115574	1560387199220	0	1	0	
127346984	0,032104	4,854	0,15583281	1560387200930	0	1	0	
127346985	0,032104	1	0,032104	1560387200958	0	1	0	
127346986	0,032104	0,226	0,0072555	1560387200966	0	1	0	
127346987	0,032112	0,181	0,00581227	1560387200966	0	1	1	
127346988	0,032106	2,014	0,06466148	1560387202919	0	1	-1	
127346989	0,032102	0,112	0,00359542	1560387203353	1	1	-2	
127346990	0,032113	0,038	0,00122029	1560387205410	0	1	1	
127346991	0,032113	7,962	0,2556837	1560387205438	0	1	0	
127346992	0,032113	0,038	0,00122029	1560387205438	0	1	0	
127346993	0,032105	0,043	0,00138051	1560387205522	1	1	-1	
127346994	0,032113	3	0,096339	1560387207040	0	1	1	
127346995	0,032108	0,16	0,00513728	1560387207701	1	1	-1	
127346996	0,03211	0,583	0,01872013	1560387209791	1	1	1	
127346997	0,03211	0,295	0,00947245	1560387211158	1	1	0	
127346998	0,03211	0,107	0,00343577	1560387211255	1	1	0	
127346999	0,032113	0,037	0,00118818	1560387211628	0	1	1	
127347000	0,032109	0,123	0,0039494	1560387212401	1	1	-1	
127347001	0,032108	0,123	0,00394928	1560387212794	1	1	-2	
127347002	0,032111	1,086	0,03487254	1560387213717	0	1	1	
127347003	0,032109	2,652	0,08515306	1560387213727	1	1	-1	
127347004	0,032108	0,477	0,01531551	1560387214917	1	1	-2	
127347005	0,032108	0,149	0,00478409	1560387215314	1	1	0	
127347006	0,032108	5	0,16054	1560387215745	1	1	0	
127347007	0,03211	0,037	0,00118807	1560387215841	0	1	1	
127347008	0,032108	0,109	0,00349977	1560387216643	1	1	-1	
127347009	0,032111	0,855	0,0274549	1560387217507	0	1	1	
127347010	0,032109	1,48	0,04752132	1560387217520	1	1	-1	
127347011	0,032108	1,48	0,04751984	1560387217540	1	1	-2	
127347012	0,032108	0,742	0,02382413	1560387217837	1	1	0	
127347013	0,032108	6,25	0,200675	1560387217844	1	1	0	
127347014	0,032108	4,443	0,14265584	1560387217858	1	1	0	
127347015	0,032105	0,579	0,01858879	1560387218055	1	1	-1	
127347016	0,032105	0,101	0,0032426	1560387218055	1	1	0	
127347017	0,032098	0,891	0,02859931	1560387218373	1	1	-1	
127347018	0,032096	0,038	0,00121964	1560387220035	1	1	-2	
127347019	0,032096	0,088	0,00282444	1560387220189	1	1	0	
127347020	0,032099	2,245	0,07206225	1560387221108	0	1	1	
127347021	0,032092	0,242	0,00776626	1560387222256	1	1	-1	
127347022	0,032092	0,064	0,00205388	1560387222489	1	1	0	
127347023	0,032092	0,244	0,00783044	1560387222804	1	1	0	
127347024	0,032094	1,79	0,05744826	1560387224382	0	1	1	
127347025	0,0321	0,037	0,0011877	1560387226313	0	1	2	
127347026	0,032094	1,391	0,04464275	1560387227300	1	1	-1	
127347027	0,0321	1,193	0,0382953	1560387227307	0	1	1	