29111745	0,01306300	0,57000000	0,00744591	1561299539629	false	true	
29111746	0,01306300	10,00000000	0,13063000	1561299539629	false	true	
29111747	0,01306300	0,33000000	0,00431079	1561299539787	true	true	
29111748	0,01306300	0,22000000	0,00287386	1561299539919	true	true	
29111749	0,01306300	0,66000000	0,00862158	1561299540728	true	true	
29111750	0,01306300	3,31000000	0,04323853	1561299541354	true	true	
29111751	0,01306300	3,89000000	0,05081507	1561299542308	true	true	
29111752	0,01306300	3,31000000	0,04323853	1561299542434	true	true	
29111753	0,01306300	1,88000000	0,02455844	1561299542700	true	true	
29111754	0,01306300	0,68000000	0,00888284	1561299542716	true	true	
29111755	0,01306300	7,36000000	0,09614368	1561299542930	true	true	
29111756	0,01306300	2,12000000	0,02769356	1561299542946	true	true	
29111757	0,01306300	2,12000000	0,02769356	1561299542969	true	true	
29111758	0,01306500	0,16000000	0,00209040	1561299543730	false	true	
29111759	0,01306300	0,14000000	0,00182882	1561299543961	true	true	
29111760	0,01306400	3,28000000	0,04284992	1561299545914	true	true	
29111761	0,01306300	13,27000000	0,17334601	1561299547699	true	true	
29111762	0,01306300	23,62000000	0,30854806	1561299547828	true	true	
29111763	0,01306000	0,15000000	0,00195900	1561299551099	false	true	
29111764	0,01306000	1,84000000	0,02403040	1561299553512	false	true	
29111765	0,01306100	0,78000000	0,01018758	1561299553512	false	true	
29111766	0,01306100	1,84000000	0,02403224	1561299553787	false	true	
29111767	0,01306100	0,66000000	0,00862026	1561299553787	false	true	
29111768	0,01306300	6,00000000	0,07837800	1561299555591	false	true	
29111769	0,01306000	1,84000000	0,02403040	1561299556686	true	true	
29111770	0,01305800	0,15000000	0,00195870	1561299556686	true	true	
29111771	0,01305600	1,32000000	0,01723392	1561299556776	false	true	
29111772	0,01306000	0,15000000	0,00195900	1561299558825	false	true	
29111773	0,01306000	0,23000000	0,00300380	1561299558825	false	true	
29111774	0,01306000	2,07000000	0,02703420	1561299559967	false	true	
29111775	0,01306100	0,67000000	0,00875087	1561299559968	false	true	
29111776	0,01306300	0,38000000	0,00496394	1561299559979	false	true	
29111777	0,01306400	2,50000000	0,03266000	1561299559992	false	true	
29111778	0,01306400	2,50000000	0,03266000	1561299559993	false	true	
29111779	0,01306400	5,00000000	0,06532000	1561299559999	false	true	
29111780	0,01306300	2,50000000	0,03265750	1561299560022	false	true	
29111781	0,01306200	2,17000000	0,02834454	1561299560123	false	true	
29111782	0,01306800	5,00000000	0,06534000	1561299563777	false	true	
29111783	0,01306700	3,26000000	0,04259842	1561299566605	false	true	
29111784	0,01306300	0,43000000	0,00561709	1561299568791	false	true	
29111785	0,01306300	1,62000000	0,02116206	1561299569282	false	true	
29111786	0,01306900	0,10000000	0,00130690	1561299570843	false	true	
29111787	0,01306500	0,15000000	0,00195975	1561299571657	true	true	
29111788	0,01306400	7,65000000	0,09993960	1561299571657	true	true	
29111789	0,01306300	3,04000000	0,03971152	1561299571657	true	true	
29111790	0,01306100	1,00000000	0,01306100	1561299571657	true	true	
29111791	0,01305800	11,06000000	0,14442148	1561299571657	true	true	
29111792	0,01305700	15,31000000	0,19990267	1561299571657	true	true	
29111793	0,01305500	5,30000000	0,06919150	1561299571657	true	true	
29111794	0,01305500	6,49000000	0,08472695	1561299571657	true	true	
29111795	0,01306600	0,15000000	0,00195990	1561299572263	false	true	
29111796	0,01306700	0,56000000	0,00731752	1561299572263	false	true	
29111797	0,01306700	2,02000000	0,02639534	1561299572293	false	true	
29111798	0,01306900	2,04000000	0,02666076	1561299574384	false	true	
29111799	0,01306300	2,38000000	0,03108994	1561299574854	false	true	
29111800	0,01306900	0,14000000	0,00182966	1561299581836	false	true	
29111801	0,01306900	7,65000000	0,09997785	1561299581861	false	true	
29111802	0,01306900	0,14000000	0,00182966	1561299587698	false	true	
29111803	0,01306900	1,35000000	0,01764315	1561299587722	false	true	
29111804	0,01306900	1,35000000	0,01764315	1561299587751	false	true	
29111805	0,01306900	0,90000000	0,01176210	1561299587781	false	true	
29111806	0,01306900	8,47000000	0,11069443	1561299588868	false	true	
29111807	0,01307000	1,00000000	0,01307000	1561299591099	false	true	
29111808	0,01307300	0,15000000	0,00196095	1561299594273	true	true	
29111809	0,01307200	0,61000000	0,00797392	1561299594273	true	true	
29111810	0,01307100	8,56000000	0,11188776	1561299594273	true	true	
29111811	0,01306800	0,29000000	0,00378972	1561299594273	true	true	
29111812	0,01306800	1,35000000	0,01764180	1561299594273	true	true	
29111813	0,01306700	14,98000000	0,19574366	1561299594273	true	true	
29111814	0,01306600	10,00000000	0,13066000	1561299594273	true	true	
29111815	0,01306300	2,05000000	0,02677915	1561299594273	true	true	
29111816	0,01306200	9,05000000	0,11821110	1561299594273	true	true	
29111817	0,01307100	0,15000000	0,00196065	1561299601806	false	true	
29111818	0,01307100	2,02000000	0,02640342	1561299602883	false	true	
29111819	0,01307100	3,13000000	0,04091223	1561299602889	false	true	
29111820	0,01307200	2,02000000	0,02640544	1561299602915	false	true	
29111821	0,01307200	0,15000000	0,00196080	1561299605819	true	true	
29111822	0,01307600	0,15000000	0,00196140	1561299606622	false	true	
29111823	0,01307600	2,66000000	0,03478216	1561299606622	false	true	
29111824	0,01307300	0,15000000	0,00196095	1561299606803	true	true	
29111825	0,01307200	0,15000000	0,00196080	1561299607184	true	true	
29111826	0,01307100	2,02000000	0,02640342	1561299607184	true	true	
29111827	0,01307100	0,10000000	0,00130710	1561299613828	false	true	
29111828	0,01306600	0,70000000	0,00914620	1561299613867	false	true	
29111829	0,01306400	0,15000000	0,00195960	1561299614094	true	true	
29111830	0,01306400	0,52000000	0,00679328	1561299614094	true	true	
29111831	0,01306200	0,62000000	0,00809844	1561299614094	true	true	
29111832	0,01306900	0,35000000	0,00457415	1561299614243	false	true	
29111833	0,01307100	2,87000000	0,03751377	1561299621881	false	true	
29111834	0,01307600	4,03000000	0,05269628	1561299623756	false	true	
29111835	0,01307900	0,19000000	0,00248501	1561299628331	false	true	
29111836	0,01307800	0,15000000	0,00196170	1561299632817	true	true	
29111837	0,01307800	0,15000000	0,00196170	1561299636104	true	true	
29111838	0,01307700	0,08000000	0,00104616	1561299636104	true	true	
29111839	0,01307700	2,72000000	0,03556944	1561299638158	true	true	
29111840	0,01307700	1,06000000	0,01386162	1561299638158	true	true	
29111841	0,01307500	0,08000000	0,00104600	1561299640841	true	true	
29111842	0,01307400	0,14000000	0,00183036	1561299644285	true	true	
29111843	0,01307400	2,71000000	0,03543054	1561299644306	true	true	
29111844	0,01307300	0,15000000	0,00196095	1561299646819	false	true	
29111845	0,01307200	4,48000000	0,05856256	1561299651567	false	true	
29111846	0,01307100	0,15000000	0,00196065	1561299651618	true	true	
29111847	0,01306700	0,15000000	0,00196005	1561299651921	true	true	
29111848	0,01307100	0,15000000	0,00196065	1561299652582	false	true	
29111849	0,01307200	2,25000000	0,02941200	1561299652582	false	true	
29111850	0,01306900	0,15000000	0,00196035	1561299652778	true	true	
29111851	0,01306800	10,00000000	0,13068000	1561299652870	true	true	
29111852	0,01306500	3,52000000	0,04598880	1561299659456	true	true	
29111853	0,01306400	2,67000000	0,03488088	1561299669569	false	true	
29111854	0,01306500	0,30000000	0,00391950	1561299674882	false	true	
29111855	0,01306400	1,23000000	0,01606872	1561299675896	false	true	
29111856	0,01306500	0,15000000	0,00195975	1561299677087	false	true	
29111857	0,01306800	3,09000000	0,04038012	1561299677284	false	true	
29111858	0,01306600	0,98000000	0,01280468	1561299685357	true	true	
29111859	0,01306600	0,78000000	0,01019148	1561299685811	true	true	
29111860	0,01306500	0,15000000	0,00195975	1561299685899	true	true	
29111861	0,01306300	3,09000000	0,04036467	1561299687221	true	true	
29111862	0,01306200	0,15000000	0,00195930	1561299689807	true	true	
29111863	0,01306000	0,15000000	0,00195900	1561299690750	true	true	
29111864	0,01305900	3,17000000	0,04139703	1561299690750	true	true	
29111865	0,01305900	5,93000000	0,07743987	1561299690869	true	true	
29111866	0,01305900	0,45000000	0,00587655	1561299690869	true	true	
29111867	0,01305600	0,09000000	0,00117504	1561299694809	true	true	
29111868	0,01305500	0,14000000	0,00182770	1561299695045	false	true	
29111869	0,01305500	0,01000000	0,00013055	1561299695376	false	true	
29111870	0,01305500	0,14000000	0,00182770	1561299695478	false	true	
29111871	0,01305500	0,16000000	0,00208880	1561299695510	false	true	
29111872	0,01305700	0,93000000	0,01214301	1561299696974	false	true	
29111873	0,01305900	3,06000000	0,03996054	1561299701802	true	true	
29111874	0,01306000	0,59000000	0,00770540	1561299701802	false	true	
29111875	0,01306200	0,10000000	0,00130620	1561299715700	false	true	
29111876	0,01306500	3,35000000	0,04376775	1561299715700	false	true	
29111877	0,01306500	0,55000000	0,00718575	1561299715700	false	true	
29111878	0,01306300	4,08000000	0,05329704	1561299716274	true	true	
29111879	0,01306100	0,15000000	0,00195915	1561299717916	true	true	
29111880	0,01306000	2,65000000	0,03460900	1561299718818	true	true	
29111881	0,01305800	1,91000000	0,02494078	1561299723523	false	true	
29111882	0,01305700	0,15000000	0,00195855	1561299726338	true	true	
29111883	0,01305600	0,15000000	0,00195840	1561299728736	false	true	
29111884	0,01305700	3,20000000	0,04178240	1561299728817	false	true	
29111885	0,01305700	9,53000000	0,12443321	1561299728912	false	true	
29111886	0,01306000	0,15000000	0,00195900	1561299730528	false	true	
29111887	0,01306100	0,56000000	0,00731416	1561299731064	false	true	
29111888	0,01306100	0,44000000	0,00574684	1561299732832	false	true	
29111889	0,01306300	0,96000000	0,01254048	1561299734046	false	true	
29111890	0,01306300	0,08000000	0,00104504	1561299740359	true	true	
29111891	0,01306300	2,11000000	0,02756293	1561299740385	true	true	
29111892	0,01306400	0,14000000	0,00182896	1561299747866	false	true	
29111893	0,01306400	5,13000000	0,06701832	1561299747908	false	true	
29111894	0,01306400	2,52000000	0,03292128	1561299747908	false	true	
29111895	0,01306400	0,61000000	0,00796904	1561299749271	false	true	
29111896	0,01306400	2,14000000	0,02795696	1561299749439	false	true	
29111897	0,01306600	0,11000000	0,00143726	1561299755138	false	true	
29111898	0,01306600	3,20000000	0,04181120	1561299755846	false	true	
29111899	0,01306400	1,20000000	0,01567680	1561299757629	true	true	
29111900	0,01306300	1,50000000	0,01959450	1561299762693	false	true	
29111901	0,01306500	0,22000000	0,00287430	1561299762693	false	true	
29111902	0,01306500	1,50000000	0,01959750	1561299765686	false	true	
29111903	0,01306600	0,03000000	0,00039198	1561299765686	false	true	
29111904	0,01306600	3,11000000	0,04063526	1561299765889	false	true	
29111905	0,01306200	2,26000000	0,02952012	1561299773129	false	true	
29111906	0,01306500	0,79000000	0,01032135	1561299773135	false	true	
29111907	0,01306600	0,18000000	0,00235188	1561299776840	false	true	
29111908	0,01306600	1,57000000	0,02051362	1561299780245	false	true	
29111909	0,01306600	2,33000000	0,03044378	1561299780518	false	true	
29111910	0,01306400	0,70000000	0,00914480	1561299783500	true	true	
29111911	0,01306600	0,27000000	0,00352782	1561299783580	false	true	
29111912	0,01306400	0,60000000	0,00783840	1561299783704	true	true	
29111913	0,01306500	0,08000000	0,00104520	1561299785579	false	true	
29111914	0,01306300	0,12000000	0,00156756	1561299786762	true	true	
29111915	0,01306300	5,59000000	0,07302217	1561299786877	true	true	
29111916	0,01306400	0,15000000	0,00195960	1561299789379	true	true	
29111917	0,01306300	22,86000000	0,29862018	1561299789379	true	true	
29111918	0,01306500	0,64000000	0,00836160	1561299790814	false	true	
29111919	0,01306600	3,13000000	0,04089658	1561299790814	false	true	
29111920	0,01306400	0,15000000	0,00195960	1561299791184	true	true	
29111921	0,01306300	0,55000000	0,00718465	1561299791304	true	true	
29111922	0,01306300	2,88000000	0,03762144	1561299791601	true	true	
29111923	0,01306300	3,38000000	0,04415294	1561299791921	true	true	
29111924	0,01306300	7,65000000	0,09993195	1561299791950	true	true	
29111925	0,01306300	3,30000000	0,04310790	1561299794148	true	true	
29111926	0,01306300	0,15000000	0,00195945	1561299794286	true	true	
29111927	0,01306200	0,09000000	0,00117558	1561299794459	true	true	
29111928	0,01306200	0,15000000	0,00195930	1561299802310	false	true	
29111929	0,01306300	1,53000000	0,01998639	1561299802310	false	true	
29111930	0,01306300	2,09000000	0,02730167	1561299802310	false	true	
29111931	0,01306200	0,30000000	0,00391860	1561299805857	false	true	
29111932	0,01306200	1,02000000	0,01332324	1561299805857	false	true	
29111933	0,01306200	3,46000000	0,04519452	1561299809197	false	true	
29111934	0,01306300	0,22000000	0,00287386	1561299812982	false	true	
29111935	0,01306800	2,84000000	0,03711312	1561299812982	false	true	
29111936	0,01306400	0,64000000	0,00836096	1561299819966	true	true	
29111937	0,01306400	3,17000000	0,04141288	1561299819966	true	true	
29111938	0,01306400	0,20000000	0,00261280	1561299820228	false	true	
29111939	0,01306700	0,68000000	0,00888556	1561299823596	false	true	
29111940	0,01306700	0,65000000	0,00849355	1561299824312	false	true	
29111941	0,01306300	0,15000000	0,00195945	1561299826284	true	true	
29111942	0,01306300	3,13000000	0,04088719	1561299826284	true	true	
29111943	0,01306200	0,03000000	0,00039186	1561299826284	true	true	
29111944	0,01306300	0,15000000	0,00195945	1561299826979	true	true	
29111945	0,01306200	0,35000000	0,00457170	1561299827829	true	true	
29111946	0,01306200	3,13000000	0,04088406	1561299827829	true	true	
29111947	0,01305900	0,15000000	0,00195885	1561299828827	false	true	
29111948	0,01306000	1,94000000	0,02533640	1561299828827	false	true	
29111949	0,01305900	0,15000000	0,00195885	1561299828896	false	true	
29111950	0,01306000	1,09000000	0,01423540	1561299828896	false	true	
29111951	0,01306600	0,15000000	0,00195990	1561299835839	true	true	
29111952	0,01306500	3,20000000	0,04180800	1561299837123	true	true	
29111953	0,01306500	9,02000000	0,11784630	1561299837147	true	true	
29111954	0,01306500	2,50000000	0,03266250	1561299837166	true	true	
29111955	0,01306500	0,76000000	0,00992940	1561299837171	true	true	
29111956	0,01306300	1,64000000	0,02142332	1561299844600	false	true	
29111957	0,01306400	0,15000000	0,00195960	1561299845076	false	true	
29111958	0,01306400	0,56000000	0,00731584	1561299845076	false	true	
29111959	0,01306500	2,93000000	0,03828045	1561299853552	true	true	
29111960	0,01306400	19,08000000	0,24926112	1561299855183	true	true	
29111961	0,01306500	0,71000000	0,00927615	1561299856521	false	true	
29111962	0,01306400	0,14000000	0,00182896	1561299856939	false	true	
29111963	0,01306400	2,35000000	0,03070040	1561299858543	false	true	
29111964	0,01306300	0,61000000	0,00796843	1561299860056	true	true	
29111965	0,01306300	0,46000000	0,00600898	1561299861883	true	true	
29111966	0,01306300	2,12000000	0,02769356	1561299861883	true	true	
29111967	0,01306300	0,72000000	0,00940536	1561299863823	false	true	
29111968	0,01306400	1,92000000	0,02508288	1561299865231	true	true	
29111969	0,01306400	0,63000000	0,00823032	1561299865425	true	true	
29111970	0,01306300	0,14000000	0,00182882	1561299874142	false	true	
29111971	0,01306300	9,86000000	0,12880118	1561299875082	false	true	
29111972	0,01306400	1,93000000	0,02521352	1561299875188	false	true	
29111973	0,01306600	0,95000000	0,01241270	1561299875595	false	true	
29111974	0,01306300	1,20000000	0,01567560	1561299875931	true	true	
29111975	0,01306200	0,15000000	0,00195930	1561299875931	true	true	
29111976	0,01305900	0,93000000	0,01214487	1561299875931	true	true	
29111977	0,01306500	0,15000000	0,00195975	1561299878552	false	true	
29111978	0,01306500	1,03000000	0,01345695	1561299878552	false	true	
29111979	0,01306500	0,14000000	0,00182910	1561299880948	false	true	
29111980	0,01306300	0,15000000	0,00195945	1561299882351	true	true	
29111981	0,01306200	5,58000000	0,07288596	1561299882856	false	true	
29111982	0,01306400	0,15000000	0,00195960	1561299883589	false	true	
29111983	0,01306500	0,29000000	0,00378885	1561299883693	false	true	
29111984	0,01306500	0,68000000	0,00888420	1561299886199	false	true	
29111985	0,01306300	0,99000000	0,01293237	1561299887232	true	true	
29111986	0,01306100	0,15000000	0,00195915	1561299887232	true	true	
29111987	0,01306000	7,35000000	0,09599100	1561299887232	true	true	
29111988	0,01306300	0,66000000	0,00862158	1561299889825	false	true	
29111989	0,01306300	0,71000000	0,00927473	1561299890353	false	true	
29111990	0,01306200	5,35000000	0,06988170	1561299891892	false	true	
29111991	0,01306300	1,09000000	0,01423867	1561299891892	false	true	
29111992	0,01306400	0,15000000	0,00195960	1561299893480	false	true	
29111993	0,01306500	1,32000000	0,01724580	1561299895025	false	true	
29111994	0,01306400	1,22000000	0,01593808	1561299905989	true	true	
29111995	0,01306600	1,31000000	0,01711646	1561299909976	false	true	
29111996	0,01306600	0,38000000	0,00496508	1561299911122	true	true	
29111997	0,01306600	0,71000000	0,00927686	1561299914253	false	true	
29111998	0,01306600	0,46000000	0,00601036	1561299915626	false	true	
29111999	0,01306500	1,54000000	0,02012010	1561299927158	false	true	
29112000	0,01306500	0,60000000	0,00783900	1561299931927	false	true	
29112001	0,01306500	0,14000000	0,00182910	1561299932007	false	true	
29112002	0,01306500	0,56000000	0,00731640	1561299932834	false	true	
29112003	0,01306500	0,29000000	0,00378885	1561299936322	false	true	
29112004	0,01306400	13,28000000	0,17348992	1561299938111	true	true	
29112005	0,01306400	3,32000000	0,04337248	1561299938285	true	true	
29112006	0,01306500	0,71000000	0,00927615	1561299941262	false	true	
29112007	0,01306500	0,54000000	0,00705510	1561299941855	false	true	
29112008	0,01306500	0,54000000	0,00705510	1561299941938	false	true	
29112009	0,01306500	0,54000000	0,00705510	1561299941940	false	true	
29112010	0,01306500	0,54000000	0,00705510	1561299941985	false	true	
29112011	0,01306500	0,36000000	0,00470340	1561299942030	false	true	
29112012	0,01306500	2,50000000	0,03266250	1561299942826	false	true	
29112013	0,01306500	0,06000000	0,00078390	1561299942843	false	true	
29112014	0,01306500	0,70000000	0,00914550	1561299942843	false	true	
29112015	0,01306500	0,15000000	0,00195975	1561299943647	true	true	
29112016	0,01306400	6,02000000	0,07864528	1561299943647	true	true	
29112017	0,01306900	0,15000000	0,00196035	1561299945966	false	true	
29112018	0,01307000	0,29000000	0,00379030	1561299946057	false	true	
29112019	0,01307000	0,41000000	0,00535870	1561299946057	false	true	
29112020	0,01307100	1,92000000	0,02509632	1561299961114	true	true	
29112021	0,01307100	1,44000000	0,01882224	1561299961135	true	true	
29112022	0,01307000	2,95000000	0,03855650	1561299961960	true	true	
29112023	0,01307000	0,47000000	0,00614290	1561299968145	true	true	
29112024	0,01307100	2,95000000	0,03855945	1561299968278	true	true	
29112025	0,01307100	4,40000000	0,05751240	1561299968281	true	true	
29112026	0,01307100	2,95000000	0,03855945	1561299968832	false	true	
29112027	0,01307100	5,22000000	0,06823062	1561299968832	false	true	
29112028	0,01307200	6,63000000	0,08666736	1561299969842	false	true	
29112029	0,01307200	8,81000000	0,11516432	1561299969842	false	true	
29112030	0,01307400	1,90000000	0,02484060	1561299970893	false	true	
29112031	0,01307300	0,15000000	0,00196095	1561299972751	true	true	
29112032	0,01307100	10,69000000	0,13972899	1561299972825	false	true	
29112033	0,01307300	3,09000000	0,04039557	1561299977293	true	true	
29112034	0,01307300	1,93000000	0,02523089	1561299977680	true	true	
29112035	0,01307200	3,97000000	0,05189584	1561299977682	true	true	
29112036	0,01307400	0,14000000	0,00183036	1561299978016	false	true	
29112037	0,01307200	3,32000000	0,04339904	1561299978472	true	true	
29112038	0,01307100	0,15000000	0,00196065	1561299979111	true	true	
29112039	0,01307100	3,17000000	0,04143507	1561299979111	true	true	
29112040	0,01307100	0,15000000	0,00196065	1561299979828	true	true	
29112041	0,01307400	0,01000000	0,00013074	1561299996009	false	true	
29112042	0,01307500	0,73000000	0,00954475	1561299996137	true	true	
29112043	0,01307500	23,75000000	0,31053125	1561299996161	true	true	
29112044	0,01307500	2,51000000	0,03281825	1561299996163	true	true	
29112045	0,01307500	1,67000000	0,02183525	1561299996192	true	true	
29112046	0,01307500	3,32000000	0,04340900	1561299996473	true	true	
29112047	0,01307500	1,11000000	0,01451325	1561299996501	true	true	
29112048	0,01307500	0,74000000	0,00967550	1561299996830	true	true	
29112049	0,01307600	0,15000000	0,00196140	1561299996946	true	true	
29112050	0,01307500	0,35000000	0,00457625	1561299996946	true	true	
29112051	0,01307500	0,45000000	0,00588375	1561299996998	true	true	
29112052	0,01307500	0,30000000	0,00392250	1561299997219	true	true	
29112053	0,01307500	0,20000000	0,00261500	1561299997249	true	true	
29112054	0,01307500	0,20000000	0,00261500	1561299997274	true	true	
29112055	0,01307500	4,13000000	0,05399975	1561299998510	true	true	
29112056	0,01307600	2,51000000	0,03282076	1561299999720	true	true	
29112057	0,01307600	0,24000000	0,00313824	1561300000085	true	true	
29112058	0,01307600	0,74000000	0,00967624	1561300001819	true	true	
29112059	0,01307600	0,73000000	0,00954548	1561300001840	true	true	
29112060	0,01307700	4,09000000	0,05348493	1561300002237	false	true	
29112061	0,01307600	2,72000000	0,03556672	1561300007443	true	true	
29112062	0,01307800	0,30000000	0,00392340	1561300008713	false	true	
29112063	0,01308000	27,91000000	0,36506280	1561300009545	true	true	
29112064	0,01307800	3,35000000	0,04381130	1561300010358	true	true	
29112065	0,01307900	2,06000000	0,02694274	1561300014351	true	true	
29112066	0,01308000	0,09000000	0,00117720	1561300015434	false	true	
29112067	0,01308000	2,61000000	0,03413880	1561300015434	false	true	
29112068	0,01307800	0,29000000	0,00379262	1561300015813	true	true	
29112069	0,01308100	0,58000000	0,00758698	1561300017896	false	true	
29112070	0,01308100	0,19000000	0,00248539	1561300017896	false	true	
29112071	0,01308000	1,12000000	0,01464960	1561300020307	true	true	
29112072	0,01308100	1,48000000	0,01935988	1561300020514	false	true	
29112073	0,01308700	0,15000000	0,00196305	1561300021727	false	true	
29112074	0,01308800	0,85000000	0,01112480	1561300021727	false	true	
29112075	0,01308200	0,15000000	0,00196230	1561300023138	true	true	
29112076	0,01308100	0,34000000	0,00444754	1561300024035	false	true	
29112077	0,01308600	0,15000000	0,00196290	1561300025916	false	true	
29112078	0,01308700	1,00000000	0,01308700	1561300025916	false	true	
29112079	0,01308400	0,15000000	0,00196260	1561300027329	true	true	
29112080	0,01308300	1,31000000	0,01713873	1561300027329	true	true	
29112081	0,01308400	0,15000000	0,00196260	1561300028807	true	true	
29112082	0,01308300	0,65000000	0,00850395	1561300029259	true	true	
29112083	0,01308300	0,33000000	0,00431739	1561300030637	true	true	
29112084	0,01308000	0,98000000	0,01281840	1561300032093	true	true	
29112085	0,01308000	1,01000000	0,01321080	1561300033636	true	true	
29112086	0,01308200	1,59000000	0,02080038	1561300034191	false	true	
29112087	0,01308100	0,24000000	0,00313944	1561300034224	true	true	
29112088	0,01308100	0,15000000	0,00196215	1561300034514	true	true	
29112089	0,01308200	2,89000000	0,03780698	1561300040085	false	true	
29112090	0,01308100	10,00000000	0,13081000	1561300041795	true	true	
29112091	0,01308100	7,05000000	0,09222105	1561300041795	true	true	
29112092	0,01308100	1,98000000	0,02590038	1561300046284	true	true	
29112093	0,01308200	3,19000000	0,04173158	1561300046284	false	true	
29112094	0,01308200	2,82000000	0,03689124	1561300055285	false	true	
29112095	0,01308300	0,65000000	0,00850395	1561300060744	false	true	
29112096	0,01308100	0,15000000	0,00196215	1561300062743	true	true	
29112097	0,01308100	0,12000000	0,00156972	1561300063121	false	true	
29112098	0,01308100	1,73000000	0,02263013	1561300071868	false	true	
29112099	0,01308300	0,37000000	0,00484071	1561300071868	false	true	
29112100	0,01308300	1,73000000	0,02263359	1561300073843	false	true	
29112101	0,01308300	2,47000000	0,03231501	1561300076036	false	true	
29112102	0,01308100	0,50000000	0,00654050	1561300077568	false	true	
29112103	0,01308400	0,14000000	0,00183176	1561300078501	false	true	
29112104	0,01308300	1,32000000	0,01726956	1561300083832	false	true	
29112105	0,01308300	3,25000000	0,04251975	1561300084117	false	true	
29112106	0,01308400	0,01000000	0,00013084	1561300089773	false	true	
29112107	0,01308400	0,13000000	0,00170092	1561300089773	false	true	
29112108	0,01308400	4,86000000	0,06358824	1561300089826	false	true	
29112109	0,01308400	0,81000000	0,01059804	1561300091940	true	true	
29112110	0,01308400	31,89000000	0,41724876	1561300093830	false	true	
29112111	0,01308400	1,22000000	0,01596248	1561300095585	true	true	
29112112	0,01308300	0,15000000	0,00196245	1561300097859	true	true	
29112113	0,01308000	2,23000000	0,02916840	1561300109553	true	true	
29112114	0,01308000	2,23000000	0,02916840	1561300109579	true	true	
29112115	0,01308000	0,74000000	0,00967920	1561300109740	true	true	
29112116	0,01308000	0,50000000	0,00654000	1561300109769	true	true	
29112117	0,01308000	0,33000000	0,00431640	1561300109796	true	true	
29112118	0,01308000	0,28000000	0,00366240	1561300109890	true	true	
29112119	0,01308000	13,09000000	0,17121720	1561300109928	true	true	
29112120	0,01307900	0,22000000	0,00287738	1561300109966	true	true	
29112121	0,01307900	5,78000000	0,07559662	1561300110001	true	true	
29112122	0,01307900	0,31000000	0,00405449	1561300110962	true	true	
29112123	0,01307900	0,31000000	0,00405449	1561300110996	true	true	
29112124	0,01307900	0,46000000	0,00601634	1561300111037	true	true	
29112125	0,01307900	0,26000000	0,00340054	1561300111068	true	true	
29112126	0,01307900	2,04000000	0,02668116	1561300111274	true	true	
29112127	0,01307900	1,69000000	0,02210351	1561300112731	true	true	
29112128	0,01307800	1,75000000	0,02288650	1561300112868	true	true	
29112129	0,01307800	0,08000000	0,00104624	1561300112868	true	true	
29112130	0,01307500	0,14000000	0,00183050	1561300122367	true	true	
29112131	0,01307800	0,14000000	0,00183092	1561300124965	false	true	
29112132	0,01307600	6,59000000	0,08617084	1561300126546	false	true	
29112133	0,01307700	2,80000000	0,03661560	1561300133453	false	true	
29112134	0,01307500	4,65000000	0,06079875	1561300133528	true	true	
29112135	0,01307600	4,15000000	0,05426540	1561300143474	true	true	
29112136	0,01307500	0,14000000	0,00183050	1561300146465	true	true	
29112137	0,01307600	3,41000000	0,04458916	1561300161526	true	true	
29112138	0,01307500	37,52000000	0,49057400	1561300164558	true	true	
29112139	0,01307600	1,80000000	0,02353680	1561300169198	true	true	
29112140	0,01307600	2,56000000	0,03347456	1561300169225	true	true	
29112141	0,01307500	3,29000000	0,04301675	1561300170720	true	true	
29112142	0,01307500	1,78000000	0,02327350	1561300172135	true	true	
29112143	0,01307600	1,37000000	0,01791412	1561300174404	false	true	
29112144	0,01307500	8,52000000	0,11139900	1561300176207	true	true	
29112145	0,01307600	2,73000000	0,03569748	1561300179980	true	true	
29112146	0,01307500	3,32000000	0,04340900	1561300180819	true	true	
29112147	0,01307500	12,60000000	0,16474500	1561300185156	true	true	
29112148	0,01307500	39,79000000	0,52025425	1561300186337	true	true	
29112149	0,01307500	1,74000000	0,02275050	1561300186833	true	true	
29112150	0,01307500	0,10000000	0,00130750	1561300186833	true	true	
29112151	0,01307500	0,14000000	0,00183050	1561300186833	true	true	
29112152	0,01306900	0,15000000	0,00196035	1561300188853	false	true	
29112153	0,01306900	3,20000000	0,04182080	1561300189844	false	true	
29112154	0,01306800	0,16000000	0,00209088	1561300195064	false	true	
29112155	0,01306800	2,77000000	0,03619836	1561300195850	false	true	
29112156	0,01306700	2,12000000	0,02770204	1561300198371	false	true	
29112157	0,01306900	1,88000000	0,02456972	1561300198474	false	true	
29112158	0,01306900	0,81000000	0,01058589	1561300198474	false	true	
29112159	0,01306900	0,94000000	0,01228486	1561300198483	false	true	
29112160	0,01307100	0,15000000	0,00196065	1561300200864	true	true	
29112161	0,01307300	0,15000000	0,00196095	1561300204477	false	true	
29112162	0,01307400	7,85000000	0,10263090	1561300206491	true	true	
29112163	0,01307600	0,20000000	0,00261520	1561300206626	false	true	
29112164	0,01307300	0,15000000	0,00196095	1561300208508	true	true	
29112165	0,01307300	0,14000000	0,00183022	1561300208508	true	true	
29112166	0,01307500	0,15000000	0,00196125	1561300218117	false	true	
29112167	0,01307200	3,18000000	0,04156896	1561300224163	false	true	
29112168	0,01307500	1,34000000	0,01752050	1561300224163	false	true	
29112169	0,01307500	3,18000000	0,04157850	1561300225364	false	true	
29112170	0,01307600	0,28000000	0,00366128	1561300225364	false	true	
29112171	0,01307400	1,10000000	0,01438140	1561300232061	false	true	
29112172	0,01307500	0,14000000	0,00183050	1561300236591	false	true	
29112173	0,01307300	6,05000000	0,07909165	1561300245671	true	true	
29112174	0,01307500	0,02000000	0,00026150	1561300252419	false	true	
29112175	0,01308100	0,06000000	0,00078486	1561300252419	false	true	
29112176	0,01307700	0,15000000	0,00196155	1561300260283	true	true	
29112177	0,01307700	2,33000000	0,03046941	1561300261183	true	true	
29112178	0,01307600	3,30000000	0,04315080	1561300261183	true	true	
29112179	0,01307400	0,15000000	0,00196110	1561300261307	false	true	
29112180	0,01307500	0,50000000	0,00653750	1561300261796	false	true	
29112181	0,01307500	0,77000000	0,01006775	1561300262540	false	true	
29112182	0,01307500	0,52000000	0,00679900	1561300262812	false	true	
29112183	0,01307500	0,34000000	0,00444550	1561300263453	false	true	
29112184	0,01307500	0,34000000	0,00444550	1561300263497	false	true	
29112185	0,01307500	0,14000000	0,00183050	1561300265267	false	true	
29112186	0,01307500	1,02000000	0,01333650	1561300268751	false	true	
29112187	0,01307500	0,14000000	0,00183050	1561300271077	false	true	
29112188	0,01307500	7,72000000	0,10093900	1561300271839	false	true	
29112189	0,01307500	13,85000000	0,18108875	1561300275049	false	true	
29112190	0,01307500	6,02000000	0,07871150	1561300275072	false	true	
29112191	0,01308200	5,18000000	0,06776476	1561300283055	false	true	
29112192	0,01308200	0,50000000	0,00654100	1561300289172	false	true	
29112193	0,01308100	4,33000000	0,05664073	1561300291868	true	true	
29112194	0,01308100	2,15000000	0,02812415	1561300303609	false	true	
29112195	0,01308100	1,13000000	0,01478153	1561300303609	false	true	
29112196	0,01308100	2,15000000	0,02812415	1561300304211	true	true	
29112197	0,01308000	0,15000000	0,00196200	1561300305291	true	true	
29112198	0,01307900	0,15000000	0,00196185	1561300305776	false	true	
29112199	0,01307800	0,14000000	0,00183092	1561300308060	false	true	
29112200	0,01307800	0,89000000	0,01163942	1561300308069	false	true	
29112201	0,01307800	0,60000000	0,00784680	1561300308878	false	true	
29112202	0,01307800	0,51000000	0,00666978	1561300308936	false	true	
29112203	0,01308100	1,24000000	0,01622044	1561300310373	false	true	
29112204	0,01308100	1,24000000	0,01622044	1561300310584	false	true	
29112205	0,01308000	4,32000000	0,05650560	1561300310625	true	true	
29112206	0,01308100	1,63000000	0,02132203	1561300310628	false	true	
29112207	0,01308400	0,50000000	0,00654200	1561300312707	false	true	
29112208	0,01308400	11,46000000	0,14994264	1561300312956	false	true	
29112209	0,01308400	2,50000000	0,03271000	1561300313124	false	true	
29112210	0,01308400	3,56000000	0,04657904	1561300313258	false	true	
29112211	0,01308400	0,14000000	0,00183176	1561300314296	false	true	
29112212	0,01308400	0,14000000	0,00183176	1561300314929	false	true	
29112213	0,01308400	25,50000000	0,33364200	1561300315110	false	true	
29112214	0,01308500	3,08000000	0,04030180	1561300316495	false	true	
29112215	0,01309000	0,14000000	0,00183260	1561300322407	false	true	
29112216	0,01309000	0,10000000	0,00130900	1561300325237	false	true	
29112217	0,01309600	3,36000000	0,04400256	1561300327359	true	true	
29112218	0,01309100	0,15000000	0,00196365	1561300329398	true	true	
29112219	0,01309100	0,15000000	0,00196365	1561300329802	true	true	
29112220	0,01309000	2,30000000	0,03010700	1561300329802	true	true	
29112221	0,01309000	2,40000000	0,03141600	1561300329834	true	true	
29112222	0,01309200	0,83000000	0,01086636	1561300330862	true	true	
29112223	0,01309200	0,83000000	0,01086636	1561300330937	true	true	
29112224	0,01309200	0,56000000	0,00733152	1561300330981	true	true	
29112225	0,01309200	7,78000000	0,10185576	1561300331521	true	true	
29112226	0,01309100	0,15000000	0,00196365	1561300332550	true	true	
29112227	0,01309300	2,14000000	0,02801902	1561300334878	false	true	
29112228	0,01309200	2,67000000	0,03495564	1561300340436	true	true	
29112229	0,01309300	2,57000000	0,03364901	1561300349418	false	true	
29112230	0,01309400	0,11000000	0,00144034	1561300353672	false	true	
29112231	0,01309400	0,04000000	0,00052376	1561300355056	false	true	
29112232	0,01309500	0,30000000	0,00392850	1561300355647	false	true	
29112233	0,01309600	2,89000000	0,03784744	1561300355647	false	true	
29112234	0,01309600	3,19000000	0,04177624	1561300355683	false	true	
29112235	0,01309300	4,82000000	0,06310826	1561300359431	false	true	
29112236	0,01309500	1,20000000	0,01571400	1561300359439	false	true	
29112237	0,01309500	0,14000000	0,00183330	1561300360302	false	true	
29112238	0,01309500	0,14000000	0,00183330	1561300361357	false	true	
29112239	0,01309500	3,03000000	0,03967785	1561300362875	false	true	
29112240	0,01309500	3,03000000	0,03967785	1561300362913	false	true	
29112241	0,01309500	2,02000000	0,02645190	1561300362943	false	true	
29112242	0,01309400	4,28000000	0,05604232	1561300366852	true	true	
29112243	0,01309300	0,15000000	0,00196395	1561300367370	true	true	
29112244	0,01309300	7,20000000	0,09426960	1561300368456	false	true	
29112245	0,01309100	0,15000000	0,00196365	1561300371173	true	true	
29112246	0,01309000	0,23000000	0,00301070	1561300371812	true	true	
29112247	0,01308800	3,19000000	0,04175072	1561300374891	true	true	
29112248	0,01308800	3,19000000	0,04175072	1561300374960	true	true	
29112249	0,01308800	3,62000000	0,04737856	1561300374983	true	true	
29112250	0,01308800	3,47000000	0,04541536	1561300377745	false	true	
29112251	0,01308700	0,15000000	0,00196305	1561300381808	true	true	
29112252	0,01308700	0,30000000	0,00392610	1561300381808	true	true	
29112253	0,01308700	9,70000000	0,12694390	1561300381833	true	true	
29112254	0,01308600	0,14000000	0,00183204	1561300383048	false	true	
29112255	0,01308500	0,99000000	0,01295415	1561300383356	false	true	
29112256	0,01308500	0,14000000	0,00183190	1561300384191	false	true	
29112257	0,01308500	0,12000000	0,00157020	1561300384854	false	true	
29112258	0,01308600	0,01000000	0,00013086	1561300386065	false	true	
29112259	0,01309000	1,40000000	0,01832600	1561300386148	false	true	
29112260	0,01308800	1,51000000	0,01976288	1561300395175	false	true	
29112261	0,01308800	0,14000000	0,00183232	1561300395418	true	true	
29112262	0,01308700	1,57000000	0,02054659	1561300395723	true	true	
29112263	0,01308700	8,04000000	0,10521948	1561300395753	true	true	
29112264	0,01308800	0,14000000	0,00183232	1561300396421	true	true	
29112265	0,01308800	9,86000000	0,12904768	1561300396524	true	true	
29112266	0,01308900	0,18000000	0,00235602	1561300397299	false	true	
29112267	0,01308700	4,41000000	0,05771367	1561300397797	true	true	
29112268	0,01308800	7,64000000	0,09999232	1561300399898	true	true	
29112269	0,01308800	10,00000000	0,13088000	1561300400529	true	true	
29112270	0,01308700	2,09000000	0,02735183	1561300401736	true	true	
29112271	0,01308700	0,45000000	0,00588915	1561300401767	true	true	
29112272	0,01308600	0,15000000	0,00196290	1561300401875	true	true	
29112273	0,01308100	0,15000000	0,00196215	1561300401889	true	true	
29112274	0,01308600	2,50000000	0,03271500	1561300407851	true	true	
29112275	0,01308500	2,08000000	0,02721680	1561300408472	false	true	
29112276	0,01308600	0,30000000	0,00392580	1561300408520	false	true	
29112277	0,01308700	4,01000000	0,05247887	1561300408520	false	true	
29112278	0,01308700	1,14000000	0,01491918	1561300408520	false	true	
29112279	0,01308400	0,15000000	0,00196260	1561300414398	true	true	
29112280	0,01308400	0,06000000	0,00078504	1561300414398	true	true	
29112281	0,01308600	2,00000000	0,02617200	1561300419242	false	true	
29112282	0,01308400	3,48000000	0,04553232	1561300419995	true	true	
29112283	0,01308600	2,33000000	0,03049038	1561300419999	false	true	
29112284	0,01308300	0,11000000	0,00143913	1561300420011	true	true	
29112285	0,01308500	3,40000000	0,04448900	1561300426439	false	true	
29112286	0,01308400	0,15000000	0,00196260	1561300428731	true	true	
29112287	0,01308300	0,44000000	0,00575652	1561300428731	true	true	
29112288	0,01308000	8,03000000	0,10503240	1561300428731	true	true	
29112289	0,01308500	0,15000000	0,00196275	1561300428834	false	true	
29112290	0,01308500	0,14000000	0,00183190	1561300428955	false	true	
29112291	0,01308500	0,16000000	0,00209360	1561300429061	false	true	
29112292	0,01308600	1,55000000	0,02028330	1561300430952	false	true	
29112293	0,01308200	5,66000000	0,07404412	1561300436391	false	true	
29112294	0,01308500	2,75000000	0,03598375	1561300436403	false	true	
29112295	0,01308500	3,95000000	0,05168575	1561300443213	false	true	
29112296	0,01308500	1,00000000	0,01308500	1561300453396	false	true	
29112297	0,01308500	1,06000000	0,01387010	1561300453805	false	true	
29112298	0,01308600	0,28000000	0,00366408	1561300457617	false	true	
29112299	0,01308500	0,28000000	0,00366380	1561300464844	false	true	
29112300	0,01308500	2,33000000	0,03048805	1561300465350	false	true	
29112301	0,01308500	0,62000000	0,00811270	1561300470497	false	true	
29112302	0,01308400	2,36000000	0,03087824	1561300476403	false	true	
29112303	0,01308500	4,80000000	0,06280800	1561300479570	false	true	
29112304	0,01308500	0,14000000	0,00183190	1561300479776	false	true	
29112305	0,01308300	0,15000000	0,00196245	1561300481181	true	true	
29112306	0,01308000	20,78000000	0,27180240	1561300481181	true	true	
29112307	0,01308000	2,97000000	0,03884760	1561300481181	true	true	
29112308	0,01307900	0,15000000	0,00196185	1561300481862	false	true	
29112309	0,01308000	0,17000000	0,00222360	1561300481870	false	true	
29112310	0,01308400	4,28000000	0,05599952	1561300482918	false	true	
29112311	0,01308400	2,80000000	0,03663520	1561300482918	false	true	
29112312	0,01308300	0,87000000	0,01138221	1561300483939	false	true	
29112313	0,01308200	1,87000000	0,02446334	1561300484867	false	true	
29112314	0,01308400	1,79000000	0,02342036	1561300485143	false	true	
29112315	0,01308500	0,29000000	0,00379465	1561300494755	false	true	
29112316	0,01308500	3,19000000	0,04174115	1561300499871	false	true	
29112317	0,01308500	4,36000000	0,05705060	1561300499897	false	true	
29112318	0,01308600	2,35000000	0,03075210	1561300504249	false	true	
29112319	0,01308600	1,85000000	0,02420910	1561300504281	false	true	
29112320	0,01309200	4,10000000	0,05367720	1561300507516	true	true	
29112321	0,01309000	0,15000000	0,00196350	1561300509194	true	true	
29112322	0,01308900	0,94000000	0,01230366	1561300509194	true	true	
29112323	0,01308500	4,55000000	0,05953675	1561300509194	true	true	
29112324	0,01308900	0,14000000	0,00183246	1561300513895	false	true	
29112325	0,01308900	0,70000000	0,00916230	1561300515005	false	true	
29112326	0,01308700	3,07000000	0,04017709	1561300516217	true	true	
29112327	0,01308600	0,15000000	0,00196290	1561300516250	true	true	
29112328	0,01308400	0,58000000	0,00758872	1561300516250	true	true	
29112329	0,01308200	0,75000000	0,00981150	1561300516250	true	true	
29112330	0,01308100	15,28000000	0,19987768	1561300516250	true	true	
29112331	0,01308000	10,00000000	0,13080000	1561300516250	true	true	
29112332	0,01307900	4,19000000	0,05480101	1561300516250	true	true	
29112333	0,01307800	22,91000000	0,29961698	1561300516250	true	true	
29112334	0,01307800	22,91000000	0,29961698	1561300516250	true	true	
29112335	0,01307800	22,91000000	0,29961698	1561300516250	true	true	
29112336	0,01307800	43,77000000	0,57242406	1561300516250	true	true	
29112337	0,01307700	7,60000000	0,09938520	1561300516250	true	true	
29112338	0,01307700	30,57000000	0,39976389	1561300516250	true	true	
29112339	0,01307700	28,83000000	0,37700991	1561300516250	true	true	
29112340	0,01307700	7,60000000	0,09938520	1561300516250	true	true	
29112341	0,01307700	7,60000000	0,09938520	1561300516250	true	true	
29112342	0,01307700	7,60000000	0,09938520	1561300516250	true	true	
29112343	0,01307700	7,60000000	0,09938520	1561300516250	true	true	
29112344	0,01307700	5,28000000	0,06904656	1561300516250	true	true	
29112345	0,01307600	22,91000000	0,29957116	1561300516250	true	true	
29112346	0,01307600	22,91000000	0,29957116	1561300516250	true	true	
29112347	0,01307400	10,51000000	0,13740774	1561300516250	true	true	
29112348	0,01307300	6,95000000	0,09085735	1561300516250	true	true	
29112349	0,01307200	9,00000000	0,11764800	1561300516250	true	true	
29112350	0,01307100	14,35000000	0,18756885	1561300516250	true	true	
29112351	0,01307100	8,08000000	0,10561368	1561300516250	true	true	
29112352	0,01307100	14,35000000	0,18756885	1561300516250	true	true	
29112353	0,01307100	8,08000000	0,10561368	1561300516250	true	true	
29112354	0,01307100	14,35000000	0,18756885	1561300516250	true	true	
29112355	0,01307100	8,08000000	0,10561368	1561300516250	true	true	
29112356	0,01307100	14,35000000	0,18756885	1561300516250	true	true	
29112357	0,01307100	8,08000000	0,10561368	1561300516250	true	true	
29112358	0,01307100	14,35000000	0,18756885	1561300516250	true	true	
29112359	0,01307100	8,08000000	0,10561368	1561300516250	true	true	
29112360	0,01307100	8,15000000	0,10652865	1561300516250	true	true	
29112361	0,01307100	8,08000000	0,10561368	1561300516250	true	true	
29112362	0,01307100	7,52000000	0,09829392	1561300516250	true	true	
29112363	0,01307000	7,65000000	0,09998550	1561300516250	true	true	
29112364	0,01307000	7,02000000	0,09175140	1561300516250	true	true	
29112365	0,01307000	7,65000000	0,09998550	1561300516250	true	true	
29112366	0,01307000	7,65000000	0,09998550	1561300516250	true	true	
29112367	0,01307000	7,65000000	0,09998550	1561300516250	true	true	
29112368	0,01307000	7,65000000	0,09998550	1561300516250	true	true	
29112369	0,01307000	5,39000000	0,07044730	1561300516250	true	true	
29112370	0,01306900	13,26000000	0,17329494	1561300516250	true	true	
29112371	0,01306900	13,26000000	0,17329494	1561300516250	true	true	
29112372	0,01306900	13,26000000	0,17329494	1561300516250	true	true	
29112373	0,01306900	13,26000000	0,17329494	1561300516250	true	true	
29112374	0,01306900	13,26000000	0,17329494	1561300516250	true	true	
29112375	0,01306900	7,03000000	0,09187507	1561300516250	true	true	
29112376	0,01306700	28,85000000	0,37698295	1561300516250	true	true	
29112377	0,01306700	6,65000000	0,08689555	1561300516250	true	true	
29112378	0,01306700	6,65000000	0,08689555	1561300516250	true	true	
29112379	0,01306700	6,65000000	0,08689555	1561300516250	true	true	
29112380	0,01306700	6,65000000	0,08689555	1561300516250	true	true	
29112381	0,01306700	6,65000000	0,08689555	1561300516250	true	true	
29112382	0,01306700	6,65000000	0,08689555	1561300516250	true	true	
29112383	0,01306700	5,65000000	0,07382855	1561300516250	true	true	
29112384	0,01306600	7,30000000	0,09538180	1561300516250	true	true	
29112385	0,01308200	0,15000000	0,00196230	1561300518696	true	true	
29112386	0,01308200	0,87000000	0,01138134	1561300518696	true	true	
29112387	0,01308100	1,28000000	0,01674368	1561300519706	true	true	
29112388	0,01308100	2,60000000	0,03401060	1561300519706	true	true	
29112389	0,01308300	0,71000000	0,00928893	1561300522713	true	true	
29112390	0,01308400	0,15000000	0,00196260	1561300524312	false	true	
29112391	0,01308400	1,24000000	0,01622416	1561300524312	false	true	
29112392	0,01308500	2,40000000	0,03140400	1561300532472	false	true	
29112393	0,01308600	0,47000000	0,00615042	1561300534447	false	true	
29112394	0,01308500	1,76000000	0,02302960	1561300536850	true	true	
29112395	0,01308500	2,37000000	0,03101145	1561300539161	true	true	
29112396	0,01308500	0,10000000	0,00130850	1561300541657	true	true	
29112397	0,01308400	0,15000000	0,00196260	1561300544857	true	true	
29112398	0,01308400	2,50000000	0,03271000	1561300544982	true	true	
29112399	0,01308400	1,04000000	0,01360736	1561300545102	true	true	
29112400	0,01308300	1,46000000	0,01910118	1561300545102	true	true	
29112401	0,01308400	6,45000000	0,08439180	1561300546834	true	true	
29112402	0,01308300	3,03000000	0,03964149	1561300546985	true	true	
29112403	0,01308300	1,69000000	0,02211027	1561300546985	true	true	
29112404	0,01307700	7,03000000	0,09193131	1561300556532	false	true	
29112405	0,01307900	0,30000000	0,00392370	1561300560617	false	true	
29112406	0,01307900	0,14000000	0,00183106	1561300563505	false	true	
29112407	0,01307900	0,01000000	0,00013079	1561300564047	false	true	
29112408	0,01308000	0,08000000	0,00104640	1561300564047	false	true	
29112409	0,01307900	0,28000000	0,00366212	1561300566516	false	true	
29112410	0,01307700	2,46000000	0,03216942	1561300567397	false	true	
29112411	0,01307700	1,18000000	0,01543086	1561300567399	false	true	
29112412	0,01307700	3,43000000	0,04485411	1561300573004	false	true	
29112413	0,01307700	3,62000000	0,04733874	1561300573009	false	true	
29112414	0,01307700	2,50000000	0,03269250	1561300574157	true	true	
29112415	0,01307700	0,16000000	0,00209232	1561300574870	true	true	
29112416	0,01307700	0,77000000	0,01006929	1561300575160	true	true	
29112417	0,01307600	0,15000000	0,00196140	1561300575398	true	true	
29112418	0,01307700	0,35000000	0,00457695	1561300575539	false	true	
29112419	0,01307500	0,15000000	0,00196125	1561300578056	false	true	
29112420	0,01307500	1,31000000	0,01712825	1561300584281	false	true	
29112421	0,01307700	3,12000000	0,04080024	1561300588748	false	true	
29112422	0,01307800	7,65000000	0,10004670	1561300588748	false	true	
29112423	0,01307900	7,65000000	0,10005435	1561300588748	false	true	
29112424	0,01307900	3,04000000	0,03976016	1561300588839	true	true	
29112425	0,01307900	0,14000000	0,00183106	1561300588878	true	true	
29112426	0,01307900	2,02000000	0,02641958	1561300588880	true	true	
29112427	0,01307900	2,02000000	0,02641958	1561300588919	true	true	
29112428	0,01307900	2,02000000	0,02641958	1561300588963	true	true	
29112429	0,01307900	0,82000000	0,01072478	1561300588976	true	true	
29112430	0,01307900	0,68000000	0,00889372	1561300588983	true	true	
29112431	0,01307900	2,05000000	0,02681195	1561300589025	true	true	
29112432	0,01307900	5,27000000	0,06892633	1561300589082	true	true	
29112433	0,01307900	4,37000000	0,05715523	1561300590154	true	true	
29112434	0,01307900	7,65000000	0,10005435	1561300590200	true	true	
29112435	0,01307900	35,61000000	0,46574319	1561300590225	true	true	
29112436	0,01307200	0,15000000	0,00196080	1561300590254	true	true	
29112437	0,01306800	0,10000000	0,00130680	1561300590254	true	true	
29112438	0,01306800	0,98000000	0,01280664	1561300590254	true	true	
29112439	0,01306700	30,00000000	0,39201000	1561300590254	true	true	
29112440	0,01306600	0,61000000	0,00797026	1561300590254	true	true	
29112441	0,01306400	0,10000000	0,00130640	1561300590254	true	true	
29112442	0,01306200	0,02000000	0,00026124	1561300590254	true	true	
29112443	0,01307700	1,21000000	0,01582317	1561300598450	false	true	
29112444	0,01307800	0,14000000	0,00183092	1561300600469	false	true	
29112445	0,01307700	4,71000000	0,06159267	1561300601521	false	true	
29112446	0,01307600	0,84000000	0,01098384	1561300601528	true	true	
29112447	0,01307500	0,15000000	0,00196125	1561300605590	true	true	
29112448	0,01306300	3,24000000	0,04232412	1561300605590	true	true	
29112449	0,01306200	12,36000000	0,16144632	1561300605590	true	true	
29112450	0,01306000	30,57000000	0,39924420	1561300605590	true	true	
29112451	0,01305900	1,67000000	0,02180853	1561300605590	true	true	
29112452	0,01305800	10,44000000	0,13632552	1561300605590	true	true	
29112453	0,01305700	8,27000000	0,10798139	1561300605590	true	true	
29112454	0,01305700	4,61000000	0,06019277	1561300605590	true	true	
29112455	0,01305700	12,30000000	0,16060110	1561300605590	true	true	
29112456	0,01305700	9,00000000	0,11751300	1561300605590	true	true	
29112457	0,01305700	7,39000000	0,09649123	1561300605590	true	true	
29112458	0,01306800	3,65000000	0,04769820	1561300607903	true	true	
29112459	0,01307000	0,16000000	0,00209120	1561300610698	false	true	
29112460	0,01307000	1,11000000	0,01450770	1561300610698	false	true	
29112461	0,01307100	2,60000000	0,03398460	1561300616148	false	true	
29112462	0,01307400	0,14000000	0,00183036	1561300618336	true	true	
29112463	0,01307500	0,64000000	0,00836800	1561300619926	false	true	
29112464	0,01307400	0,11000000	0,00143814	1561300620035	true	true	
29112465	0,01307300	0,93000000	0,01215789	1561300620035	true	true	
29112466	0,01307300	1,75000000	0,02287775	1561300620267	true	true	
29112467	0,01307700	0,26000000	0,00340002	1561300632629	false	true	
29112468	0,01307600	3,99000000	0,05217324	1561300633552	true	true	
29112469	0,01307600	5,65000000	0,07387940	1561300633552	true	true	
29112470	0,01307500	1,52000000	0,01987400	1561300634566	true	true	
29112471	0,01307500	1,52000000	0,01987400	1561300634602	true	true	
29112472	0,01307500	0,95000000	0,01242125	1561300634635	true	true	
29112473	0,01307400	0,15000000	0,00196110	1561300637152	true	true	
29112474	0,01307300	0,15000000	0,00196095	1561300646262	false	true	
29112475	0,01307400	0,53000000	0,00692922	1561300647287	false	true	
29112476	0,01307600	3,47000000	0,04537372	1561300648509	false	true	
29112477	0,01307400	0,15000000	0,00196110	1561300654152	true	true	
29112478	0,01307400	0,15000000	0,00196110	1561300654344	true	true	
29112479	0,01307300	3,17000000	0,04144141	1561300654573	true	true	
29112480	0,01307300	0,17000000	0,00222241	1561300654573	true	true	
29112481	0,01307400	0,15000000	0,00196110	1561300657870	false	true	
29112482	0,01307400	2,06000000	0,02693244	1561300658857	false	true	
29112483	0,01307400	5,08000000	0,06641592	1561300658861	false	true	
29112484	0,01307500	2,06000000	0,02693450	1561300658955	false	true	
29112485	0,01307400	0,50000000	0,00653700	1561300658956	true	true	
29112486	0,01307600	0,51000000	0,00666876	1561300663797	true	true	
29112487	0,01307800	0,15000000	0,00196170	1561300665650	false	true	
29112488	0,01307900	1,20000000	0,01569480	1561300665650	false	true	
29112489	0,01308000	21,37000000	0,27951960	1561300665650	false	true	
29112490	0,01308100	5,56000000	0,07273036	1561300665873	false	true	
29112491	0,01308100	0,80000000	0,01046480	1561300665873	false	true	
29112492	0,01308100	5,56000000	0,07273036	1561300665873	false	true	
29112493	0,01308100	5,56000000	0,07273036	1561300665873	false	true	
29112494	0,01308100	5,56000000	0,07273036	1561300665873	false	true	
29112495	0,01308100	5,56000000	0,07273036	1561300665873	false	true	
29112496	0,01308100	5,56000000	0,07273036	1561300665873	false	true	
29112497	0,01308100	5,56000000	0,07273036	1561300665873	false	true	
29112498	0,01308100	5,56000000	0,07273036	1561300665873	false	true	
29112499	0,01308100	0,67000000	0,00876427	1561300665873	false	true	
29112500	0,01308200	7,15000000	0,09353630	1561300665873	false	true	
29112501	0,01308200	15,30000000	0,20015460	1561300665873	false	true	
29112502	0,01308200	5,27000000	0,06894214	1561300665873	false	true	
29112503	0,01307700	0,15000000	0,00196155	1561300666001	true	true	
29112504	0,01307700	0,42000000	0,00549234	1561300666001	true	true	
29112505	0,01307800	0,15000000	0,00196170	1561300666433	true	true	
29112506	0,01307700	2,63000000	0,03439251	1561300666533	true	true	
29112507	0,01307700	0,15000000	0,00196155	1561300666648	true	true	
29112508	0,01307600	4,13000000	0,05400388	1561300666648	true	true	
29112509	0,01307600	0,15000000	0,00196140	1561300666749	true	true	
29112510	0,01307400	2,22000000	0,02902428	1561300666843	true	true	
29112511	0,01307900	0,15000000	0,00196185	1561300668167	false	true	
29112512	0,01307900	1,55000000	0,02027245	1561300668167	false	true	
29112513	0,01308400	15,29000000	0,20005436	1561300668167	false	true	
29112514	0,01308500	2,47000000	0,03231995	1561300668167	false	true	
29112515	0,01308500	10,00000000	0,13085000	1561300668167	false	true	
29112516	0,01308700	30,59000000	0,40033133	1561300668167	false	true	
29112517	0,01308900	9,00000000	0,11780100	1561300668167	false	true	
29112518	0,01308900	20,97000000	0,27447633	1561300668167	false	true	
29112519	0,01308900	0,17000000	0,00222513	1561300668167	false	true	
29112520	0,01308100	3,93000000	0,05140833	1561300668921	true	true	
29112521	0,01308200	1,03000000	0,01347446	1561300668990	false	true	
29112522	0,01308300	0,30000000	0,00392490	1561300668990	false	true	
29112523	0,01308900	0,01000000	0,00013089	1561300668990	false	true	
29112524	0,01308900	9,00000000	0,11780100	1561300668990	false	true	
29112525	0,01309000	15,14000000	0,19818260	1561300668990	false	true	
29112526	0,01308800	0,69000000	0,00903072	1561300670343	false	true	
29112527	0,01308800	3,82000000	0,04999616	1561300670343	false	true	
29112528	0,01308900	10,00000000	0,13089000	1561300670343	false	true	
29112529	0,01309200	12,87000000	0,16849404	1561300670343	false	true	
29112530	0,01308800	0,15000000	0,00196320	1561300682955	true	true	
29112531	0,01308800	0,14000000	0,00183232	1561300683052	true	true	
29112532	0,01308900	0,28000000	0,00366492	1561300683472	true	true	
29112533	0,01308900	1,09000000	0,01426701	1561300683584	true	true	
29112534	0,01309000	0,15000000	0,00196350	1561300684852	false	true	
29112535	0,01309100	0,14000000	0,00183274	1561300684852	false	true	
29112536	0,01308900	2,05000000	0,02683245	1561300684923	true	true	
29112537	0,01308900	0,16000000	0,00209424	1561300684944	true	true	
29112538	0,01308800	0,01000000	0,00013088	1561300685793	true	true	
29112539	0,01308600	1,67000000	0,02185362	1561300695543	false	true	
29112540	0,01308700	0,15000000	0,00196305	1561300696233	false	true	
29112541	0,01308900	0,29000000	0,00379581	1561300700026	true	true	
29112542	0,01309000	1,70000000	0,02225300	1561300700524	false	true	
29112543	0,01308900	4,14000000	0,05418846	1561300700525	true	true	
29112544	0,01309100	0,29000000	0,00379639	1561300704274	false	true	
29112545	0,01309000	2,30000000	0,03010700	1561300709253	false	true	
29112546	0,01308900	0,14000000	0,00183246	1561300714377	false	true	
29112547	0,01308900	62,22000000	0,81439758	1561300715085	false	true	
29112548	0,01309200	0,52000000	0,00680784	1561300715183	false	true	
29112549	0,01309500	0,14000000	0,00183330	1561300716175	false	true	
29112550	0,01309200	0,15000000	0,00196380	1561300718439	true	true	
29112551	0,01309000	1,27000000	0,01662430	1561300718439	true	true	
29112552	0,01309100	0,15000000	0,00196365	1561300719936	true	true	
29112553	0,01308900	6,77000000	0,08861253	1561300720018	false	true	
29112554	0,01308900	0,14000000	0,00183246	1561300720217	false	true	
29112555	0,01308900	27,20000000	0,35602080	1561300720882	false	true	
29112556	0,01308900	20,00000000	0,26178000	1561300722562	false	true	
29112557	0,01308900	2,14000000	0,02801046	1561300722889	false	true	
29112558	0,01308900	0,14000000	0,00183246	1561300723933	false	true	
29112559	0,01308900	4,60000000	0,06020940	1561300723956	false	true	
29112560	0,01309000	0,15000000	0,00196350	1561300726302	true	true	
29112561	0,01309000	2,00000000	0,02618000	1561300726302	true	true	
29112562	0,01308700	0,15000000	0,00196305	1561300732662	false	true	
29112563	0,01308800	2,97000000	0,03887136	1561300732662	false	true	
29112564	0,01309000	12,40000000	0,16231600	1561300732662	false	true	
29112565	0,01309300	4,48000000	0,05865664	1561300732662	false	true	
29112566	0,01309200	0,30000000	0,00392760	1561300742488	false	true	
29112567	0,01309200	3,34000000	0,04372728	1561300742488	false	true	
29112568	0,01309200	10,00000000	0,13092000	1561300742488	false	true	
29112569	0,01309000	0,15000000	0,00196350	1561300743338	true	true	
29112570	0,01308900	3,24000000	0,04240836	1561300743338	true	true	
29112571	0,01309400	1,90000000	0,02487860	1561300743668	true	true	
29112572	0,01309500	0,08000000	0,00104760	1561300745470	false	true	
29112573	0,01309500	0,07000000	0,00091665	1561300747007	false	true	
29112574	0,01309600	2,28000000	0,02985888	1561300747007	false	true	
29112575	0,01309600	10,00000000	0,13096000	1561300747007	false	true	
29112576	0,01309000	0,15000000	0,00196350	1561300747612	true	true	
29112577	0,01309000	0,15000000	0,00196350	1561300747888	true	true	
29112578	0,01309300	0,15000000	0,00196395	1561300748985	false	true	
29112579	0,01309300	0,20000000	0,00261860	1561300748985	false	true	
29112580	0,01309300	9,80000000	0,12831140	1561300748985	false	true	
29112581	0,01309200	0,15000000	0,00196380	1561300750097	true	true	
29112582	0,01309100	3,67000000	0,04804397	1561300750097	true	true	
29112583	0,01309400	0,15000000	0,00196410	1561300752926	true	true	
29112584	0,01309300	0,84000000	0,01099812	1561300752926	true	true	
29112585	0,01309300	0,99000000	0,01296207	1561300752968	true	true	
29112586	0,01309300	0,63000000	0,00824859	1561300752991	true	true	
29112587	0,01309300	0,31000000	0,00405883	1561300752991	true	true	
29112588	0,01309300	0,19000000	0,00248767	1561300753019	true	true	
29112589	0,01309100	0,57000000	0,00746187	1561300760846	true	true	
29112590	0,01309000	0,15000000	0,00196350	1561300762932	false	true	
29112591	0,01309000	0,15000000	0,00196350	1561300762932	false	true	
29112592	0,01308900	0,30000000	0,00392670	1561300764752	false	true	
29112593	0,01309000	0,82000000	0,01073380	1561300764855	false	true	
29112594	0,01309100	2,42000000	0,03168022	1561300765248	false	true	
29112595	0,01309000	0,14000000	0,00183260	1561300766793	true	true	
29112596	0,01309000	0,01000000	0,00013090	1561300767615	true	true	
29112597	0,01308600	0,15000000	0,00196290	1561300770903	true	true	
29112598	0,01308500	0,26000000	0,00340210	1561300770960	true	true	
29112599	0,01308100	3,41000000	0,04460621	1561300771101	true	true	
29112600	0,01308200	0,15000000	0,00196230	1561300773864	true	true	
29112601	0,01308200	0,15000000	0,00196230	1561300776489	false	true	
29112602	0,01308300	0,41000000	0,00536403	1561300776489	false	true	
29112603	0,01307800	1,18000000	0,01543204	1561300776554	true	true	
29112604	0,01308000	1,57000000	0,02053560	1561300777772	false	true	
29112605	0,01308100	2,53000000	0,03309493	1561300777772	false	true	
29112606	0,01308100	0,09000000	0,00117729	1561300779621	false	true	
29112607	0,01308100	1,48000000	0,01935988	1561300779643	false	true	
29112608	0,01307900	9,65000000	0,12621235	1561300783807	false	true	
29112609	0,01308100	2,23000000	0,02917063	1561300783816	false	true	
29112610	0,01307800	0,15000000	0,00196170	1561300788030	true	true	
29112611	0,01307700	0,26000000	0,00340002	1561300790896	false	true	
29112612	0,01307200	4,87000000	0,06366064	1561300805700	false	true	
29112613	0,01307600	0,30000000	0,00392280	1561300807107	false	true	
29112614	0,01307600	0,15000000	0,00196140	1561300807203	false	true	
29112615	0,01307700	3,48000000	0,04550796	1561300807203	false	true	
29112616	0,01307700	0,15000000	0,00196155	1561300807337	false	true	
29112617	0,01307200	0,15000000	0,00196080	1561300807741	true	true	
29112618	0,01307200	5,27000000	0,06888944	1561300807741	true	true	
29112619	0,01307700	0,15000000	0,00196155	1561300812692	false	true	
29112620	0,01307700	0,36000000	0,00470772	1561300812692	false	true	
29112621	0,01307800	1,65000000	0,02157870	1561300812794	false	true	
29112622	0,01308100	4,05000000	0,05297805	1561300813302	true	true	
29112623	0,01308100	3,19000000	0,04172839	1561300813803	false	true	
29112624	0,01308200	2,75000000	0,03597550	1561300813903	false	true	
29112625	0,01308200	2,69000000	0,03519058	1561300813933	false	true	
29112626	0,01308200	4,56000000	0,05965392	1561300813939	false	true	
29112627	0,01308200	3,08000000	0,04029256	1561300813939	false	true	
29112628	0,01308200	2,21000000	0,02891122	1561300814094	false	true	
29112629	0,01308200	2,22000000	0,02904204	1561300814097	false	true	
29112630	0,01308200	2,75000000	0,03597550	1561300814861	false	true	
29112631	0,01308200	0,81000000	0,01059642	1561300814865	false	true	
29112632	0,01308000	9,62000000	0,12582960	1561300816607	false	true	
29112633	0,01308100	0,15000000	0,00196215	1561300816885	true	true	
29112634	0,01308200	1,88000000	0,02459416	1561300817885	true	true	
29112635	0,01308200	5,76000000	0,07535232	1561300817984	false	true	
29112636	0,01308200	4,38000000	0,05729916	1561300817984	false	true	
29112637	0,01308200	0,14000000	0,00183148	1561300818099	false	true	
29112638	0,01308100	0,15000000	0,00196215	1561300818635	true	true	
29112639	0,01308000	0,01000000	0,00013080	1561300818635	true	true	
29112640	0,01307800	3,09000000	0,04041102	1561300818635	true	true	
29112641	0,01307600	0,03000000	0,00039228	1561300818635	true	true	
29112642	0,01308100	0,15000000	0,00196215	1561300819459	false	true	
29112643	0,01308100	0,15000000	0,00196215	1561300819542	false	true	
29112644	0,01308200	5,33000000	0,06972706	1561300819542	false	true	
29112645	0,01308200	0,15000000	0,00196230	1561300819640	false	true	
29112646	0,01308000	3,13000000	0,04094040	1561300821356	true	true	
29112647	0,01307900	0,15000000	0,00196185	1561300821889	true	true	
29112648	0,01307800	2,14000000	0,02798692	1561300822278	true	true	
29112649	0,01307700	0,99000000	0,01294623	1561300822297	true	true	
29112650	0,01307800	0,15000000	0,00196170	1561300822889	true	true	
29112651	0,01307700	5,91000000	0,07728507	1561300823008	true	true	
29112652	0,01307700	0,38000000	0,00496926	1561300823033	true	true	
29112653	0,01307500	6,93000000	0,09060975	1561300823367	false	true	
29112654	0,01307800	0,15000000	0,00196170	1561300825860	false	true	
29112655	0,01307900	1,09000000	0,01425611	1561300825860	false	true	
29112656	0,01307900	1,19000000	0,01556401	1561300825896	false	true	
29112657	0,01307800	0,15000000	0,00196170	1561300825989	false	true	
29112658	0,01307900	0,28000000	0,00366212	1561300825989	false	true	
29112659	0,01307900	0,43000000	0,00562397	1561300826036	false	true	
29112660	0,01307900	0,43000000	0,00562397	1561300826053	false	true	
29112661	0,01307900	0,43000000	0,00562397	1561300826100	false	true	
29112662	0,01307300	0,15000000	0,00196095	1561300827131	true	true	
29112663	0,01307200	0,15000000	0,00196080	1561300827323	true	true	
29112664	0,01307200	0,15000000	0,00196080	1561300827425	true	true	
29112665	0,01307100	1,09000000	0,01424739	1561300827425	true	true	
29112666	0,01307000	0,16000000	0,00209120	1561300827542	true	true	
29112667	0,01307200	0,14000000	0,00183008	1561300831115	false	true	
29112668	0,01307200	0,01000000	0,00013072	1561300838886	false	true	
29112669	0,01307300	0,14000000	0,00183022	1561300840783	false	true	
29112670	0,01307600	3,04000000	0,03975104	1561300842497	false	true	
29112671	0,01307300	0,15000000	0,00196095	1561300842602	true	true	
29112672	0,01306900	1,82000000	0,02378558	1561300842602	true	true	
29112673	0,01307500	0,14000000	0,00183050	1561300843313	false	true	
29112674	0,01307100	2,09000000	0,02731839	1561300849248	true	true	
29112675	0,01307200	3,46000000	0,04522912	1561300849251	false	true	
29112676	0,01307500	0,16000000	0,00209200	1561300849260	false	true	
29112677	0,01307500	0,74000000	0,00967550	1561300849260	false	true	
29112678	0,01307100	0,15000000	0,00196065	1561300849420	true	true	
29112679	0,01307100	0,83000000	0,01084893	1561300849935	false	true	
29112680	0,01307100	13,23000000	0,17292933	1561300849956	false	true	
29112681	0,01307100	0,83000000	0,01084893	1561300849975	false	true	
29112682	0,01307100	0,83000000	0,01084893	1561300849995	false	true	
29112683	0,01307100	0,83000000	0,01084893	1561300850011	false	true	
29112684	0,01307100	0,28000000	0,00365988	1561300850061	false	true	
29112685	0,01307100	2,50000000	0,03267750	1561300850579	false	true	
29112686	0,01307100	0,52000000	0,00679692	1561300851575	false	true	
29112687	0,01307200	0,63000000	0,00823536	1561300857011	true	true	
29112688	0,01307100	0,15000000	0,00196065	1561300857653	true	true	
29112689	0,01306800	0,15000000	0,00196020	1561300864646	false	true	
29112690	0,01306900	1,43000000	0,01868867	1561300864646	false	true	
29112691	0,01306500	3,15000000	0,04115475	1561300866537	false	true	
29112692	0,01306400	9,60000000	0,12541440	1561300866540	true	true	
29112693	0,01306300	2,63000000	0,03435569	1561300866841	true	true	
29112694	0,01306400	3,20000000	0,04180480	1561300866963	false	true	
29112695	0,01306400	3,20000000	0,04180480	1561300869307	false	true	
29112696	0,01306300	0,15000000	0,00195945	1561300870552	true	true	
29112697	0,01306300	0,20000000	0,00261260	1561300870552	true	true	
29112698	0,01306300	3,20000000	0,04180160	1561300870750	false	true	
29112699	0,01306300	1,96000000	0,02560348	1561300872489	false	true	
29112700	0,01306400	1,24000000	0,01619936	1561300872489	false	true	
29112701	0,01306400	1,85000000	0,02416840	1561300873886	false	true	
29112702	0,01306400	1,10000000	0,01437040	1561300877194	true	true	
29112703	0,01306300	8,86000000	0,11573818	1561300877194	true	true	
29112704	0,01306300	1,85000000	0,02416655	1561300882505	false	true	
29112705	0,01306400	0,36000000	0,00470304	1561300886624	false	true	
29112706	0,01306200	0,27000000	0,00352674	1561300889049	true	true	
29112707	0,01306400	6,85000000	0,08948840	1561300892575	false	true	
29112708	0,01306300	1,10000000	0,01436930	1561300892579	true	true	
29112709	0,01306500	3,09000000	0,04037085	1561300893752	false	true	
29112710	0,01306600	0,30000000	0,00391980	1561300893752	false	true	
29112711	0,01307000	5,90000000	0,07711300	1561300893752	false	true	
29112712	0,01307000	5,90000000	0,07711300	1561300893752	false	true	
29112713	0,01307000	4,81000000	0,06286670	1561300893752	false	true	
29112714	0,01306500	0,15000000	0,00195975	1561300894148	true	true	
29112715	0,01306400	6,81000000	0,08896584	1561300894148	true	true	
29112716	0,01306500	0,15000000	0,00195975	1561300895890	true	true	
29112717	0,01306300	2,01000000	0,02625663	1561300897942	true	true	
29112718	0,01306500	0,15000000	0,00195975	1561300902617	false	true	
29112719	0,01306500	0,12000000	0,00156780	1561300902874	false	true	
29112720	0,01306700	2,50000000	0,03266750	1561300902936	false	true	
29112721	0,01306600	0,30000000	0,00391980	1561300902948	false	true	
29112722	0,01306700	2,20000000	0,02874740	1561300902948	false	true	
29112723	0,01306700	0,14000000	0,00182938	1561300903027	false	true	
29112724	0,01306700	0,14000000	0,00182938	1561300903242	false	true	
29112725	0,01306400	0,15000000	0,00195960	1561300908585	true	true	
29112726	0,01306400	1,28000000	0,01672192	1561300908585	true	true	
29112727	0,01306300	1,85000000	0,02416655	1561300908585	true	true	
29112728	0,01306600	0,15000000	0,00195990	1561300908925	false	true	
29112729	0,01306700	0,56000000	0,00731752	1561300909056	false	true	
29112730	0,01306700	0,84000000	0,01097628	1561300909056	false	true	
29112731	0,01306700	0,24000000	0,00313608	1561300909103	false	true	
29112732	0,01306400	0,15000000	0,00195960	1561300909417	true	true	
29112733	0,01306400	3,13000000	0,04089032	1561300909417	true	true	
29112734	0,01306400	0,15000000	0,00195960	1561300911522	true	true	
29112735	0,01306400	2,50000000	0,03266000	1561300912480	false	true	
29112736	0,01306400	0,96000000	0,01254144	1561300912493	false	true	
29112737	0,01306800	0,15000000	0,00196020	1561300912907	false	true	
29112738	0,01306800	0,28000000	0,00365904	1561300913065	true	true	
29112739	0,01306900	3,20000000	0,04182080	1561300913174	false	true	
29112740	0,01307000	0,15000000	0,00196050	1561300916265	true	true	
29112741	0,01307000	2,50000000	0,03267500	1561300916265	true	true	
29112742	0,01307000	0,58000000	0,00758060	1561300920654	true	true	
29112743	0,01306900	2,04000000	0,02666076	1561300920654	true	true	
29112744	0,01306900	0,57000000	0,00744933	1561300921937	true	true	
29112745	0,01306900	6,47000000	0,08455643	1561300925538	true	true	
29112746	0,01307000	9,05000000	0,11828350	1561300925542	false	true	
29112747	0,01306900	0,15000000	0,00196035	1561300925920	true	true	
29112748	0,01306800	3,18000000	0,04155624	1561300929492	true	true	
29112749	0,01306800	10,38000000	0,13564584	1561300929529	true	true	
29112750	0,01306800	1,42000000	0,01855656	1561300929529	true	true	
29112751	0,01306300	0,95000000	0,01240985	1561300929972	true	true	
29112752	0,01306200	2,36000000	0,03082632	1561300929972	true	true	
29112753	0,01306500	0,15000000	0,00195975	1561300930126	false	true	
29112754	0,01306500	0,30000000	0,00391950	1561300930235	false	true	
29112755	0,01306300	0,15000000	0,00195945	1561300930715	true	true	
29112756	0,01306300	0,50000000	0,00653150	1561300930901	false	true	
29112757	0,01306400	2,68000000	0,03501152	1561300931570	true	true	
29112758	0,01306300	0,15000000	0,00195945	1561300931957	true	true	
29112759	0,01306200	1,31000000	0,01711122	1561300931958	true	true	
29112760	0,01306300	0,15000000	0,00195945	1561300932159	false	true	
29112761	0,01306300	0,47000000	0,00613961	1561300932185	false	true	
29112762	0,01306300	0,31000000	0,00404953	1561300932898	false	true	
29112763	0,01306300	5,49000000	0,07171587	1561300932925	false	true	
29112764	0,01306500	0,15000000	0,00195975	1561300933926	false	true	
29112765	0,01306400	0,69000000	0,00901416	1561300936964	false	true	
29112766	0,01306200	1,91000000	0,02494842	1561300936999	true	true	
29112767	0,01305900	0,21000000	0,00274239	1561300937069	false	true	
29112768	0,01305900	0,14000000	0,00182826	1561300937079	false	true	
29112769	0,01305900	0,21000000	0,00274239	1561300937795	false	true	
29112770	0,01305900	3,81000000	0,04975479	1561300938118	false	true	
29112771	0,01305900	5,04000000	0,06581736	1561300938939	false	true	
29112772	0,01305900	0,50000000	0,00652950	1561300940202	false	true	
29112773	0,01305800	1,57000000	0,02050106	1561300942631	false	true	
29112774	0,01305700	1,66000000	0,02167462	1561300944170	false	true	
29112775	0,01305700	4,56000000	0,05953992	1561300944175	false	true	
29112776	0,01305800	1,66000000	0,02167628	1561300944541	false	true	
29112777	0,01305900	3,69000000	0,04818771	1561300944668	false	true	
29112778	0,01305700	0,36000000	0,00470052	1561300945510	true	true	
29112779	0,01305900	0,35000000	0,00457065	1561300948499	false	true	
29112780	0,01305700	1,30000000	0,01697410	1561300950938	true	true	
29112781	0,01305600	0,08000000	0,00104448	1561300950938	true	true	
29112782	0,01305600	1,93000000	0,02519808	1561300950938	true	true	
29112783	0,01305600	2,56000000	0,03342336	1561300951080	true	true	
29112784	0,01305400	0,10000000	0,00130540	1561300951080	true	true	
29112785	0,01305200	0,23000000	0,00300196	1561300951080	true	true	
29112786	0,01305200	0,09000000	0,00117468	1561300951080	true	true	
29112787	0,01305200	0,29000000	0,00378508	1561300951080	true	true	
29112788	0,01305200	0,01000000	0,00013052	1561300951400	false	true	
29112789	0,01305800	7,66000000	0,10002428	1561300951400	false	true	
29112790	0,01305900	4,12000000	0,05380308	1561300951400	false	true	
29112791	0,01305600	0,15000000	0,00195840	1561300957223	false	true	
29112792	0,01305700	0,20000000	0,00261140	1561300957223	false	true	
29112793	0,01305700	0,34000000	0,00443938	1561300958034	false	true	
29112794	0,01305700	0,43000000	0,00561451	1561300962119	false	true	
29112795	0,01305700	0,08000000	0,00104456	1561300962119	false	true	
29112796	0,01305700	0,42000000	0,00548394	1561300962311	false	true	
29112797	0,01305500	3,28000000	0,04282040	1561300966063	true	true	
29112798	0,01305700	2,71000000	0,03538447	1561300966091	false	true	
29112799	0,01305800	10,00000000	0,13058000	1561300966091	false	true	
29112800	0,01305900	15,02000000	0,19614618	1561300966091	false	true	
29112801	0,01305900	6,62000000	0,08645058	1561300966091	false	true	
29112802	0,01306400	4,33000000	0,05656712	1561300966091	false	true	
29112803	0,01306500	0,09000000	0,00117585	1561300966091	false	true	
29112804	0,01306500	3,77000000	0,04925505	1561300966091	false	true	
29112805	0,01305500	2,01000000	0,02624055	1561300966612	true	true	
29112806	0,01306300	9,31000000	0,12161653	1561300977639	true	true	
29112807	0,01306000	0,15000000	0,00195900	1561300978220	true	true	
29112808	0,01305900	0,15000000	0,00195885	1561300982761	false	true	
29112809	0,01306000	0,18000000	0,00235080	1561300982761	false	true	
29112810	0,01306000	3,11000000	0,04061660	1561300982761	false	true	
29112811	0,01306400	20,00000000	0,26128000	1561300982761	false	true	
29112812	0,01306700	1,56000000	0,02038452	1561300982761	false	true	
29112813	0,01306100	0,15000000	0,00195915	1561300982980	true	true	
29112814	0,01305600	0,33000000	0,00430848	1561300989087	false	true	
29112815	0,01305400	0,14000000	0,00182756	1561300990295	true	true	
29112816	0,01305600	4,82000000	0,06292992	1561300991058	false	true	
29112817	0,01305300	0,15000000	0,00195795	1561300995724	true	true	
29112818	0,01305200	1,84000000	0,02401568	1561300995724	true	true	
29112819	0,01305500	0,15000000	0,00195825	1561300996891	false	true	
29112820	0,01305500	3,22000000	0,04203710	1561300996891	false	true	
29112821	0,01305600	5,59000000	0,07298304	1561300996891	false	true	
29112822	0,01306100	0,44000000	0,00574684	1561300996979	true	true	
29112823	0,01306100	2,25000000	0,02938725	1561300997017	true	true	
29112824	0,01306100	2,21000000	0,02886481	1561300997215	true	true	
29112825	0,01306100	3,49000000	0,04558289	1561300997239	true	true	
29112826	0,01306100	0,51000000	0,00666111	1561300997243	true	true	
29112827	0,01305800	4,36000000	0,05693288	1561300997454	false	true	
29112828	0,01305600	0,14000000	0,00182784	1561300999767	false	true	
29112829	0,01305500	1,69000000	0,02206295	1561301003174	false	true	
29112830	0,01305600	0,01000000	0,00013056	1561301003919	false	true	
29112831	0,01305700	0,15000000	0,00195855	1561301004441	true	true	
29112832	0,01305600	2,04000000	0,02663424	1561301004441	true	true	
29112833	0,01305700	0,15000000	0,00195855	1561301004550	true	true	
29112834	0,01305600	7,96000000	0,10392576	1561301004550	true	true	
29112835	0,01305600	2,92000000	0,03812352	1561301004550	true	true	
29112836	0,01305700	0,15000000	0,00195855	1561301004909	true	true	
29112837	0,01305200	0,89000000	0,01161628	1561301010207	true	true	
29112838	0,01305100	0,09000000	0,00117459	1561301012175	true	true	
29112839	0,01305100	0,10000000	0,00130510	1561301012175	true	true	
29112840	0,01305100	0,66000000	0,00861366	1561301012175	true	true	
29112841	0,01305100	11,03000000	0,14395253	1561301012175	true	true	
29112842	0,01305000	0,20000000	0,00261000	1561301012175	true	true	
29112843	0,01305000	0,33000000	0,00430650	1561301012175	true	true	
29112844	0,01305000	0,10000000	0,00130500	1561301012175	true	true	
29112845	0,01305000	0,20000000	0,00261000	1561301012175	true	true	
29112846	0,01305000	16,13000000	0,21049650	1561301012175	true	true	
29112847	0,01305000	1,00000000	0,01305000	1561301012175	true	true	
29112848	0,01305000	0,78000000	0,01017900	1561301012175	true	true	
29112849	0,01304900	0,30000000	0,00391470	1561301012175	true	true	
29112850	0,01304900	0,14000000	0,00182686	1561301012175	true	true	
29112851	0,01304900	0,10000000	0,00130490	1561301012175	true	true	
29112852	0,01304900	0,18000000	0,00234882	1561301012175	true	true	
29112853	0,01304900	14,86000000	0,19390814	1561301012175	true	true	
29112854	0,01304800	0,58000000	0,00756784	1561301012175	true	true	
29112855	0,01304800	0,26000000	0,00339248	1561301012175	true	true	
29112856	0,01304800	15,32000000	0,19989536	1561301012175	true	true	
29112857	0,01304800	12,94000000	0,16884112	1561301012175	true	true	
29112858	0,01304700	0,96000000	0,01252512	1561301012175	true	true	
29112859	0,01304700	3,74000000	0,04879578	1561301012175	true	true	
29112860	0,01304700	19,24000000	0,25102428	1561301012175	true	true	
29112861	0,01304600	0,09000000	0,00117414	1561301012175	true	true	
29112862	0,01304500	0,14000000	0,00182630	1561301012175	true	true	
29112863	0,01304500	0,11000000	0,00143495	1561301012175	true	true	
29112864	0,01304500	5,28000000	0,06887760	1561301012200	false	true	
29112865	0,01304500	56,82000000	0,74121690	1561301012220	false	true	
29112866	0,01304500	0,44000000	0,00573980	1561301012227	false	true	
29112867	0,01304500	0,29000000	0,00378305	1561301012271	false	true	
29112868	0,01304500	0,29000000	0,00378305	1561301012307	false	true	
29112869	0,01304500	0,08000000	0,00104360	1561301012319	false	true	
29112870	0,01304500	15,32000000	0,19984940	1561301012468	false	true	
29112871	0,01304500	9,64000000	0,12575380	1561301012522	false	true	
29112872	0,01304500	0,72000000	0,00939240	1561301012621	false	true	
29112873	0,01304500	0,14000000	0,00182630	1561301012846	false	true	
29112874	0,01304500	6,12000000	0,07983540	1561301012903	false	true	
29112875	0,01304500	1,46000000	0,01904570	1561301012905	false	true	
29112876	0,01305200	0,15000000	0,00195780	1561301021588	false	true	
29112877	0,01304800	0,12000000	0,00156576	1561301021609	true	true	
29112878	0,01305200	0,13000000	0,00169676	1561301021690	false	true	
29112879	0,01305100	6,00000000	0,07830600	1561301021872	false	true	
29112880	0,01304900	0,15000000	0,00195735	1561301022016	true	true	
29112881	0,01304800	20,00000000	0,26096000	1561301022016	true	true	
29112882	0,01304700	10,88000000	0,14195136	1561301022016	true	true	
29112883	0,01304500	0,77000000	0,01004465	1561301022016	true	true	
29112884	0,01304400	0,11000000	0,00143484	1561301022016	true	true	
29112885	0,01304400	0,09000000	0,00117396	1561301022016	true	true	
29112886	0,01304400	0,14000000	0,00182616	1561301022016	true	true	
29112887	0,01304400	4,49000000	0,05856756	1561301022016	true	true	
29112888	0,01304400	30,64000000	0,39966816	1561301022016	true	true	
29112889	0,01304300	0,42000000	0,00547806	1561301022016	true	true	
29112890	0,01304300	10,62000000	0,13851666	1561301022016	true	true	
29112891	0,01304100	1,81000000	0,02360421	1561301022016	true	true	
29112892	0,01305200	0,14000000	0,00182728	1561301023195	false	true	
29112893	0,01305200	0,03000000	0,00039156	1561301025242	false	true	
29112894	0,01305300	0,95000000	0,01240035	1561301025242	false	true	
29112895	0,01305300	0,97000000	0,01266141	1561301025276	false	true	
29112896	0,01305200	0,15000000	0,00195780	1561301025307	false	true	
29112897	0,01305300	0,50000000	0,00652650	1561301025307	false	true	
29112898	0,01305300	0,33000000	0,00430749	1561301025339	false	true	
29112899	0,01305300	3,59000000	0,04686027	1561301027211	false	true	
29112900	0,01305700	3,54000000	0,04622178	1561301029490	true	true	
29112901	0,01305800	0,15000000	0,00195870	1561301029903	true	true	
29112902	0,01305500	0,80000000	0,01044400	1561301035625	false	true	
29112903	0,01305400	1,15000000	0,01501210	1561301036904	true	true	
29112904	0,01305300	0,15000000	0,00195795	1561301037930	true	true	
29112905	0,01305200	0,14000000	0,00182728	1561301038436	false	true	
29112906	0,01305200	0,01000000	0,00013052	1561301038607	false	true	
29112907	0,01305200	0,15000000	0,00195780	1561301038924	false	true	
29112908	0,01305400	1,05000000	0,01370670	1561301039081	false	true	
29112909	0,01305400	0,14000000	0,00182756	1561301039184	false	true	
29112910	0,01305400	0,64000000	0,00835456	1561301039924	false	true	
29112911	0,01305400	0,64000000	0,00835456	1561301039974	false	true	
29112912	0,01305400	0,43000000	0,00561322	1561301040008	false	true	
29112913	0,01305400	8,13000000	0,10612902	1561301041052	false	true	
29112914	0,01305500	1,44000000	0,01879920	1561301042049	false	true	
29112915	0,01305300	3,32000000	0,04333596	1561301043036	false	true	
29112916	0,01305500	0,11000000	0,00143605	1561301044170	false	true	
29112917	0,01306000	0,15000000	0,00195900	1561301049938	true	true	
29112918	0,01306000	0,01000000	0,00013060	1561301049938	true	true	
29112919	0,01306000	2,18000000	0,02847080	1561301049938	true	true	
29112920	0,01305900	2,50000000	0,03264750	1561301049962	true	true	
29112921	0,01305900	1,56000000	0,02037204	1561301049979	true	true	
29112922	0,01306000	0,15000000	0,00195900	1561301051026	true	true	
29112923	0,01306200	0,15000000	0,00195930	1561301051681	false	true	
29112924	0,01306200	1,97000000	0,02573214	1561301051681	false	true	
29112925	0,01306000	0,15000000	0,00195900	1561301051826	true	true	
29112926	0,01305900	2,50000000	0,03264750	1561301051826	true	true	
29112927	0,01305900	2,33000000	0,03042747	1561301051826	true	true	
29112928	0,01306000	0,14000000	0,00182840	1561301052095	false	true	
29112929	0,01306000	0,16000000	0,00208960	1561301052270	false	true	
29112930	0,01306100	1,02000000	0,01332222	1561301052270	false	true	
29112931	0,01306000	0,50000000	0,00653000	1561301052610	false	true	
29112932	0,01306000	4,13000000	0,05393780	1561301058587	false	true	
29112933	0,01305500	5,90000000	0,07702450	1561301058588	true	true	
29112934	0,01306100	7,08000000	0,09247188	1561301062476	false	true	
29112935	0,01306400	5,25000000	0,06858600	1561301065992	true	true	
29112936	0,01306700	1,05000000	0,01372035	1561301070123	false	true	
29112937	0,01306200	3,06000000	0,03996972	1561301076651	false	true	
29112938	0,01306300	0,14000000	0,00182882	1561301079066	false	true	
29112939	0,01305900	0,15000000	0,00195885	1561301093929	true	true	
29112940	0,01305900	2,76000000	0,03604284	1561301093929	true	true	
29112941	0,01305800	0,15000000	0,00195870	1561301094050	false	true	
29112942	0,01305900	1,84000000	0,02402856	1561301094081	false	true	
29112943	0,01305900	0,25000000	0,00326475	1561301094106	false	true	
29112944	0,01306000	2,61000000	0,03408660	1561301094270	false	true	
29112945	0,01306200	0,50000000	0,00653100	1561301096071	false	true	
29112946	0,01306300	3,29000000	0,04297727	1561301096671	false	true	
29112947	0,01306700	3,21000000	0,04194507	1561301096671	false	true	
29112948	0,01306800	9,73000000	0,12715164	1561301096671	false	true	
29112949	0,01306800	0,27000000	0,00352836	1561301096671	false	true	
29112950	0,01306300	0,19000000	0,00248197	1561301102507	false	true	
29112951	0,01306300	3,31000000	0,04323853	1561301104635	false	true	
29112952	0,01306700	0,44000000	0,00574948	1561301105976	false	true	
29112953	0,01306800	0,03000000	0,00039204	1561301105976	false	true	
29112954	0,01306800	0,44000000	0,00574992	1561301107939	false	true	
29112955	0,01306900	9,62000000	0,12572378	1561301108170	false	true	
29112956	0,01306900	3,82000000	0,04992358	1561301108170	false	true	
29112957	0,01306900	0,28000000	0,00365932	1561301108170	false	true	
29112958	0,01307200	0,44000000	0,00575168	1561301108170	false	true	
29112959	0,01306300	0,15000000	0,00195945	1561301109419	true	true	
29112960	0,01306300	0,47000000	0,00613961	1561301109419	true	true	
29112961	0,01306200	1,39000000	0,01815618	1561301109419	true	true	
29112962	0,01306800	2,83000000	0,03698244	1561301112653	false	true	
29112963	0,01307000	0,15000000	0,00196050	1561301112767	false	true	
29112964	0,01307000	3,21000000	0,04195470	1561301112767	false	true	
29112965	0,01306700	0,15000000	0,00196005	1561301116413	true	true	
29112966	0,01306600	0,61000000	0,00797026	1561301116413	true	true	
29112967	0,01307100	0,15000000	0,00196065	1561301119031	false	true	
29112968	0,01307200	5,75000000	0,07516400	1561301119655	false	true	
29112969	0,01307500	0,36000000	0,00470700	1561301125466	false	true	
29112970	0,01308400	0,19000000	0,00248596	1561301127880	false	true	
29112971	0,01308100	0,15000000	0,00196215	1561301128088	true	true	
29112972	0,01308100	0,15000000	0,00196215	1561301128311	true	true	
29112973	0,01308000	0,63000000	0,00824040	1561301131678	true	true	
29112974	0,01308000	1,02000000	0,01334160	1561301131699	true	true	
29112975	0,01308000	0,84000000	0,01098720	1561301131699	true	true	
29112976	0,01308000	0,14000000	0,00183120	1561301134613	false	true	
29112977	0,01307900	3,88000000	0,05074652	1561301136461	true	true	
29112978	0,01308000	0,01000000	0,00013080	1561301140913	false	true	
29112979	0,01307900	0,56000000	0,00732424	1561301141997	true	true	
29112980	0,01307600	0,15000000	0,00196140	1561301141997	true	true	
29112981	0,01307100	1,31000000	0,01712301	1561301141997	true	true	
29112982	0,01307100	0,59000000	0,00771189	1561301141997	true	true	
29112983	0,01308000	0,30000000	0,00392400	1561301142086	false	true	
29112984	0,01308100	0,71000000	0,00928751	1561301144921	false	true	
29112985	0,01308400	0,15000000	0,00196260	1561301147924	true	true	
29112986	0,01308400	0,15000000	0,00196260	1561301148918	true	true	
29112987	0,01308300	0,94000000	0,01229802	1561301149393	true	true	
29112988	0,01308300	0,15000000	0,00196245	1561301149925	true	true	
29112989	0,01307900	0,93000000	0,01216347	1561301151933	true	true	
29112990	0,01308000	0,51000000	0,00667080	1561301152912	true	true	
29112991	0,01308100	1,72000000	0,02249932	1561301156117	false	true	
29112992	0,01307800	0,09000000	0,00117702	1561301161236	true	true	
29112993	0,01308300	0,15000000	0,00196245	1561301161265	false	true	
29112994	0,01308300	0,30000000	0,00392490	1561301164924	false	true	
29112995	0,01308400	0,80000000	0,01046720	1561301164967	false	true	
29112996	0,01308400	0,70000000	0,00915880	1561301164989	false	true	
29112997	0,01308400	0,43000000	0,00562612	1561301165025	false	true	
29112998	0,01308400	0,20000000	0,00261680	1561301165057	false	true	
29112999	0,01308500	0,15000000	0,00196275	1561301170249	true	true	
29113000	0,01308500	0,15000000	0,00196275	1561301170439	true	true	
29113001	0,01308500	0,15000000	0,00196275	1561301170647	true	true	
29113002	0,01308400	2,50000000	0,03271000	1561301171908	true	true	
29113003	0,01308400	2,50000000	0,03271000	1561301171926	true	true	
29113004	0,01308600	2,14000000	0,02800404	1561301174808	false	true	
29113005	0,01308600	7,64000000	0,09997704	1561301174808	false	true	
29113006	0,01308600	3,07000000	0,04017402	1561301174808	false	true	
29113007	0,01308700	10,35000000	0,13545045	1561301174808	false	true	
29113008	0,01308800	0,15000000	0,00196320	1561301174808	false	true	
29113009	0,01308800	7,64000000	0,09999232	1561301174808	false	true	
29113010	0,01309000	1,39000000	0,01819510	1561301174808	false	true	
29113011	0,01309100	10,14000000	0,13274274	1561301174808	false	true	
29113012	0,01309100	7,74000000	0,10132434	1561301174808	false	true	
29113013	0,01309500	0,76000000	0,00995220	1561301174808	false	true	
29113014	0,01309800	15,28000000	0,20013744	1561301174808	false	true	
29113015	0,01309900	1,12000000	0,01467088	1561301174808	false	true	
29113016	0,01309900	0,27000000	0,00353673	1561301174808	false	true	
29113017	0,01309100	0,15000000	0,00196365	1561301176916	true	true	
29113018	0,01309000	2,92000000	0,03822280	1561301176916	true	true	
29113019	0,01309000	0,15000000	0,00196350	1561301176928	true	true	
29113020	0,01308600	0,32000000	0,00418752	1561301180007	true	true	
29113021	0,01308300	0,23000000	0,00300909	1561301185821	true	true	
29113022	0,01308300	2,09000000	0,02734347	1561301185821	true	true	
29113023	0,01308300	1,96000000	0,02564268	1561301185886	false	true	
29113024	0,01308300	1,53000000	0,02001699	1561301185911	false	true	
29113025	0,01308600	0,30000000	0,00392580	1561301186273	false	true	
29113026	0,01308600	1,66000000	0,02172276	1561301186273	false	true	
29113027	0,01308600	0,59000000	0,00772074	1561301186608	false	true	
29113028	0,01308600	0,26000000	0,00340236	1561301186949	false	true	
29113029	0,01308500	0,15000000	0,00196275	1561301188084	false	true	
29113030	0,01308600	0,13000000	0,00170118	1561301188084	false	true	
29113031	0,01308700	1,68000000	0,02198616	1561301188084	false	true	
29113032	0,01308400	1,40000000	0,01831760	1561301190925	true	true	
29113033	0,01308300	0,15000000	0,00196245	1561301192231	true	true	
29113034	0,01308300	0,15000000	0,00196245	1561301192366	true	true	
29113035	0,01308200	2,85000000	0,03728370	1561301192366	true	true	
29113036	0,01308200	0,15000000	0,00196230	1561301192438	true	true	
29113037	0,01308300	0,15000000	0,00196245	1561301192528	true	true	
29113038	0,01307900	3,00000000	0,03923700	1561301202274	true	true	
29113039	0,01308100	0,95000000	0,01242695	1561301202277	false	true	
29113040	0,01307800	2,32000000	0,03034096	1561301209823	false	true	
29113041	0,01308000	0,14000000	0,00183120	1561301211015	false	true	