28093782	0,016602	1,88	0,03121176	1560386502175	0	1	0	
28093783	0,01661	1,68	0,0279048	1560386504172	1	1	1	
28093784	0,016609	1,33	0,02208997	1560386504178	1	1	-1	
28093785	0,016609	0,12	0,00199308	1560386507298	0	1	0	
28093786	0,016609	0,48	0,00797232	1560386507298	0	1	0	
28093787	0,016608	0,6	0,0099648	1560386508840	0	1	-1	
28093788	0,016608	2,39	0,03969312	1560386508864	0	1	0	
28093789	0,01661	1,11	0,0184371	1560386511171	1	1	1	
28093790	0,016609	0,12	0,00199308	1560386511191	1	1	-1	
28093791	0,01661	1,21	0,0200981	1560386511915	1	1	1	
28093792	0,016606	0,12	0,00199272	1560386512211	1	1	-1	
28093793	0,016606	0,12	0,00199272	1560386513625	0	1	0	
28093794	0,016607	0,63	0,01046241	1560386513625	0	1	1	
28093795	0,016609	4,78	0,07939102	1560386513625	0	1	2	
28093796	0,01661	20	0,3322	1560386513625	0	1	3	
28093797	0,016611	6,36	0,10564596	1560386513679	1	1	4	
28093798	0,016612	3,01	0,05000212	1560386513721	0	1	5	
28093799	0,016611	6,44	0,10697484	1560386513763	1	1	-1	
28093800	0,016611	0,92	0,01528212	1560386513871	1	1	0	
28093801	0,016611	10,75	0,17856825	1560386514172	1	1	0	
28093802	0,016607	4,09	0,06792263	1560386514991	1	1	-1	
28093803	0,016602	0,12	0,00199224	1560386515160	1	1	-2	
28093804	0,016599	0,12	0,00199188	1560386515217	1	1	-3	
28093805	0,016598	0,51	0,00846498	1560386515217	1	1	-4	
28093806	0,016598	0,12	0,00199176	1560386515231	1	1	0	
28093807	0,016597	1,68	0,02788296	1560386515231	1	1	-1	
28093808	0,016597	0,7	0,0116179	1560386515231	1	1	0	
28093809	0,016597	2,5	0,0414925	1560386515243	1	1	0	
28093810	0,016597	5	0,082985	1560386515255	1	1	0	
28093811	0,016597	1,8	0,0298746	1560386515435	1	1	0	
28093812	0,016595	0,1	0,0016595	1560386516906	0	1	-1	
28093813	0,016591	1,46	0,02422286	1560386519969	0	1	-2	
28093814	0,016594	2,18	0,03617492	1560386519980	0	1	1	
28093815	0,016592	4,58	0,07599136	1560386521907	0	1	-1	
28093816	0,016593	0,26	0,00431418	1560386521907	0	1	1	
28093817	0,016595	3,15	0,05227425	1560386522032	0	1	2	
28093818	0,016595	2,49	0,04132155	1560386522071	1	1	0	
28093819	0,016595	23,44	0,3889868	1560386522380	1	1	0	
28093820	0,016596	4,83	0,08015868	1560386522795	0	1	1	
28093821	0,016597	2,8	0,0464716	1560386522795	0	1	2	
28093822	0,016601	1,4	0,0232414	1560386522795	0	1	3	
28093823	0,016595	0,12	0,0019914	1560386522902	1	1	-1	
28093824	0,016595	0,12	0,0019914	1560386523119	1	1	0	
28093825	0,016595	0,12	0,0019914	1560386523486	1	1	0	
28093826	0,016597	4,76	0,07900172	1560386523910	0	1	1	
28093827	0,016599	0,12	0,00199188	1560386524091	0	1	2	
28093828	0,0166	3,52	0,058432	1560386524091	0	1	3	
28093829	0,016606	7,83	0,13002498	1560386524091	0	1	4	
28093830	0,016607	5,86	0,09731702	1560386524091	0	1	5	
28093831	0,016609	1,34	0,02225606	1560386524091	0	1	6	
28093832	0,016609	1,34	0,02225606	1560386524091	0	1	0	
28093833	0,016609	1,34	0,02225606	1560386524091	0	1	0	
28093834	0,016609	1,34	0,02225606	1560386524091	0	1	0	
28093835	0,016609	1,34	0,02225606	1560386524091	0	1	0	
28093836	0,016609	1,34	0,02225606	1560386524091	0	1	0	
28093837	0,016609	1,34	0,02225606	1560386524091	0	1	0	
28093838	0,016609	1,1	0,0182699	1560386524091	0	1	0	
28093839	0,016612	0,41	0,00681092	1560386524091	0	1	1	
28093840	0,016612	3,68	0,06113216	1560386524091	0	1	0	
28093841	0,016597	0,12	0,00199164	1560386524403	1	1	-1	
28093842	0,016597	0,56	0,00929432	1560386525341	1	1	0	
28093843	0,016597	1,52	0,02522744	1560386526089	1	1	0	
28093844	0,016599	2,5	0,0414975	1560386526466	0	1	1	
28093845	0,016601	1,41	0,02340741	1560386529530	1	1	2	
28093846	0,016602	0,24	0,00398448	1560386530708	0	1	3	
28093847	0,016603	0,12	0,00199236	1560386532653	1	1	4	
28093848	0,016602	3,74	0,06209148	1560386532653	1	1	-1	
28093849	0,016605	4,52	0,0750546	1560386532861	0	1	1	
28093850	0,016605	0,12	0,0019926	1560386535438	1	1	0	
28093851	0,016604	2,3	0,0381892	1560386535438	1	1	-1	
28093852	0,016602	2,17	0,03602634	1560386535438	1	1	-2	
28093853	0,016606	2,78	0,04616468	1560386537181	1	1	1	
28093854	0,016608	0,07	0,00116256	1560386537195	0	1	2	
28093855	0,016608	0,05	0,0008304	1560386538031	0	1	0	
28093856	0,016608	1,54	0,02557632	1560386538031	0	1	0	
28093857	0,016609	10	0,16609	1560386538031	0	1	1	
28093858	0,016612	4,18	0,06943816	1560386538031	0	1	2	
28093859	0,016606	1,22	0,02025932	1560386540719	1	1	-1	
28093860	0,016609	0,89	0,01478201	1560386544941	1	1	1	
28093861	0,016609	3,28	0,05447752	1560386550004	1	1	0	
28093862	0,01661	0,24	0,0039864	1560386552397	0	1	1	
28093863	0,016612	0,1	0,0016612	1560386552397	0	1	2	
28093864	0,016614	0,17	0,00282438	1560386552397	0	1	3	
28093865	0,016615	3,42	0,0568233	1560386552397	0	1	4	
28093866	0,016609	0,12	0,00199308	1560386553643	1	1	-1	
28093867	0,016608	3,61	0,05995488	1560386553643	1	1	-2	
28093868	0,016609	3,5	0,0581315	1560386555433	1	1	1	
28093869	0,016608	1,1	0,0182688	1560386555433	1	1	-1	
28093870	0,016609	0,97	0,01611073	1560386555639	1	1	1	
28093871	0,016608	2,29	0,03803232	1560386558073	1	1	-1	
28093872	0,016604	3,98	0,06608392	1560386558073	1	1	-2	
28093873	0,016603	1,05	0,01743315	1560386558073	1	1	-3	
28093874	0,016603	1,05	0,01743315	1560386558073	1	1	0	
28093875	0,016603	1,05	0,01743315	1560386558073	1	1	0	
28093876	0,016603	1,05	0,01743315	1560386558073	1	1	0	
28093877	0,016603	1,05	0,01743315	1560386558073	1	1	0	
28093878	0,016603	1,05	0,01743315	1560386558073	1	1	0	
28093879	0,016603	1,05	0,01743315	1560386558073	1	1	0	
28093880	0,016603	1,05	0,01743315	1560386558073	1	1	0	
28093881	0,016603	1,05	0,01743315	1560386558073	1	1	0	
28093882	0,016603	0,39	0,00647517	1560386558073	1	1	0	
28093883	0,016602	4,87	0,08085174	1560386558073	1	1	-1	
28093884	0,016608	0,12	0,00199296	1560386559494	0	1	1	
28093885	0,016609	0,32	0,00531488	1560386559512	0	1	2	
28093886	0,016612	1,74	0,02890488	1560386561043	0	1	3	
28093887	0,016612	0,72	0,01196064	1560386561770	0	1	0	
28093888	0,016613	0,92	0,01528396	1560386561775	0	1	1	
28093889	0,016615	14,59	0,24241285	1560386561797	0	1	2	
28093890	0,016615	5	0,083075	1560386561797	0	1	0	
28093891	0,016615	2,5	0,0415375	1560386561805	0	1	0	
28093892	0,016615	4,13	0,06861995	1560386561819	0	1	0	
28093893	0,016615	1,16	0,0192734	1560386561839	0	1	0	
28093894	0,016615	2,44	0,0405406	1560386562085	1	1	0	
28093895	0,016617	10	0,16617	1560386563188	0	1	1	
28093896	0,016613	0,12	0,00199356	1560386563806	1	1	-1	
28093897	0,016613	0,03	0,00049839	1560386563806	1	1	0	
28093898	0,016618	0,12	0,00199416	1560386564720	0	1	1	
28093899	0,016616	2,79	0,04635864	1560386565034	1	1	-1	
28093900	0,016616	3,64	0,06048224	1560386565034	1	1	0	
28093901	0,016615	0,3	0,0049845	1560386565034	1	1	-1	
28093902	0,016619	0,25	0,00415475	1560386565819	0	1	1	
28093903	0,016619	2,97	0,04935843	1560386565819	0	1	0	
28093904	0,01662	0,08	0,0013296	1560386566881	0	1	1	
28093905	0,016623	1,86	0,03091878	1560386568448	0	1	2	
28093906	0,016626	1,41	0,02344266	1560386571469	0	1	3	
28093907	0,016626	0,11	0,00182886	1560386573036	0	1	0	
28093908	0,016624	1,15	0,0191176	1560386573089	1	1	-1	
28093909	0,016626	0,81	0,01346706	1560386573230	0	1	1	
28093910	0,016624	0,12	0,00199488	1560386573234	1	1	-1	
28093911	0,016625	13,91	0,23125375	1560386574517	1	1	1	
28093912	0,016623	2,4	0,0398952	1560386574517	1	1	-1	
28093913	0,016622	0,12	0,00199464	1560386574517	1	1	-2	
28093914	0,016621	2,14	0,03556894	1560386574517	1	1	-3	
28093915	0,01662	7,45	0,123819	1560386574517	1	1	-4	
28093916	0,016624	0,98	0,01629152	1560386574593	0	1	1	
28093917	0,016621	0,12	0,00199452	1560386575192	1	1	-1	
28093918	0,016621	4,25	0,07063925	1560386575192	1	1	0	
28093919	0,01662	2,55	0,042381	1560386575200	1	1	-1	
28093920	0,016615	2,84	0,0471866	1560386575440	1	1	-2	
28093921	0,016615	0,12	0,0019938	1560386575440	1	1	0	
28093922	0,016614	1,63	0,02708082	1560386575440	1	1	-1	
28093923	0,016619	4,62	0,07677978	1560386580725	0	1	1	
28093924	0,016614	4,74	0,07875036	1560386583524	0	1	-1	
28093925	0,016613	2,14	0,03555182	1560386587011	0	1	-2	
28093926	0,016615	0,12	0,0019938	1560386587190	0	1	1	
28093927	0,016622	1,18	0,01961396	1560386591651	0	1	2	
28093928	0,016619	0,7	0,0116333	1560386594560	0	1	-1	
28093929	0,016618	1,64	0,02725352	1560386595435	1	1	-2	
28093930	0,016617	0,48	0,00797616	1560386595435	1	1	-3	
28093931	0,016619	0,79	0,01312901	1560386598122	0	1	1	
28093932	0,016619	0,58	0,00963902	1560386599072	0	1	0	
28093933	0,01662	10	0,1662	1560386599072	0	1	1	
28093934	0,01662	2,11	0,0350682	1560386599072	0	1	0	
28093935	0,016616	0,12	0,00199392	1560386602200	1	1	-1	
28093936	0,016615	0,24	0,0039876	1560386602504	0	1	-2	
28093937	0,016616	11,98	0,19905968	1560386602504	0	1	1	
28093938	0,016615	1,31	0,02176565	1560386607058	0	1	-1	
28093939	0,016612	0,12	0,00199344	1560386609062	1	1	-2	
28093940	0,016611	0,15	0,00249165	1560386609062	1	1	-3	
28093941	0,016613	1,86	0,03090018	1560386610464	0	1	1	
28093942	0,016614	0,17	0,00282438	1560386613486	0	1	2	
28093943	0,016615	5,27	0,08756105	1560386615873	0	1	3	
28093944	0,016616	0,12	0,00199392	1560386615873	0	1	4	
28093945	0,016616	0,92	0,01528672	1560386615873	0	1	0	
28093946	0,01662	3,57	0,0593334	1560386615873	0	1	1	
28093947	0,016617	0,14	0,00232638	1560386616458	1	1	-1	
28093948	0,016617	0,22	0,00365574	1560386616542	1	1	0	
28093949	0,016619	0,12	0,00199428	1560386617945	0	1	1	
28093950	0,016619	0,01	0,00016619	1560386617945	0	1	0	
28093951	0,016619	0,79	0,01312901	1560386617947	0	1	0	
28093952	0,01662	2,5	0,04155	1560386617977	0	1	1	
28093953	0,01662	2,5	0,04155	1560386618180	0	1	0	
28093954	0,01662	1,72	0,0285864	1560386618185	0	1	0	
28093955	0,01662	10	0,1662	1560386618210	0	1	0	
28093956	0,01662	50	0,831	1560386618214	0	1	0	
28093957	0,01662	0,14	0,0023268	1560386618317	0	1	0	
28093958	0,01662	2,7	0,044874	1560386618971	0	1	0	
28093959	0,016624	1,84	0,03058816	1560386620130	0	1	1	
28093960	0,016624	0,13	0,00216112	1560386620318	1	1	0	
28093961	0,016624	0,13	0,00216112	1560386622843	1	1	0	
28093962	0,016623	2,85	0,04737555	1560386623014	1	1	-1	
28093963	0,01662	0,12	0,0019944	1560386625399	1	1	-2	
28093964	0,016619	0,4	0,0066476	1560386625399	1	1	-3	
28093965	0,016626	0,12	0,00199512	1560386626650	0	1	1	
28093966	0,016624	2,17	0,03607408	1560386627771	0	1	-1	
28093967	0,016625	3,18	0,0528675	1560386632476	0	1	1	
28093968	0,016626	5,53	0,09194178	1560386636559	0	1	2	
28093969	0,016625	0,45	0,00748125	1560386636562	1	1	-1	
28093970	0,016626	10	0,16626	1560386640605	0	1	1	
28093971	0,016627	1	0,016627	1560386641180	0	1	2	
28093972	0,016628	1,95	0,0324246	1560386641625	1	1	3	
28093973	0,016627	14,04	0,23344308	1560386641625	1	1	-1	
28093974	0,016626	9,01	0,14980026	1560386641625	1	1	-2	
28093975	0,016629	3,37	0,05603973	1560386643480	0	1	1	
28093976	0,016626	0,37	0,00615162	1560386644301	1	1	-1	
28093977	0,01663	0,44	0,0073172	1560386646869	0	1	1	
28093978	0,016629	0,59	0,00981111	1560386648516	1	1	-1	
28093979	0,016629	9,7	0,1613013	1560386648782	0	1	0	
28093980	0,016629	0,3	0,0049887	1560386648829	0	1	0	
28093981	0,016629	6,74	0,11207946	1560386648829	0	1	0	
28093982	0,016627	2,55	0,04239885	1560386649240	1	1	-1	
28093983	0,016627	2,91	0,04838457	1560386652855	1	1	0	
28093984	0,016628	2,38	0,03957464	1560386652861	0	1	1	
28093985	0,016628	1,15	0,0191222	1560386654395	1	1	0	
28093986	0,016626	0,77	0,01280202	1560386654395	1	1	-1	
28093987	0,016627	0,76	0,01263652	1560386655615	1	1	1	
28093988	0,016626	11,92	0,19818192	1560386655615	1	1	-1	
28093989	0,016628	0,14	0,00232792	1560386655798	0	1	1	
28093990	0,016628	1,38	0,02294664	1560386656512	0	1	0	
28093991	0,016627	1,05	0,01745835	1560386656683	1	1	-1	
28093992	0,016629	1,32	0,02195028	1560386660187	0	1	1	
28093993	0,016628	4,82	0,08014696	1560386660415	1	1	-1	
28093994	0,016629	2,77	0,04606233	1560386666656	1	1	1	
28093995	0,01663	0,14	0,0023282	1560386667064	0	1	2	
28093996	0,016631	1,38	0,02295078	1560386669256	1	1	3	
28093997	0,01663	7,5	0,124725	1560386669273	1	1	-1	
28093998	0,01663	2,5	0,041575	1560386669280	1	1	0	
28093999	0,01663	2,5	0,041575	1560386669295	1	1	0	
28094000	0,01663	2,5	0,041575	1560386669323	1	1	0	
28094001	0,01663	35	0,58205	1560386669354	1	1	0	
28094002	0,01663	3,05	0,0507215	1560386670366	0	1	0	
28094003	0,016628	0,12	0,00199536	1560386671186	1	1	-1	
28094004	0,016626	3,49	0,05802474	1560386671192	1	1	-2	
28094005	0,016626	8,47	0,14082222	1560386671876	1	1	0	
28094006	0,016626	5,97	0,09925722	1560386672196	1	1	0	
28094007	0,016625	0,71	0,01180375	1560386672771	1	1	-1	
28094008	0,016621	0,12	0,00199452	1560386673601	1	1	-2	
28094009	0,01662	8,47	0,1407714	1560386673653	1	1	-3	
28094010	0,016624	1,09	0,01812016	1560386673774	0	1	1	
28094011	0,016621	0,12	0,00199452	1560386674477	1	1	-1	
28094012	0,01662	1,53	0,0254286	1560386674483	1	1	-2	
28094013	0,016611	0,59	0,00980049	1560386677642	1	1	-3	
28094014	0,01661	2,2	0,036542	1560386677642	1	1	-4	
28094015	0,01661	19,76	0,3282136	1560386678364	1	1	0	
28094016	0,016608	7,82	0,12987456	1560386678364	1	1	-1	
28094017	0,0166	1,37	0,022742	1560386678364	1	1	-2	
28094018	0,016599	0,41	0,00680559	1560386678364	1	1	-3	
28094019	0,016599	0,61	0,01012539	1560386678364	1	1	0	
28094020	0,016609	0,55	0,00913495	1560386679293	0	1	1	
28094021	0,016608	0,12	0,00199296	1560386679376	0	1	-1	
28094022	0,016607	0,24	0,00398568	1560386679425	0	1	-2	
28094023	0,016612	2,38	0,03953656	1560386682339	0	1	1	
28094024	0,016618	0,67	0,01113406	1560386686350	0	1	2	
28094025	0,016611	1,18	0,01960098	1560386686353	0	1	-1	
28094026	0,016612	3,25	0,053989	1560386690309	1	1	1	
28094027	0,016618	1,35	0,0224343	1560386690316	0	1	2	
28094028	0,016618	2,9	0,0481922	1560386694280	0	1	0	
28094029	0,016618	0,41	0,00681338	1560386694280	0	1	0	
28094030	0,016618	4,73	0,07860314	1560386694280	0	1	0	
28094031	0,016619	0,17	0,00282523	1560386694280	0	1	1	
28094032	0,01662	0,14	0,0023268	1560386694373	1	1	2	
28094033	0,01662	40	0,6648	1560386695295	1	1	0	
28094034	0,016621	0,12	0,00199452	1560386695997	1	1	1	
28094035	0,01662	1,65	0,027423	1560386695997	1	1	-1	
28094036	0,016617	5,54	0,09205818	1560386699176	0	1	-2	
28094037	0,01662	0,12	0,0019944	1560386701185	0	1	1	
28094038	0,016617	0,07	0,00116319	1560386701633	0	1	-1	
28094039	0,01662	6,75	0,112185	1560386701633	0	1	1	
28094040	0,016621	0,12	0,00199452	1560386702714	1	1	2	
28094041	0,01662	1,18	0,0196116	1560386702714	1	1	-1	
28094042	0,016624	4,2	0,0698208	1560386702940	1	1	1	
28094043	0,016623	0,82	0,01363086	1560386705883	1	1	-1	
28094044	0,016623	1,71	0,02842533	1560386707881	1	1	0	
28094045	0,016622	1,52	0,02526544	1560386711395	1	1	-1	
28094046	0,016621	0,12	0,00199452	1560386711395	1	1	-2	
28094047	0,01662	37,98	0,6312276	1560386711395	1	1	-3	
28094048	0,016623	10	0,16623	1560386712053	0	1	1	
28094049	0,016623	2,03	0,03374469	1560386712053	0	1	0	
28094050	0,01662	4,02	0,0668124	1560386712188	1	1	-1	
28094051	0,01662	5,98	0,0993876	1560386712188	1	1	0	
28094052	0,016622	7,5	0,124665	1560386713150	0	1	1	
28094053	0,016621	2,98	0,04953058	1560386715078	1	1	-1	
28094054	0,01662	0,23	0,0038226	1560386715078	1	1	-2	
28094055	0,01662	6,77	0,1125174	1560386715201	1	1	0	
28094056	0,016619	0,12	0,00199428	1560386715910	0	1	-1	
28094057	0,016619	0,12	0,00199428	1560386716010	0	1	0	
28094058	0,01662	3,77	0,0626574	1560386716221	0	1	1	
28094059	0,016615	1,39	0,02309485	1560386718967	0	1	-1	
28094060	0,016619	0,3	0,0049857	1560386718967	0	1	1	
28094061	0,016619	0,08	0,00132952	1560386721063	0	1	0	
28094062	0,016619	1,31	0,02177089	1560386721199	0	1	0	
28094063	0,016624	0,51	0,00847824	1560386723721	0	1	1	
28094064	0,016619	0,12	0,00199428	1560386727557	1	1	-1	
28094065	0,016619	3,26	0,05417794	1560386727557	1	1	0	
28094066	0,016619	0,3	0,0049857	1560386727557	1	1	0	
28094067	0,01662	0,12	0,0019944	1560386727714	1	1	1	
28094068	0,016619	1,71	0,02841849	1560386727714	1	1	-1	
28094069	0,016622	1,25	0,0207775	1560386729020	1	1	1	
28094070	0,016624	2,14	0,03557536	1560386730776	1	1	2	
28094071	0,016624	0,92	0,01529408	1560386730839	1	1	0	
28094072	0,016623	0,12	0,00199476	1560386730839	1	1	-1	
28094073	0,016621	0,9	0,0149589	1560386735727	0	1	-2	
28094074	0,016623	0,12	0,00199476	1560386736517	0	1	1	
28094075	0,016629	0,08	0,00133032	1560386739474	0	1	2	
28094076	0,016628	1,81	0,03009668	1560386744987	0	1	-1	
28094077	0,016629	0,16	0,00266064	1560386749197	0	1	1	
28094078	0,016631	0,4	0,0066524	1560386753605	1	1	2	
28094079	0,016631	3,42	0,05687802	1560386753605	1	1	0	
28094080	0,01663	13,91	0,2313233	1560386753605	1	1	-1	
28094081	0,016629	0,12	0,00199548	1560386753605	1	1	-2	
28094082	0,016623	3,13	0,05202999	1560386753605	1	1	-3	
28094083	0,016623	1,35	0,02244105	1560386753605	1	1	0	
28094084	0,016622	1,5	0,024933	1560386753605	1	1	-1	
28094085	0,016622	1,17	0,01944774	1560386753605	1	1	0	
28094086	0,01663	0,67	0,0111421	1560386759079	1	1	1	
28094087	0,01663	1,11	0,0184593	1560386759266	1	1	0	
28094088	0,016631	0,67	0,01114277	1560386759787	1	1	1	
28094089	0,01663	0,67	0,0111421	1560386762425	1	1	-1	
28094090	0,01663	0,42	0,0069846	1560386763163	1	1	0	
28094091	0,016631	0,07	0,00116417	1560386763371	0	1	1	
28094092	0,016632	0,12	0,00199584	1560386763371	0	1	2	
28094093	0,016633	0,52	0,00864916	1560386763371	0	1	3	
28094094	0,016638	0,44	0,00732072	1560386763371	0	1	4	
28094095	0,016638	0,41	0,00682158	1560386763371	0	1	0	
28094096	0,016638	0,41	0,00682158	1560386763371	0	1	0	
28094097	0,016638	0,44	0,00732072	1560386763371	0	1	0	
28094098	0,016638	0,41	0,00682158	1560386763371	0	1	0	
28094099	0,016639	0,42	0,00698838	1560386763371	0	1	1	
28094100	0,016639	0,1	0,0016639	1560386763371	0	1	0	
28094101	0,01664	0,4	0,006656	1560386763371	0	1	1	
28094102	0,01664	0,31	0,0051584	1560386763371	0	1	0	
28094103	0,01663	0,67	0,0111421	1560386763463	1	1	-1	
28094104	0,016636	1,45	0,0241222	1560386763627	0	1	1	
28094105	0,016631	0,12	0,00199572	1560386764032	1	1	-1	
28094106	0,01663	2,23	0,0370849	1560386764032	1	1	-2	
28094107	0,016632	2,86	0,04756752	1560386766624	1	1	1	
28094108	0,016632	0,95	0,0158004	1560386766677	1	1	0	
28094109	0,016632	1,65	0,0274428	1560386769839	1	1	0	
28094110	0,016632	0,07	0,00116424	1560386771506	0	1	0	
28094111	0,016632	0,07	0,00116424	1560386771556	0	1	0	
28094112	0,016632	0,07	0,00116424	1560386771606	0	1	0	
28094113	0,016632	0,07	0,00116424	1560386771781	0	1	0	
28094114	0,016632	0,07	0,00116424	1560386771823	0	1	0	
28094115	0,016632	0,07	0,00116424	1560386771843	0	1	0	
28094116	0,016632	0,07	0,00116424	1560386771931	0	1	0	
28094117	0,016632	0,07	0,00116424	1560386771982	0	1	0	
28094118	0,016631	0,12	0,00199572	1560386772139	1	1	-1	
28094119	0,01663	0,57	0,0094791	1560386778213	0	1	-2	
28094120	0,01663	0,12	0,0019956	1560386778359	1	1	0	
28094121	0,016629	0,25	0,00415725	1560386780171	1	1	-1	
28094122	0,016629	1,96	0,03259284	1560386780450	1	1	0	
28094123	0,016629	6,35	0,10559415	1560386780462	1	1	0	
28094124	0,016625	1,5	0,0249375	1560386780474	1	1	-1	
28094125	0,016625	0,7	0,0116375	1560386780474	1	1	0	
28094126	0,016625	0,8	0,0133	1560386780476	1	1	0	
28094127	0,016625	1,4	0,023275	1560386780476	1	1	0	
28094128	0,016627	1,96	0,03258892	1560386783192	0	1	1	
28094129	0,016628	3,47	0,05769916	1560386787172	0	1	2	
28094130	0,016629	0,06	0,00099774	1560386789452	0	1	3	
28094131	0,016629	0,07	0,00116403	1560386790157	0	1	0	
28094132	0,016629	2,5	0,0415725	1560386790194	0	1	0	
28094133	0,016627	0,14	0,00232778	1560386790462	1	1	-1	
28094134	0,016629	0,22	0,00365838	1560386790466	0	1	1	
28094135	0,016628	3,15	0,0523782	1560386790471	0	1	-1	
28094136	0,016629	1,62	0,02693898	1560386792186	0	1	1	
28094137	0,01663	0,12	0,0019956	1560386792210	0	1	2	
28094138	0,01663	0,12	0,0019956	1560386793363	1	1	0	
28094139	0,016629	1,86	0,03092994	1560386793363	1	1	-1	
28094140	0,016631	1,36	0,02261816	1560386797260	1	1	1	
28094141	0,01663	2,42	0,0402446	1560386797260	1	1	-1	
28094142	0,016629	5,47	0,09096063	1560386803796	0	1	-2	
28094143	0,016629	4,67	0,07765743	1560386803904	0	1	0	
28094144	0,016629	1,78	0,02959962	1560386804945	0	1	0	
28094145	0,016628	0,91	0,01513148	1560386806324	1	1	-1	
28094146	0,016627	0,49	0,00814723	1560386806324	1	1	-2	
28094147	0,016629	4,68	0,07782372	1560386808196	0	1	1	
28094148	0,016628	3,06	0,05088168	1560386808713	1	1	-1	
28094149	0,016629	2,11	0,03508719	1560386814016	0	1	1	
28094150	0,016629	7,5	0,1247175	1560386814016	0	1	0	
28094151	0,016629	1,77	0,02943333	1560386814018	0	1	0	
28094152	0,016629	0,04	0,00066516	1560386814021	0	1	0	
28094153	0,01663	0,44	0,0073172	1560386814021	0	1	1	
28094154	0,01663	0,34	0,0056542	1560386814023	0	1	0	
28094155	0,01663	1,09	0,0181267	1560386814035	0	1	0	
28094156	0,016631	0,34	0,00565454	1560386814035	0	1	1	
28094157	0,016632	1,77	0,02943864	1560386814067	0	1	2	
28094158	0,016633	1,05	0,01746465	1560386814120	0	1	3	
28094159	0,016633	0,36	0,00598788	1560386814169	0	1	0	
28094160	0,016634	1,42	0,02362028	1560386814169	0	1	1	
28094161	0,016636	1,76	0,02927936	1560386814436	0	1	2	
28094162	0,016632	0,12	0,00199584	1560386814640	1	1	-1	
28094163	0,016631	1,05	0,01746255	1560386814640	1	1	-2	
28094164	0,016639	0,12	0,00199668	1560386815078	0	1	1	
28094165	0,01664	0,09	0,0014976	1560386815078	0	1	2	
28094166	0,01664	3,66	0,0609024	1560386815249	0	1	0	
28094167	0,016641	0,22	0,00366102	1560386815249	0	1	1	
28094168	0,016641	0,17	0,00282897	1560386815255	0	1	0	
28094169	0,016641	0,39	0,00648999	1560386815255	0	1	0	
28094170	0,016641	0,13	0,00216333	1560386815255	0	1	0	
28094171	0,016636	0,12	0,00199632	1560386815351	1	1	-1	
28094172	0,016632	7,29	0,12124728	1560386815351	1	1	-2	
28094173	0,016637	2,71	0,04508627	1560386818420	1	1	1	
28094174	0,016639	0,12	0,00199668	1560386818829	0	1	2	
28094175	0,016642	0,38	0,00632396	1560386818928	0	1	3	
28094176	0,016642	0,38	0,00632396	1560386818928	0	1	0	
28094177	0,016642	0,38	0,00632396	1560386818928	0	1	0	
28094178	0,016642	0,12	0,00199704	1560386818928	0	1	0	
28094179	0,016642	0,07	0,00116494	1560386820434	0	1	0	
28094180	0,016642	0,19	0,00316198	1560386820741	0	1	0	
28094181	0,016643	1,36	0,02263448	1560386823225	1	1	1	
28094182	0,016643	12,84	0,21369612	1560386823225	1	1	0	
28094183	0,016643	2,14	0,03561602	1560386823225	1	1	0	
28094184	0,016643	4,28	0,07123204	1560386823225	1	1	0	
28094185	0,016643	9,38	0,15611134	1560386823225	1	1	0	
28094186	0,016645	1,65	0,02746425	1560386823476	0	1	1	
28094187	0,016643	3,46	0,05758478	1560386824277	1	1	-1	
28094188	0,016642	0,12	0,00199704	1560386824277	1	1	-2	
28094189	0,016642	2,67	0,04443414	1560386824277	1	1	0	
28094190	0,01664	2,11	0,0351104	1560386824277	1	1	-1	
28094191	0,016639	0,07	0,00116473	1560386824277	1	1	-2	
28094192	0,016639	0,05	0,00083195	1560386824277	1	1	0	
28094193	0,01664	0,12	0,0019968	1560386825591	1	1	1	
28094194	0,01664	0,12	0,0019968	1560386825918	1	1	0	
28094195	0,01664	1,52	0,0252928	1560386826665	1	1	0	
28094196	0,01664	0,01	0,0001664	1560386826665	1	1	0	
28094197	0,016644	0,12	0,00199728	1560386826962	0	1	1	
28094198	0,016644	2,79	0,04643676	1560386826962	0	1	0	
28094199	0,016644	19,16	0,31889904	1560386826962	0	1	0	
28094200	0,016645	27,93	0,46489485	1560386826962	0	1	1	
28094201	0,016642	1,83	0,03045486	1560386827515	1	1	-1	
28094202	0,016644	0,07	0,00116508	1560386828993	0	1	1	
28094203	0,016644	0,07	0,00116508	1560386829086	0	1	0	
28094204	0,016644	0,07	0,00116508	1560386829086	0	1	0	
28094205	0,016644	0,03	0,00049932	1560386829126	0	1	0	
28094206	0,016644	0,04	0,00066576	1560386829922	1	1	0	
28094207	0,016642	2,14	0,03561388	1560386832681	1	1	-1	
28094208	0,016642	2,46	0,04093932	1560386834458	1	1	0	
28094209	0,016641	0,12	0,00199692	1560386834458	1	1	-1	
28094210	0,016639	0,02	0,00033278	1560386834458	1	1	-2	
28094211	0,016638	9,42	0,15672996	1560386834458	1	1	-3	
28094212	0,016643	10	0,16643	1560386835519	0	1	1	
28094213	0,016643	0,12	0,00199716	1560386835519	0	1	0	
28094214	0,016644	1,66	0,02762904	1560386835519	0	1	1	
28094215	0,016644	1,94	0,03228936	1560386835519	0	1	0	
28094216	0,016644	30	0,49932	1560386836189	1	1	0	
28094217	0,016644	5	0,08322	1560386836201	1	1	0	
28094218	0,016644	1,28	0,02130432	1560386836214	1	1	0	
28094219	0,016642	0,81	0,01348002	1560386836906	0	1	-1	
28094220	0,016641	10	0,16641	1560386837661	1	1	-2	
28094221	0,016641	2,83	0,04709403	1560386838311	1	1	0	
28094222	0,016639	0,12	0,00199668	1560386839187	1	1	-1	
28094223	0,016639	0,12	0,00199668	1560386840326	0	1	0	
28094224	0,016639	0,83	0,01381037	1560386840326	0	1	0	
28094225	0,016639	0,1	0,0016639	1560386842092	0	1	0	
28094226	0,016641	0,09	0,00149769	1560386842822	0	1	1	
28094227	0,016636	0,12	0,00199632	1560386844190	1	1	-1	
28094228	0,016633	1,32	0,02195556	1560386845053	0	1	-2	
28094229	0,016634	1,36	0,02262224	1560386845362	0	1	1	
28094230	0,016635	1,29	0,02145915	1560386845783	0	1	2	
28094231	0,016635	0,1	0,0016635	1560386846220	0	1	0	
28094232	0,016637	1,24	0,02062988	1560386849229	1	1	1	
28094233	0,016638	0,12	0,00199656	1560386850199	0	1	2	
28094234	0,016638	0,64	0,01064832	1560386850199	0	1	0	
28094235	0,016637	0,85	0,01414145	1560386850304	0	1	-1	
28094236	0,016645	1,23	0,02047335	1560386857191	0	1	1	
28094237	0,016646	0,23	0,00382858	1560386857194	0	1	2	
28094238	0,016646	1,13	0,01880998	1560386857197	0	1	0	
28094239	0,016647	0,23	0,00382881	1560386858196	0	1	1	
28094240	0,016647	2,29	0,03812163	1560386858196	0	1	0	
28094241	0,016647	0,23	0,00382881	1560386858201	0	1	0	
28094242	0,016649	0,3	0,0049947	1560386858491	0	1	1	
28094243	0,016647	2,85	0,04744395	1560386861917	1	1	-1	
28094244	0,016651	0,27	0,00449577	1560386862496	0	1	1	
28094245	0,016651	0,07	0,00116557	1560386862555	0	1	0	
28094246	0,016648	0,95	0,0158156	1560386864184	1	1	-1	
28094247	0,016647	0,12	0,00199764	1560386865360	1	1	-2	
28094248	0,016645	2,66	0,0442757	1560386865859	1	1	-3	
28094249	0,016647	0,07	0,00116529	1560386866266	0	1	1	
28094250	0,016647	6,49	0,10803903	1560386866680	0	1	0	
28094251	0,016647	3,44	0,05726568	1560386868866	0	1	0	
28094252	0,016647	0,12	0,00199764	1560386868866	0	1	0	
28094253	0,016649	1,21	0,02014529	1560386868866	0	1	1	
28094254	0,01665	1,17	0,0194805	1560386868866	0	1	2	
28094255	0,016651	0,41	0,00682691	1560386868866	0	1	3	
28094256	0,016651	1,81	0,03013831	1560386868866	0	1	0	
28094257	0,016652	0,92	0,01531984	1560386871400	1	1	1	
28094258	0,016652	0,83	0,01382116	1560386872079	1	1	0	
28094259	0,016651	0,09	0,00149859	1560386872079	1	1	-1	
28094260	0,016651	17,57	0,29255807	1560386872308	1	1	0	
28094261	0,016651	150	2,49765	1560386872335	1	1	0	
28094262	0,016651	0,92	0,01531892	1560386872467	1	1	0	
28094263	0,016651	1,31	0,02181281	1560386873542	1	1	0	
28094264	0,016652	0,77	0,01282204	1560386873604	1	1	1	
28094265	0,016652	0,14	0,00233128	1560386876005	1	1	0	
28094266	0,016652	0,82	0,01365464	1560386876194	1	1	0	
28094267	0,016652	2,47	0,04113044	1560386881653	1	1	0	
28094268	0,016651	3,95	0,06577145	1560386883904	1	1	-1	
28094269	0,016651	6,05	0,10073855	1560386883904	1	1	0	
28094270	0,016651	69,52	1,15757752	1560386883921	1	1	0	
28094271	0,016651	3,82	0,06360682	1560386883921	1	1	0	
28094272	0,016651	6,66	0,11089566	1560386883921	1	1	0	
28094273	0,016652	1,34	0,02231368	1560386885209	1	1	1	
28094274	0,016651	1,28	0,02131328	1560386885324	1	1	-1	
28094275	0,016651	0,47	0,00782597	1560386885420	1	1	0	
28094276	0,016651	0,84	0,01398684	1560386886796	1	1	0	
28094277	0,016651	2,58	0,04295958	1560386887194	1	1	0	
28094278	0,016651	7,42	0,12355042	1560386887194	1	1	0	
28094279	0,016651	2,14	0,03563314	1560386888382	1	1	0	
28094280	0,016651	7,39	0,12305089	1560386888617	1	1	0	
28094281	0,016649	1,32	0,02197668	1560386893365	0	1	-1	
28094282	0,016648	4,05	0,0674244	1560386893369	0	1	-2	
28094283	0,016648	0,12	0,00199776	1560386896778	1	1	0	
28094284	0,016648	0,56	0,00932288	1560386896778	1	1	0	
28094285	0,016648	0,12	0,00199776	1560386896886	1	1	0	
28094286	0,016647	2,64	0,04394808	1560386896997	1	1	-1	
28094287	0,016646	0,12	0,00199752	1560386897235	1	1	-2	
28094288	0,016646	1,42	0,02363732	1560386897782	0	1	0	
28094289	0,016645	5	0,083225	1560386898194	1	1	-1	
28094290	0,016645	1,42	0,0236359	1560386898202	1	1	0	
28094291	0,016645	3,58	0,0595891	1560386898202	1	1	0	
28094292	0,016645	1,42	0,0236359	1560386898213	1	1	0	
28094293	0,016645	5	0,083225	1560386898233	1	1	0	
28094294	0,016642	1,09	0,01813978	1560386908993	0	1	-1	
28094295	0,016643	0,12	0,00199716	1560386908993	0	1	1	
28094296	0,016643	0,54	0,00898722	1560386908993	0	1	0	
28094297	0,016643	1,6	0,0266288	1560386908993	0	1	0	
28094298	0,016644	1,11	0,01847484	1560386908993	0	1	1	
28094299	0,016651	1	0,016651	1560386909687	0	1	2	
28094300	0,016649	0,11	0,00183139	1560386914987	0	1	-1	
28094301	0,016651	0,24	0,00399624	1560386914987	0	1	1	
28094302	0,016652	1,05	0,0174846	1560386914987	0	1	2	
28094303	0,016653	0,15	0,00249795	1560386914987	0	1	3	
28094304	0,016653	1,86	0,03097458	1560386914987	0	1	0	
28094305	0,016653	1,62	0,02697786	1560386914987	0	1	0	
28094306	0,016653	1,62	0,02697786	1560386914987	0	1	0	
28094307	0,016653	1,62	0,02697786	1560386914987	0	1	0	
28094308	0,016653	0,73	0,01215669	1560386914987	0	1	0	
28094309	0,016649	0,12	0,00199788	1560386915185	1	1	-1	
28094310	0,016651	4,65	0,07742715	1560386916961	0	1	1	
28094311	0,016652	0,31	0,00516212	1560386916961	0	1	2	
28094312	0,016649	1,78	0,02963522	1560386921053	1	1	-1	
28094313	0,01665	1,64	0,027306	1560386921055	0	1	1	
28094314	0,016649	2,9	0,0482821	1560386922214	1	1	-1	
28094315	0,016651	9	0,149859	1560386923138	0	1	1	
28094316	0,016648	0,12	0,00199776	1560386923209	1	1	-1	
28094317	0,016646	2,57	0,04278022	1560386924164	0	1	-2	
28094318	0,016647	0,71	0,01181937	1560386929104	0	1	1	
28094319	0,016646	1,82	0,03029572	1560386932675	0	1	-1	
28094320	0,016647	1,15	0,01914405	1560386932696	0	1	1	
28094321	0,016648	0,12	0,00199776	1560386933199	0	1	2	
28094322	0,016648	1,69	0,02813512	1560386933199	0	1	0	
28094323	0,016649	1,71	0,02846979	1560386933212	0	1	1	
28094324	0,016653	0,12	0,00199836	1560386933634	0	1	2	
28094325	0,016653	2,19	0,03647007	1560386933634	0	1	0	
28094326	0,016653	0,24	0,00399672	1560386933639	0	1	0	
28094327	0,016653	0,86	0,01432158	1560386933645	0	1	0	
28094328	0,016654	0,24	0,00399696	1560386933645	0	1	1	
28094329	0,016654	0,38	0,00632852	1560386933645	0	1	0	
28094330	0,016654	0,37	0,00616198	1560386933645	0	1	0	
28094331	0,016654	0,65	0,0108251	1560386933645	0	1	0	
28094332	0,016654	0,8	0,0133232	1560386934487	0	1	0	
28094333	0,016654	2,37	0,03946998	1560386934487	0	1	0	
28094334	0,016655	0,08	0,0013324	1560386935638	0	1	1	
28094335	0,016655	0,34	0,0056627	1560386935638	0	1	0	
28094336	0,016655	18,91	0,31494605	1560386935638	0	1	0	
28094337	0,016655	10	0,16655	1560386935638	0	1	0	
28094338	0,016653	0,44	0,00732732	1560386936362	1	1	-1	
28094339	0,016656	0,5	0,008328	1560386936727	0	1	1	
28094340	0,016656	0,35	0,0058296	1560386936727	0	1	0	
28094341	0,016656	0,55	0,0091608	1560386936727	0	1	0	
28094342	0,016657	0,1	0,0016657	1560386937318	0	1	1	
28094343	0,016657	0,34	0,00566338	1560386937318	0	1	0	
28094344	0,016657	19,56	0,32581092	1560386937318	0	1	0	
28094345	0,016657	0,44	0,00732908	1560386937716	0	1	0	
28094346	0,016657	0,5	0,0083285	1560386937716	0	1	0	
28094347	0,016657	29,04	0,48371928	1560386938189	0	1	0	
28094348	0,016658	0,24	0,00399792	1560386938189	0	1	1	
28094349	0,016658	0,34	0,00566372	1560386938189	0	1	0	
28094350	0,016658	0,35	0,0058303	1560386938189	0	1	0	
28094351	0,016658	45,96	0,76560168	1560386938189	0	1	0	
28094352	0,016658	29,04	0,48374832	1560386938241	0	1	0	
28094353	0,01666	0,1	0,001666	1560386938283	0	1	1	
28094354	0,016662	6,9	0,1149678	1560386938283	0	1	2	
28094355	0,016661	0,24	0,00399864	1560386938799	0	1	-1	
28094356	0,016662	32,32	0,53851584	1560386938799	0	1	1	
28094357	0,016658	0,11	0,00183238	1560386939143	1	1	-1	
28094358	0,016658	0,01	0,00016658	1560386939174	1	1	0	
28094359	0,016658	0,1	0,0016658	1560386939219	0	1	0	
28094360	0,016662	0,24	0,00399888	1560386939219	0	1	1	
28094361	0,016663	19,5	0,3249285	1560386939219	0	1	2	
28094362	0,016663	9,9	0,1649637	1560386939219	0	1	0	
28094363	0,016663	0,1	0,0016663	1560386939224	0	1	0	
28094364	0,016659	9,99	0,16642341	1560386939266	1	1	-1	
28094365	0,016664	0,12	0,00199968	1560386939934	0	1	1	
28094366	0,016665	0,02	0,0003333	1560386939934	0	1	2	
28094367	0,016665	0,12	0,0019998	1560386940192	0	1	0	
28094368	0,016665	0,37	0,00616605	1560386940192	0	1	0	
28094369	0,016666	1,35	0,0224991	1560386940192	0	1	1	
28094370	0,016666	1,35	0,0224991	1560386940192	0	1	0	
28094371	0,016666	1,35	0,0224991	1560386940192	0	1	0	
28094372	0,016666	1,35	0,0224991	1560386940192	0	1	0	
28094373	0,016666	1,35	0,0224991	1560386940192	0	1	0	
28094374	0,016666	1,35	0,0224991	1560386940192	0	1	0	
28094375	0,016666	1,35	0,0224991	1560386940192	0	1	0	
28094376	0,016666	1,24	0,02066584	1560386940192	0	1	0	
28094377	0,016667	10,66	0,17767022	1560386940192	0	1	1	
28094378	0,016667	9,34	0,15566978	1560386940195	0	1	0	
28094379	0,016668	18,89	0,31485852	1560386940222	0	1	1	
28094380	0,016668	7,96	0,13267728	1560386940222	0	1	0	
28094381	0,01666	0,12	0,0019992	1560386940647	1	1	-1	
28094382	0,01666	3,17	0,0528122	1560386940647	1	1	0	
28094383	0,016664	10	0,16664	1560386941196	0	1	1	
28094384	0,016662	0,6	0,0099972	1560386941222	1	1	-1	
28094385	0,016661	0,11	0,00183271	1560386941222	1	1	-2	
28094386	0,016661	3,77	0,06281197	1560386941222	1	1	0	
28094387	0,016663	0,06	0,00099978	1560386941270	0	1	1	
28094388	0,016662	0,12	0,00199944	1560386942364	0	1	-1	
28094389	0,016664	2,87	0,04782568	1560386942646	1	1	1	
28094390	0,016662	1,49	0,02482638	1560386943212	1	1	-1	
28094391	0,016664	0,11	0,00183304	1560386943509	0	1	1	
28094392	0,016664	0,07	0,00116648	1560386944302	0	1	0	
28094393	0,016664	9,82	0,16364048	1560386944581	0	1	0	
28094394	0,016665	0,11	0,00183315	1560386945645	0	1	1	
28094395	0,016664	0,11	0,00183304	1560386945838	1	1	-1	
28094396	0,016667	0,07	0,00116669	1560386946531	0	1	1	
28094397	0,016667	0,07	0,00116669	1560386946535	0	1	0	
28094398	0,016664	0,11	0,00183304	1560386946546	1	1	-1	
28094399	0,016667	0,07	0,00116669	1560386946608	0	1	1	
28094400	0,016667	0,11	0,00183337	1560386946667	0	1	0	
28094401	0,016665	1,65	0,02749725	1560386947714	0	1	-1	
28094402	0,016663	1,8	0,0299934	1560386947908	1	1	-2	
28094403	0,016664	0,07	0,00116648	1560386948433	0	1	1	
28094404	0,016664	1,25	0,02083	1560386948614	0	1	0	
28094405	0,016665	4,36	0,0726594	1560386948614	0	1	1	
28094406	0,016664	0,13	0,00216632	1560386948798	0	1	-1	
28094407	0,016664	1,82	0,03032848	1560386948819	0	1	0	
28094408	0,016665	2,17	0,03616305	1560386948819	0	1	1	
28094409	0,016665	1,82	0,0303303	1560386949827	0	1	0	
28094410	0,016665	1,09	0,01816485	1560386949827	0	1	0	
28094411	0,016665	1,3	0,0216645	1560386950862	0	1	0	
28094412	0,016666	1,74	0,02899884	1560386950862	0	1	1	
28094413	0,016663	0,15	0,00249945	1560386950876	1	1	-1	
28094414	0,016664	0,1	0,0016664	1560386951280	1	1	1	
28094415	0,016666	0,11	0,00183326	1560386951879	0	1	2	
28094416	0,016666	0,75	0,0124995	1560386952972	0	1	0	
28094417	0,016667	4,8	0,0800016	1560386953425	0	1	1	
28094418	0,016668	0,11	0,00183348	1560386953425	0	1	2	
28094419	0,016668	0,26	0,00433368	1560386953425	0	1	0	
28094420	0,016669	0,14	0,00233366	1560386953425	0	1	1	
28094421	0,01667	3,15	0,0525105	1560386953425	0	1	2	
28094422	0,01667	0,07	0,0011669	1560386953425	0	1	0	
28094423	0,01667	0,07	0,0011669	1560386953425	0	1	0	
28094424	0,01667	0,07	0,0011669	1560386953425	0	1	0	
28094425	0,01667	0,07	0,0011669	1560386953425	0	1	0	
28094426	0,01667	0,07	0,0011669	1560386953425	0	1	0	
28094427	0,01667	0,07	0,0011669	1560386953425	0	1	0	
28094428	0,01667	0,07	0,0011669	1560386953425	0	1	0	
28094429	0,01667	0,05	0,0008335	1560386953425	0	1	0	
28094430	0,016665	0,14	0,0023331	1560386954548	1	1	-1	
28094431	0,016665	1,96	0,0326634	1560386954584	1	1	0	
28094432	0,016664	0,01	0,00016664	1560386955253	1	1	-1	
28094433	0,016663	0,11	0,00183293	1560386956209	1	1	-2	
28094434	0,016664	2,67	0,04449288	1560386956209	0	1	1	
28094435	0,016662	0,07	0,00116634	1560386956229	1	1	-1	
28094436	0,016661	0,21	0,00349881	1560386958881	0	1	-2	
28094437	0,016661	1,97	0,03282217	1560386958881	0	1	0	
28094438	0,016662	2,88	0,04798656	1560386958881	0	1	1	
28094439	0,016665	0,21	0,00349965	1560386960195	0	1	2	
28094440	0,016665	0,12	0,0019998	1560386960195	0	1	0	
28094441	0,016666	22,32	0,37198512	1560386960195	0	1	1	
28094442	0,016665	1,34	0,0223311	1560386960760	0	1	-1	
28094443	0,016666	6,79	0,11316214	1560386960956	1	1	1	
28094444	0,016662	0,11	0,00183282	1560386962112	1	1	-1	
28094445	0,016665	1,54	0,0256641	1560386962189	0	1	1	
28094446	0,016666	4,8	0,0799968	1560386962189	0	1	2	
28094447	0,016666	10	0,16666	1560386962189	0	1	0	
28094448	0,016666	15	0,24999	1560386962189	0	1	0	
28094449	0,016661	0,07	0,00116627	1560386962216	1	1	-1	
28094450	0,016661	0,07	0,00116627	1560386962216	1	1	0	
28094451	0,016661	0,01	0,00016661	1560386962216	1	1	0	
28094452	0,016667	0,11	0,00183337	1560386962351	0	1	1	
28094453	0,016668	7,69	0,12817692	1560386962351	0	1	2	
28094454	0,016668	0,11	0,00183348	1560386962361	0	1	0	
28094455	0,01667	0,02	0,0003334	1560386964196	0	1	1	
28094456	0,016671	0,18	0,00300078	1560386964225	0	1	2	
28094457	0,01667	0,04	0,0006668	1560386964233	1	1	-1	
28094458	0,016664	0,11	0,00183304	1560386964434	1	1	-2	
28094459	0,016663	1,15	0,01916245	1560386964434	1	1	-3	
28094460	0,016663	0,37	0,00616531	1560386964434	1	1	0	
28094461	0,016666	1,39	0,02316574	1560386964839	0	1	1	
28094462	0,016667	2,21	0,03683407	1560386967827	1	1	2	
28094463	0,016667	0,07	0,00116669	1560386969444	0	1	0	
28094464	0,016666	0,11	0,00183326	1560386970264	1	1	-1	
28094465	0,016663	2,37	0,03949131	1560386971014	0	1	-2	
28094466	0,016664	0,39	0,00649896	1560386971014	0	1	1	
28094467	0,016665	0,11	0,00183315	1560386971014	0	1	2	
28094468	0,016666	2,65	0,0441649	1560386971014	0	1	3	
28094469	0,016662	0,12	0,00199944	1560386971719	1	1	-1	
28094470	0,016661	0,06	0,00099966	1560386971719	1	1	-2	
28094471	0,016661	0,07	0,00116627	1560386971719	1	1	0	
28094472	0,016661	0,07	0,00116627	1560386971719	1	1	0	
28094473	0,016661	0,07	0,00116627	1560386971719	1	1	0	
28094474	0,016661	0,07	0,00116627	1560386971719	1	1	0	
28094475	0,016657	0,07	0,00116599	1560386971719	1	1	-1	
28094476	0,016657	0,09	0,00149913	1560386971719	1	1	0	
28094477	0,016656	0,07	0,00116592	1560386971719	1	1	-1	
28094478	0,016656	0,07	0,00116592	1560386971719	1	1	0	
28094479	0,016656	7,78	0,12958368	1560386971719	1	1	0	
28094480	0,016654	1,22	0,02031788	1560386971719	1	1	-1	
28094481	0,016654	0,24	0,00399696	1560386971719	1	1	0	
28094482	0,016664	0,23	0,00383272	1560386972108	0	1	1	
28094483	0,016665	2,37	0,03949605	1560386972108	0	1	2	
28094484	0,016665	1,37	0,02283105	1560386972108	0	1	0	
28094485	0,016666	7,35	0,1224951	1560386972108	0	1	1	
28094486	0,016666	6,76	0,11266216	1560386972108	0	1	0	
28094487	0,016665	0,4	0,006666	1560386977177	0	1	-1	
28094488	0,016665	3	0,049995	1560386978553	0	1	0	
28094489	0,016664	0,53	0,00883192	1560386979379	0	1	-1	
28094490	0,016665	12,34	0,2056461	1560386979379	0	1	1	
28094491	0,016666	3,24	0,05399784	1560386979379	0	1	2	
28094492	0,016666	10	0,16666	1560386979379	0	1	0	
28094493	0,016667	8,55	0,14250285	1560386979379	0	1	1	
28094494	0,016667	1,47	0,02450049	1560386979484	1	1	0	
28094495	0,016667	1,47	0,02450049	1560386979700	1	1	0	
28094496	0,016667	1,47	0,02450049	1560386979902	1	1	0	
28094497	0,016667	6,55	0,10916885	1560386980010	1	1	0	
28094498	0,016667	1,47	0,02450049	1560386980109	1	1	0	
28094499	0,016667	6,28	0,10466876	1560386980232	1	1	0	
28094500	0,016667	3,07	0,05116769	1560386980330	1	1	0	
28094501	0,016667	544,56	9,07618152	1560386980354	1	1	0	
28094502	0,016667	3,07	0,05116769	1560386980354	1	1	0	
28094503	0,016662	4,54	0,07564548	1560386981389	1	1	-1	
28094504	0,016663	3,15	0,05248845	1560386984922	0	1	1	
28094505	0,016667	2,88	0,04800096	1560386984924	0	1	2	
28094506	0,016667	0,48	0,00800016	1560386987681	0	1	0	
28094507	0,016667	1,86	0,03100062	1560386991748	0	1	0	
28094508	0,016668	1,31	0,02183508	1560386991748	0	1	1	
28094509	0,016668	1,73	0,02883564	1560386991748	0	1	0	
28094510	0,016668	1,31	0,02183508	1560386991748	0	1	0	
28094511	0,016668	1,31	0,02183508	1560386991748	0	1	0	
28094512	0,016668	1,31	0,02183508	1560386991748	0	1	0	
28094513	0,016668	1,31	0,02183508	1560386991748	0	1	0	
28094514	0,016668	1,31	0,02183508	1560386991748	0	1	0	
28094515	0,016668	1,31	0,02183508	1560386991748	0	1	0	
28094516	0,016668	0,58	0,00966744	1560386991748	0	1	0	
28094517	0,016669	3,97	0,06617593	1560386991748	0	1	1	
28094518	0,016669	1,25	0,02083625	1560386991748	0	1	0	
28094519	0,01667	1,44	0,0240048	1560386991748	0	1	1	
28094520	0,01667	4,56	0,0760152	1560386994870	0	1	0	
28094521	0,016671	0,04	0,00066684	1560386994870	0	1	1	
28094522	0,016675	3,19	0,05319325	1560386994870	0	1	2	
28094523	0,016672	4,13	0,06885536	1560387001653	1	1	-1	
28094524	0,016668	0,11	0,00183348	1560387002324	1	1	-2	
28094525	0,016667	0,44	0,00733348	1560387002324	1	1	-3	
28094526	0,01667	0,06	0,0010002	1560387005785	1	1	1	
28094527	0,016669	0,75	0,01250175	1560387005785	1	1	-1	
28094528	0,016671	0,98	0,01633758	1560387005880	0	1	1	
28094529	0,016669	1,55	0,02583695	1560387005891	1	1	-1	
28094530	0,01667	0,06	0,0010002	1560387006283	0	1	1	
28094531	0,016669	0,8	0,0133352	1560387009283	1	1	-1	
28094532	0,016669	1,07	0,01783583	1560387011773	1	1	0	
28094533	0,016668	0,11	0,00183348	1560387011817	1	1	-1	
28094534	0,016668	0,96	0,01600128	1560387011817	1	1	0	
28094535	0,016668	1,04	0,01733472	1560387011908	1	1	0	
28094536	0,016669	0,11	0,00183359	1560387013650	0	1	1	
28094537	0,016669	2,14	0,03567166	1560387013650	0	1	0	
28094538	0,01667	1,75	0,0291725	1560387013650	0	1	1	
28094539	0,016666	2,54	0,04233164	1560387015736	1	1	-1	
28094540	0,016666	0,85	0,0141661	1560387018406	0	1	0	
28094541	0,016667	0,11	0,00183337	1560387020236	0	1	1	
28094542	0,016667	0,09	0,00150003	1560387020236	0	1	0	
28094543	0,016671	5,31	0,08852301	1560387020380	0	1	1	
28094544	0,016668	0,11	0,00183348	1560387020570	1	1	-1	
28094545	0,016666	1,09	0,01816594	1560387023469	0	1	-2	
28094546	0,016665	2,39	0,03982935	1560387023476	0	1	-3	
28094547	0,016665	2,55	0,04249575	1560387025214	0	1	0	
28094548	0,016666	3,19	0,05316454	1560387027231	1	1	1	
28094549	0,016667	0,11	0,00183337	1560387029972	0	1	2	
28094550	0,016667	0,05	0,00083335	1560387029972	0	1	0	
28094551	0,016665	0,31	0,00516615	1560387030624	0	1	-1	
28094552	0,016664	2,1	0,0349944	1560387032283	0	1	-2	
28094553	0,016665	2,77	0,04616205	1560387032304	0	1	1	
28094554	0,016665	1,44	0,0239976	1560387032466	1	1	0	
28094555	0,016665	0,85	0,01416525	1560387034167	1	1	0	
28094556	0,016663	0,11	0,00183293	1560387035410	1	1	-1	
28094557	0,016662	1,99	0,03315738	1560387035410	1	1	-2	
28094558	0,016662	8,01	0,13346262	1560387035988	1	1	0	
28094559	0,016662	0,05	0,0008331	1560387035988	1	1	0	
28094560	0,016662	0,09	0,00149958	1560387036354	1	1	0	
28094561	0,016659	0,09	0,00149931	1560387036355	1	1	-1	
28094562	0,016659	40	0,66636	1560387037197	1	1	0	
28094563	0,016659	4,04	0,06730236	1560387037234	1	1	0	
28094564	0,016659	3,62	0,06030558	1560387037328	1	1	0	
28094565	0,016657	0,1	0,0016657	1560387042890	0	1	-1	
28094566	0,016656	1,07	0,01782192	1560387045834	0	1	-2	
28094567	0,016659	2,95	0,04914405	1560387048985	0	1	1	
28094568	0,016656	0,12	0,00199872	1560387051135	1	1	-1	
28094569	0,016655	0,12	0,0019986	1560387052623	1	1	-2	
28094570	0,016655	3,78	0,0629559	1560387052623	1	1	0	
28094571	0,016655	6,09	0,10142895	1560387054200	0	1	0	
28094572	0,016656	1,27	0,02115312	1560387055039	0	1	1	
28094573	0,016656	1,31	0,02181936	1560387055227	0	1	0	
28094574	0,016656	0,86	0,01432416	1560387058860	1	1	0	
28094575	0,01666	0,11	0,0018326	1560387060292	0	1	1	
28094576	0,01666	3,89	0,0648074	1560387060292	0	1	0	
28094577	0,016655	0,12	0,0019986	1560387060809	1	1	-1	
28094578	0,016654	0,08	0,00133232	1560387060809	1	1	-2	
28094579	0,016654	1,8	0,0299772	1560387060809	1	1	0	
28094580	0,016659	0,12	0,00199908	1560387062255	0	1	1	
28094581	0,016658	2,89	0,04814162	1560387066956	1	1	-1	
28094582	0,016659	1,89	0,03148551	1560387066961	0	1	1	
28094583	0,01666	0,12	0,0019992	1560387069217	0	1	2	
28094584	0,016661	0,11	0,00183271	1560387070322	1	1	3	
28094585	0,016661	0,34	0,00566474	1560387075082	1	1	0	
28094586	0,016662	2,55	0,0424881	1560387078044	1	1	1	
28094587	0,016661	1,5	0,0249915	1560387078052	1	1	-1	
28094588	0,016662	5,62	0,09364044	1560387082080	0	1	1	
28094589	0,016661	2,04	0,03398844	1560387082092	1	1	-1	
28094590	0,01666	0,12	0,0019992	1560387083111	1	1	-2	
28094591	0,016656	0,06	0,00099936	1560387083111	1	1	-3	
28094592	0,016659	2,97	0,04947723	1560387084753	0	1	1	
28094593	0,016658	0,6	0,0099948	1560387084755	1	1	-1	
28094594	0,016659	0,71	0,01182789	1560387086366	0	1	1	
28094595	0,01666	0,11	0,0018326	1560387086366	0	1	2	
28094596	0,016661	12,96	0,21592656	1560387086366	0	1	3	
28094597	0,016668	2,61	0,04350348	1560387086366	0	1	4	
28094598	0,016668	0,38	0,00633384	1560387087208	1	1	0	
28094599	0,016659	0,11	0,00183249	1560387088111	1	1	-1	
28094600	0,016659	1,09	0,01815831	1560387088111	1	1	0	
28094601	0,016665	1,75	0,02916375	1560387088698	1	1	1	
28094602	0,016658	0,12	0,00199896	1560387091186	1	1	-1	
28094603	0,016657	4,44	0,07395708	1560387091186	1	1	-2	
28094604	0,016658	0,79	0,01315982	1560387091666	1	1	1	
28094605	0,016659	0,43	0,00716337	1560387092201	1	1	2	
28094606	0,016658	2	0,033316	1560387092204	1	1	-1	
28094607	0,016656	1,8	0,0299808	1560387092222	1	1	-2	
28094608	0,016655	1,95	0,03247725	1560387092232	1	1	-3	
28094609	0,016655	1,95	0,03247725	1560387092269	1	1	0	
28094610	0,016655	0,55	0,00916025	1560387092269	1	1	0	
28094611	0,016654	0,59	0,00982586	1560387092421	1	1	-1	
28094612	0,016654	2,5	0,041635	1560387093215	1	1	0	
28094613	0,016654	0,29	0,00482966	1560387093215	1	1	0	
28094614	0,016658	0,12	0,00199896	1560387095199	0	1	1	
28094615	0,016662	5	0,08331	1560387095230	0	1	2	
28094616	0,01666	2	0,03332	1560387097228	0	1	-1	
28094617	0,016661	0,23	0,00383203	1560387097228	0	1	1	
28094618	0,016667	0,11	0,00183337	1560387102231	1	1	2	
28094619	0,016667	1,36	0,02266712	1560387102231	1	1	0	
28094620	0,016667	3,19	0,05316773	1560387102244	1	1	0	
28094621	0,016666	0,93	0,01549938	1560387102244	1	1	-1	
28094622	0,016664	0,82	0,01366448	1560387102244	1	1	-2	
28094623	0,016667	1,82	0,03033394	1560387102786	1	1	1	
28094624	0,016667	3,03	0,05050101	1560387105211	1	1	0	
28094625	0,016667	1,64	0,02733388	1560387106209	1	1	0	
28094626	0,016665	0,11	0,00183315	1560387106236	1	1	-1	
28094627	0,016664	20	0,33328	1560387107198	1	1	-2	
28094628	0,016664	1,04	0,01733056	1560387107205	1	1	0	
28094629	0,016661	5,16	0,08597076	1560387107890	1	1	-1	
28094630	0,016662	1,35	0,0224937	1560387107930	1	1	1	
28094631	0,016659	0,12	0,00199908	1560387108664	1	1	-1	
28094632	0,016656	4,5	0,074952	1560387112378	0	1	-2	
28094633	0,016657	4,74	0,07895418	1560387112754	0	1	1	
28094634	0,016658	1,32	0,02198856	1560387112756	0	1	2	
28094635	0,016655	0,12	0,0019986	1560387112949	1	1	-1	
28094636	0,016659	0,11	0,00183249	1560387113924	0	1	1	
28094637	0,016659	3,87	0,06447033	1560387113924	0	1	0	
28094638	0,016668	4,02	0,06700536	1560387113924	0	1	1	
28094639	0,016661	0,1	0,0016661	1560387117422	1	1	-1	
28094640	0,016658	1,47	0,02448726	1560387120300	0	1	-2	
28094641	0,016658	0,15	0,0024987	1560387120301	0	1	0	
28094642	0,016658	1,47	0,02448726	1560387121380	1	1	0	
28094643	0,016657	0,12	0,00199884	1560387121380	1	1	-1	
28094644	0,016656	0,95	0,0158232	1560387122925	0	1	-2	
28094645	0,016657	3,92	0,06529544	1560387122925	0	1	1	
28094646	0,016657	0,1	0,0016657	1560387122950	1	1	0	
28094647	0,016657	1,67	0,02781719	1560387123060	1	1	0	
28094648	0,016658	0,6	0,0099948	1560387123179	0	1	1	
28094649	0,016658	1,42	0,02365436	1560387124107	0	1	0	
28094650	0,016657	0,74	0,01232618	1560387126239	1	1	-1	
28094651	0,016657	20	0,33314	1560387126761	1	1	0	
28094652	0,016658	0,12	0,00199896	1560387126770	0	1	1	
28094653	0,016658	0,02	0,00033316	1560387126770	0	1	0	
28094654	0,016657	1,56	0,02598492	1560387127138	1	1	-1	
28094655	0,016657	4,5	0,0749565	1560387127455	1	1	0	
28094656	0,016657	1,66	0,02765062	1560387127556	1	1	0	
28094657	0,016658	0,21	0,00349818	1560387128308	0	1	1	
28094658	0,016661	2,12	0,03532132	1560387128308	0	1	2	
28094659	0,016668	3,04	0,05067072	1560387128308	0	1	3	
28094660	0,016671	1,63	0,02717373	1560387128308	0	1	4	
28094661	0,01666	0,12	0,0019992	1560387131712	1	1	-1	
28094662	0,01666	0,12	0,0019992	1560387131917	1	1	0	
28094663	0,016659	1,28	0,02132352	1560387131917	1	1	-1	
28094664	0,016659	0,11	0,00183249	1560387132639	1	1	0	
28094665	0,016658	1,47	0,02448726	1560387134238	1	1	-1	
28094666	0,016659	5,89	0,09812151	1560387136301	0	1	1	
28094667	0,016658	0,61	0,01016138	1560387136304	1	1	-1	
28094668	0,01666	2,27	0,0378182	1560387138897	1	1	1	
28094669	0,016658	2,9	0,0483082	1560387139015	1	1	-1	
28094670	0,016662	0,12	0,00199944	1560387139215	0	1	1	
28094671	0,01666	1,12	0,0186592	1560387140266	1	1	-1	
28094672	0,016661	0,12	0,00199932	1560387141617	1	1	1	
28094673	0,01666	1,07	0,0178262	1560387141728	1	1	-1	
28094674	0,016661	3	0,049983	1560387141783	1	1	1	
28094675	0,016661	3	0,049983	1560387141789	1	1	0	
28094676	0,016661	1,96	0,03265556	1560387141792	1	1	0	
28094677	0,016661	2,5	0,0416525	1560387141801	1	1	0	
28094678	0,016661	2,5	0,0416525	1560387141802	1	1	0	
28094679	0,01666	8,06	0,1342796	1560387141802	1	1	-1	
28094680	0,01666	2,5	0,04165	1560387141805	1	1	0	
28094681	0,016659	1,87	0,03115233	1560387142200	1	1	-1	
28094682	0,016659	1,87	0,03115233	1560387142226	1	1	0	
28094683	0,016659	1,87	0,03115233	1560387142226	1	1	0	
28094684	0,016659	0,78	0,01299402	1560387142226	1	1	0	
28094685	0,016659	1,09	0,01815831	1560387142280	1	1	0	
28094686	0,016661	0,24	0,00399864	1560387143470	0	1	1	
28094687	0,016661	2,76	0,04598436	1560387143470	0	1	0	
28094688	0,016658	1,87	0,03115046	1560387143538	1	1	-1	
28094689	0,016658	0,02	0,00033316	1560387143558	1	1	0	
28094690	0,016657	7,69	0,12809233	1560387143558	1	1	-1	
28094691	0,016657	1,89	0,03148173	1560387143579	1	1	0	
28094692	0,016657	2,2	0,0366454	1560387143605	1	1	0	
28094693	0,016657	2,2	0,0366454	1560387143611	1	1	0	
28094694	0,016657	1,89	0,03148173	1560387143617	1	1	0	
28094695	0,016657	1,69	0,02815033	1560387143685	1	1	0	
28094696	0,016657	14,28	0,23786196	1560387143834	1	1	0	
28094697	0,016657	3,28	0,05463496	1560387143834	1	1	0	
28094698	0,016657	0,37	0,00616309	1560387143871	1	1	0	
28094699	0,016657	0,1	0,0016657	1560387144324	1	1	0	
28094700	0,016654	0,12	0,00199848	1560387144842	1	1	-1	
28094701	0,016653	5,17	0,08609601	1560387144842	1	1	-2	
28094702	0,016653	2,65	0,04413045	1560387144954	1	1	0	
28094703	0,016653	25,59	0,42615027	1560387145202	1	1	0	
28094704	0,016653	0,12	0,00199836	1560387145280	1	1	0	
28094705	0,016652	1,88	0,03130576	1560387145280	1	1	-1	
28094706	0,016652	0,12	0,00199824	1560387145288	1	1	0	
28094707	0,016652	1,88	0,03130576	1560387145288	1	1	0	
28094708	0,016652	2,97	0,04945644	1560387146205	1	1	0	
28094709	0,01665	4,54	0,075591	1560387148649	1	1	-1	
28094710	0,016651	4,76	0,07925876	1560387149430	0	1	1	
28094711	0,016652	2,43	0,04046436	1560387149457	0	1	2	
28094712	0,016651	3,72	0,06194172	1560387152106	0	1	-1	
28094713	0,016652	3,05	0,0507886	1560387152873	0	1	1	
28094714	0,016652	0,22	0,00366344	1560387152873	0	1	0	
28094715	0,016653	0,95	0,01582035	1560387152873	0	1	1	
28094716	0,016653	3,05	0,05079165	1560387152909	0	1	0	
28094717	0,016654	0,12	0,00199848	1560387153315	0	1	1	
28094718	0,016654	1,4	0,0233156	1560387154296	1	1	0	
28094719	0,016656	1,51	0,02515056	1560387156447	0	1	1	
28094720	0,016657	0,24	0,00399768	1560387156447	0	1	2	
28094721	0,016666	0,83	0,01383278	1560387156484	1	1	3	
28094722	0,016666	0,83	0,01383278	1560387156514	1	1	0	
28094723	0,016666	0,22	0,00366652	1560387156544	1	1	0	
28094724	0,016655	0,17	0,00283135	1560387156608	1	1	-1	
28094725	0,016656	0,12	0,00199872	1560387156703	1	1	1	
28094726	0,016656	0,42	0,00699552	1560387156703	1	1	0	
28094727	0,016657	0,12	0,00199884	1560387157451	1	1	1	
28094728	0,016664	0,12	0,00199968	1560387158646	0	1	2	
28094729	0,016664	0,29	0,00483256	1560387158646	0	1	0	
28094730	0,016665	1,05	0,01749825	1560387158646	0	1	1	
28094731	0,016671	2,54	0,04234434	1560387158646	0	1	2	
28094732	0,016661	0,11	0,00183271	1560387159693	1	1	-1	
28094733	0,01666	0,62	0,0103292	1560387159693	1	1	-2	
28094734	0,016658	0,86	0,01432588	1560387159693	1	1	-3	
28094735	0,01666	2,27	0,0378182	1560387161983	0	1	1	
28094736	0,016657	2,98	0,04963786	1560387163215	0	1	-1	
28094737	0,016654	5,2	0,0866008	1560387164531	1	1	-2	
28094738	0,016656	0,19	0,00316464	1560387167240	0	1	1	
28094739	0,016653	0,12	0,00199836	1560387167957	1	1	-1	
28094740	0,016652	1,84	0,03063968	1560387167957	1	1	-2	
28094741	0,016652	3,67	0,06111284	1560387167957	1	1	0	
28094742	0,016655	1,32	0,0219846	1560387168771	1	1	1	
28094743	0,016653	0,12	0,00199836	1560387169936	1	1	-1	
28094744	0,016652	1,01	0,01681852	1560387169936	1	1	-2	
28094745	0,016656	0,12	0,00199872	1560387170487	0	1	1	
28094746	0,016657	0,02	0,00033314	1560387170487	0	1	2	
28094747	0,016652	0,12	0,00199824	1560387173104	1	1	-1	
28094748	0,016651	1,87	0,03113737	1560387173214	1	1	-2	
28094749	0,016655	0,23	0,00383065	1560387173779	0	1	1	
28094750	0,016655	0,69	0,01149195	1560387173779	0	1	0	
28094751	0,016652	0,14	0,00233128	1560387174913	1	1	-1	
28094752	0,016651	4,09	0,06810259	1560387174973	1	1	-2	
28094753	0,016654	0,6	0,0099924	1560387177406	0	1	1	
28094754	0,016654	2,14	0,03563956	1560387177951	0	1	0	
28094755	0,016653	2,12	0,03530436	1560387177952	1	1	-1	
28094756	0,016654	0,12	0,00199848	1560387179560	1	1	1	
28094757	0,016654	0,12	0,00199848	1560387179665	1	1	0	
28094758	0,01666	0,12	0,0019992	1560387179673	0	1	1	
28094759	0,01666	1,32	0,0219912	1560387179673	0	1	0	
28094760	0,016661	2,14	0,03565454	1560387179673	0	1	1	
28094761	0,016661	2,14	0,03565454	1560387179673	0	1	0	
28094762	0,016661	2,14	0,03565454	1560387179673	0	1	0	
28094763	0,016663	12,14	0,20228882	1560387179673	0	1	1	
28094764	0,016654	0,12	0,00199848	1560387181121	1	1	-1	
28094765	0,016653	0,48	0,00799344	1560387181121	1	1	-2	
28094766	0,016653	2,44	0,04063332	1560387181668	1	1	0	
28094767	0,016656	3,81	0,06345936	1560387181669	0	1	1	
28094768	0,016652	0,78	0,01298856	1560387184582	0	1	-1	
28094769	0,016653	0,99	0,01648647	1560387184583	0	1	1	
28094770	0,016653	0,2	0,0033306	1560387188081	0	1	0	
28094771	0,016651	0,85	0,01415335	1560387188239	1	1	-1	
28094772	0,016653	0,69	0,01149057	1560387188526	0	1	1	
28094773	0,016652	1,12	0,01865024	1560387188775	1	1	-1	
28094774	0,016651	6,35	0,10573385	1560387190278	1	1	-2	
28094775	0,016653	0,11	0,00183183	1560387192845	0	1	1	
28094776	0,016652	2,49	0,04146348	1560387194173	0	1	-1	
28094777	0,016653	0,64	0,01065792	1560387194173	0	1	1	
28094778	0,016653	2,98	0,04962594	1560387196965	1	1	0	
28094779	0,016653	4,34	0,07227402	1560387196965	1	1	0	
28094780	0,016652	1,05	0,0174846	1560387196965	1	1	-1	
28094781	0,016653	0,88	0,01465464	1560387199928	1	1	1	
28094782	0,016654	0,24	0,00399696	1560387203697	0	1	2	
28094783	0,016663	1,03	0,01716289	1560387203697	0	1	3	
28094784	0,016663	1,41	0,02349483	1560387203697	0	1	0	
28094785	0,016663	0,32	0,00533216	1560387203697	0	1	0	
28094786	0,016659	3,1	0,0516429	1560387204162	1	1	-1	
28094787	0,016658	0,12	0,00199896	1560387208439	1	1	-2	
28094788	0,016657	0,08	0,00133256	1560387208439	1	1	-3	
28094789	0,016658	0,12	0,00199896	1560387208551	1	1	1	
28094790	0,016657	1,81	0,03014917	1560387208706	1	1	-1	
28094791	0,016655	0,18	0,0029979	1560387211857	0	1	-2	
28094792	0,016653	1,79	0,02980887	1560387215254	1	1	-3	
28094793	0,016651	2,5	0,0416275	1560387215377	1	1	-4	
28094794	0,016651	2,5	0,0416275	1560387215405	1	1	0	
28094795	0,016651	2,5	0,0416275	1560387215411	1	1	0	
28094796	0,016651	2,5	0,0416275	1560387215430	1	1	0	
28094797	0,016651	7,5	0,1248825	1560387215455	1	1	0	
28094798	0,016651	42,55	0,70850005	1560387215471	1	1	0	
28094799	0,016651	1,46	0,02431046	1560387215471	1	1	0	
28094800	0,01665	0,71	0,0118215	1560387215505	1	1	-1	
28094801	0,01665	59,16	0,985014	1560387215535	1	1	0	
28094802	0,01665	0,59	0,0098235	1560387216083	1	1	0	
28094803	0,01665	1,47	0,0244755	1560387216406	1	1	0	
28094804	0,01665	5,22	0,086913	1560387216434	1	1	0	
28094805	0,01665	4,6	0,07659	1560387216490	1	1	0	
28094806	0,01665	2,62	0,043623	1560387216513	1	1	0	
28094807	0,01665	1,4	0,02331	1560387216625	1	1	0	
28094808	0,01665	4,71	0,0784215	1560387216928	1	1	0	
28094809	0,01665	3,14	0,052281	1560387217221	1	1	0	
28094810	0,01665	1,96	0,032634	1560387217291	1	1	0	
28094811	0,016647	1,74	0,02896578	1560387217393	0	1	-1	
28094812	0,016643	3,5	0,0582505	1560387218592	1	1	-2	
28094813	0,016643	2,92	0,04859756	1560387219448	1	1	0	
28094814	0,016643	2,5	0,0416075	1560387221212	0	1	0	
28094815	0,016643	0,56	0,00932008	1560387221216	0	1	0	
28094816	0,016644	0,12	0,00199728	1560387222126	0	1	1	
28094817	0,016643	4,28	0,07123204	1560387222545	0	1	-1	
28094818	0,016645	0,24	0,0039948	1560387223243	0	1	1	
28094819	0,016643	1,59	0,02646237	1560387223409	1	1	-1	
28094820	0,016646	4,28	0,07124488	1560387224240	0	1	1	