86356	2,92300000	0,05100000	0,14907300	1561188976336	false	true	
86357	2,92200000	1,46600000	4,28365200	1561189158046	false	true	
86358	2,91400000	0,44000000	1,28216000	1561189380993	true	true	
86359	2,92600000	3,08300000	9,02085800	1561189381120	false	true	
86360	2,92700000	6,91700000	20,24605900	1561189381120	false	true	
86361	2,92300000	0,07000000	0,20461000	1561189493253	true	true	
86362	2,89500000	0,07000000	0,20265000	1561190252284	true	true	
86363	2,89500000	0,37500000	1,08562500	1561190258207	true	true	
86364	2,89900000	0,07500000	0,21742500	1561190271127	false	true	
86365	2,89900000	0,07200000	0,20872800	1561190272606	false	true	
86366	2,89900000	0,07400000	0,21452600	1561190274392	false	true	
86367	2,89900000	0,37400000	1,08422600	1561190276570	false	true	
86368	2,89900000	0,07300000	0,21162700	1561190280159	false	true	
86369	2,89900000	0,61500000	1,78288500	1561190282729	false	true	
86370	2,89200000	0,03500000	0,10122000	1561190433802	true	true	
86371	2,89100000	0,44500000	1,28649500	1561190437361	true	true	
86372	2,88900000	0,04400000	0,12711600	1561190444504	true	true	
86373	2,88700000	0,44500000	1,28471500	1561190466068	true	true	
86374	2,88500000	0,12800000	0,36928000	1561190466301	true	true	
86375	2,88500000	0,04000000	0,11540000	1561190466301	true	true	
86376	2,88500000	0,00600000	0,01731000	1561190469468	false	true	
86377	2,89100000	0,78000000	2,25498000	1561190469468	false	true	
86378	2,88300000	0,44500000	1,28293500	1561190481368	true	true	
86379	2,87900000	0,44500000	1,28115500	1561190493854	true	true	
86380	2,87900000	0,04400000	0,12667600	1561190493854	true	true	
86381	2,87600000	0,59300000	1,70546800	1561190510023	true	true	
86382	2,87500000	0,23400000	0,67275000	1561190510023	true	true	
86383	2,87100000	0,44500000	1,27759500	1561190510023	true	true	
86384	2,86800000	0,04400000	0,12619200	1561190510023	true	true	
86385	2,86800000	3,12500000	8,96250000	1561190510023	true	true	
86386	2,86700000	0,44500000	1,27581500	1561190510023	true	true	
86387	2,86600000	1,29300000	3,70573800	1561190510023	true	true	
86388	2,87100000	0,44500000	1,27759500	1561190513422	false	true	
86389	2,87100000	1,82100000	5,22809100	1561190617530	false	true	
86390	2,87100000	2,05100000	5,88842100	1561190623564	false	true	
86391	2,87500000	0,44500000	1,27937500	1561190656193	false	true	
86392	2,87900000	0,04400000	0,12667600	1561190690825	false	true	
86393	2,87900000	0,44500000	1,28115500	1561190690825	false	true	
86394	2,88300000	0,44500000	1,28293500	1561190754185	false	true	
86395	2,88600000	0,34400000	0,99278400	1561190755937	false	true	
86396	2,88600000	2,78100000	8,02596600	1561190756132	false	true	
86397	2,88700000	0,44500000	1,28471500	1561190756132	false	true	
86398	2,88300000	0,34700000	1,00040100	1561190769967	true	true	
86399	2,88900000	0,04400000	0,12711600	1561190780137	false	true	
86400	2,89100000	0,25900000	0,74876900	1561190781216	false	true	
86401	2,89100000	0,18300000	0,52905300	1561190782599	false	true	
86402	2,89100000	0,00300000	0,00867300	1561190826251	false	true	
86403	2,89100000	0,13000000	0,37583000	1561190893387	false	true	
86404	2,88900000	1,53600000	4,43750400	1561190924848	true	true	
86405	2,88900000	1,53600000	4,43750400	1561190924848	true	true	
86406	2,88900000	0,33300000	0,96203700	1561190924848	true	true	
86407	2,88900000	1,20300000	3,47546700	1561190925223	true	true	
86408	2,88900000	0,33300000	0,96203700	1561190925223	true	true	
86409	2,89500000	0,44500000	1,28827500	1561191058889	false	true	
86410	2,89600000	3,11300000	9,01524800	1561191058889	false	true	
86411	2,90000000	0,44500000	1,29050000	1561191180721	false	true	
86412	2,90000000	0,04400000	0,12760000	1561191180721	false	true	
86413	2,90300000	1,53200000	4,44739600	1561191280931	true	true	
86414	2,89800000	2,91600000	8,45056800	1561191396968	true	true	
86415	2,89800000	1,53600000	4,45132800	1561191396968	true	true	
86416	2,89600000	2,16500000	6,26984000	1561191420996	true	true	
86417	2,89500000	0,44500000	1,28827500	1561191494326	true	true	
86418	2,90000000	0,44500000	1,29050000	1561191498085	false	true	
86419	2,90300000	0,47700000	1,38473100	1561191498085	false	true	
86420	2,90400000	0,11800000	0,34267200	1561191498085	false	true	
86421	2,90600000	3,10200000	9,01441200	1561191498085	false	true	
86422	2,90700000	6,33500000	18,41584500	1561191498085	false	true	
86423	2,90800000	1,53600000	4,46668800	1561191498085	false	true	
86424	2,90800000	1,53600000	4,46668800	1561191498085	false	true	
86425	2,90800000	1,53600000	4,46668800	1561191498085	false	true	
86426	2,90800000	1,53600000	4,46668800	1561191498085	false	true	
86427	2,91000000	0,34400000	1,00104000	1561191498085	false	true	
86428	2,91000000	8,03500000	23,38185000	1561191498085	false	true	
86429	2,89500000	0,44500000	1,28827500	1561191504914	true	true	
86430	2,89100000	0,44500000	1,28649500	1561191526137	true	true	
86431	2,89000000	1,53900000	4,44771000	1561191526137	true	true	
86432	2,89000000	1,53900000	4,44771000	1561191526137	true	true	
86433	2,89000000	1,53900000	4,44771000	1561191526137	true	true	
86434	2,89000000	1,53900000	4,44771000	1561191526137	true	true	
86435	2,88900000	0,04400000	0,12711600	1561191526137	true	true	
86436	2,88900000	3,10200000	8,96167800	1561191526137	true	true	
86437	2,88700000	0,44500000	1,28471500	1561191526137	true	true	
86438	2,88400000	0,18600000	0,53642400	1561191526137	true	true	
86439	2,88300000	0,09800000	0,28253400	1561191526137	true	true	
86440	2,87900000	0,44500000	1,28115500	1561191526137	true	true	
86441	2,87900000	0,04400000	0,12667600	1561191526137	true	true	
86442	2,87900000	4,03500000	11,61676500	1561191526137	true	true	
86443	2,88400000	0,44500000	1,28338000	1561191529403	true	true	
86444	2,88700000	0,39400000	1,13747800	1561191529947	false	true	
86445	2,88700000	0,05100000	0,14723700	1561191530165	false	true	
86446	2,88900000	0,04400000	0,12711600	1561191536369	false	true	
86447	2,89100000	0,44500000	1,28649500	1561191536775	false	true	
86448	2,89500000	0,08900000	0,25765500	1561191617989	false	true	
86449	2,89000000	2,94100000	8,49949000	1561191651890	false	true	
86450	2,89000000	2,05900000	5,95051000	1561191651890	false	true	
86451	2,88700000	0,44500000	1,28471500	1561191826526	true	true	
86452	2,88300000	0,44500000	1,28293500	1561191848166	true	true	
86453	2,88100000	0,65900000	1,89857900	1561191848166	true	true	
86454	2,87900000	0,44500000	1,28115500	1561191898461	true	true	
86455	2,87900000	0,04400000	0,12667600	1561191898461	true	true	
86456	2,87500000	0,44500000	1,27937500	1561191898461	true	true	
86457	2,87300000	0,83100000	2,38746300	1561191898461	true	true	
86458	2,87300000	0,73500000	2,11165500	1561191898461	true	true	
86459	2,87900000	0,44500000	1,28115500	1561191914616	false	true	
86460	2,87500000	0,44500000	1,27937500	1561192011551	true	true	
86461	2,87500000	2,05500000	5,90812500	1561192011567	false	true	
86462	2,87900000	0,44500000	1,28115500	1561192015256	false	true	
86463	2,87500000	0,05000000	0,14375000	1561192109414	true	true	
86464	2,87500000	0,39500000	1,13562500	1561192266853	true	true	
86465	2,87900000	0,43300000	1,24660700	1561192335746	false	true	
86466	2,87200000	1,53900000	4,42000800	1561192464883	true	true	
86467	2,87200000	1,53900000	4,42000800	1561192464883	true	true	
86468	2,87200000	0,75200000	2,15974400	1561192464883	true	true	
86469	2,87200000	0,78700000	2,26026400	1561192464883	true	true	
86470	2,87200000	1,53900000	4,42000800	1561192464883	true	true	
86471	2,87900000	0,01200000	0,03454800	1561192473094	false	true	
86472	2,88300000	0,44500000	1,28293500	1561192563405	false	true	
86473	2,88700000	0,44500000	1,28471500	1561192569666	false	true	
86474	2,88900000	0,04400000	0,12711600	1561192652464	false	true	
86475	2,89100000	0,44500000	1,28649500	1561192652464	false	true	
86476	2,89500000	0,35600000	1,03062000	1561192674915	false	true	
86477	2,90000000	0,44500000	1,29050000	1561192689451	false	true	
86478	2,90000000	0,04400000	0,12760000	1561192689451	false	true	
86479	2,90700000	0,65400000	1,90117800	1561192750692	false	true	
86480	2,90700000	0,05700000	0,16569900	1561192750892	false	true	
86481	2,91600000	3,09500000	9,02502000	1561192799105	false	true	
86482	2,91800000	0,12800000	0,37350400	1561192840270	false	true	
86483	2,91100000	1,02900000	2,99541900	1561192875054	true	true	
86484	2,91100000	1,93900000	5,64442900	1561193002276	true	true	
86485	2,91100000	1,54000000	4,48294000	1561193002277	true	true	
86486	2,91100000	0,20000000	0,58220000	1561193002277	true	true	
86487	2,92500000	1,57200000	4,59810000	1561193133752	false	true	
86488	2,93400000	1,00000000	2,93400000	1561193217015	false	true	
86489	2,93400000	0,08600000	0,25232400	1561193224416	false	true	
86490	2,92600000	0,51400000	1,50396400	1561193581631	true	true	
86491	2,93600000	3,30900000	9,71522400	1561193605290	false	true	
86492	2,92900000	11,85800000	34,73208200	1561193749511	true	true	
86493	2,92900000	0,31500000	0,92263500	1561193752515	true	true	
86494	2,92800000	0,80100000	2,34532800	1561193752515	true	true	
86495	2,91100000	3,33000000	9,69363000	1561194114551	true	true	
86496	2,90800000	1,54000000	4,47832000	1561194219899	true	true	
86497	2,90800000	0,94700000	2,75387600	1561194219915	true	true	
86498	2,90800000	3,84900000	11,19289200	1561194219918	true	true	
86499	2,90700000	0,50000000	1,45350000	1561194219961	true	true	
86500	2,91100000	3,25300000	9,46948300	1561194506019	false	true	
86501	2,91100000	0,94300000	2,74507300	1561194508082	false	true	
86502	2,91100000	1,39200000	4,05211200	1561194509082	false	true	
86503	2,91100000	1,50000000	4,36650000	1561194537534	false	true	
86504	2,91100000	1,31600000	3,83087600	1561194538511	false	true	
86505	2,91100000	0,62300000	1,81355300	1561194543658	false	true	
86506	2,91100000	0,94100000	2,73925100	1561194544237	false	true	
86507	2,91700000	0,92000000	2,68364000	1561194887475	true	true	
86508	2,91200000	0,62600000	1,82291200	1561195156920	true	true	
86509	2,93900000	0,37500000	1,10212500	1561196389833	false	true	
86510	2,93900000	7,81200000	22,95946800	1561196522275	true	true	
86511	2,93900000	1,68800000	4,96103200	1561196522289	false	true	
86512	2,92200000	0,71800000	2,09799600	1561197097903	true	true	
86513	2,92200000	0,13100000	0,38278200	1561197955279	true	true	
86514	2,93000000	1,10000000	3,22300000	1561198103534	false	true	
86515	2,93000000	0,30400000	0,89072000	1561199422467	false	true	
86516	2,93200000	2,05600000	6,02819200	1561199428625	false	true	
86517	2,93200000	7,94400000	23,29180800	1561199428828	false	true	
86518	2,93200000	0,71600000	2,09931200	1561199673754	false	true	
86519	2,93900000	1,52400000	4,47903600	1561199925269	false	true	
86520	2,93900000	0,47600000	1,39896400	1561199925269	false	true	
86521	2,92200000	0,27500000	0,80355000	1561200009407	true	true	
86522	2,92200000	4,55600000	13,31263200	1561200522185	true	true	
86523	2,92200000	0,04900000	0,14317800	1561200809299	true	true	
86524	2,93500000	0,95800000	2,81173000	1561201320045	true	true	
86525	2,94600000	1,86600000	5,49723600	1561201616595	false	true	
86526	2,94600000	1,86600000	5,49723600	1561201616596	false	true	
86527	2,94600000	0,11800000	0,34762800	1561201919650	true	true	
86528	2,94600000	0,33300000	0,98101800	1561202172604	false	true	
86529	2,93100000	0,07400000	0,21689400	1561202756162	true	true	
86530	2,94200000	1,86900000	5,49859800	1561202983721	false	true	
86531	2,94200000	1,86900000	5,49859800	1561202983721	false	true	
86532	2,94200000	2,27200000	6,68422400	1561203190522	true	true	
86533	2,94200000	6,81600000	20,05267200	1561203190533	true	true	
86534	2,94200000	0,52500000	1,54455000	1561203199429	true	true	
86535	2,94200000	0,55600000	1,63575200	1561203204231	true	true	
86536	2,94200000	0,88000000	2,58896000	1561203205062	true	true	
86537	2,94200000	0,36000000	1,05912000	1561203205338	true	true	
86538	2,94600000	1,86600000	5,49723600	1561203417949	false	true	
86539	2,94600000	0,04700000	0,13846200	1561203417956	false	true	
86540	2,94800000	1,81900000	5,36241200	1561203417956	false	true	
86541	2,94600000	1,91000000	5,62686000	1561203418823	true	true	
86542	2,92500000	1,70900000	4,99882500	1561203772831	true	true	
86543	2,92200000	2,27200000	6,63878400	1561203784811	true	true	
86544	2,92200000	0,08700000	0,25421400	1561203817139	true	true	
86545	2,92200000	3,54600000	10,36141200	1561203825689	true	true	
86546	2,92200000	0,19500000	0,56979000	1561203825689	true	true	
86547	2,92200000	0,77900000	2,27623800	1561203830130	true	true	
86548	2,92200000	0,48700000	1,42301400	1561203830130	true	true	
86549	2,92000000	0,40000000	1,16800000	1561203976346	true	true	
86550	2,92000000	1,12600000	3,28792000	1561204047358	true	true	
86551	2,92800000	1,51500000	4,43592000	1561204598558	true	true	
86552	2,92800000	0,02000000	0,05856000	1561204598558	true	true	
86553	2,92800000	0,29000000	0,84912000	1561204601920	true	true	
86554	2,94900000	0,19900000	0,58685100	1561205603431	false	true	
86555	2,95000000	0,15400000	0,45430000	1561205627075	false	true	
86556	2,94100000	0,57800000	1,69989800	1561205771224	true	true	
86557	2,95000000	1,50000000	4,42500000	1561205965179	false	true	
86558	2,95000000	2,55100000	7,52545000	1561205968435	false	true	
86559	2,95200000	0,12800000	0,37785600	1561205974639	false	true	
86560	2,96100000	0,71800000	2,12599800	1561206168790	false	true	
86561	2,96900000	0,06800000	0,20189200	1561206263289	false	true	
86562	2,96900000	0,01800000	0,05344200	1561206265457	false	true	
86563	2,98300000	0,04000000	0,11932000	1561206287524	false	true	
86564	2,98300000	0,04400000	0,13125200	1561206287564	true	true	
86565	2,98300000	0,32100000	0,95754300	1561206316241	false	true	
86566	2,98500000	0,12800000	0,38208000	1561206323069	false	true	
86567	2,96800000	3,02400000	8,97523200	1561206381852	true	true	
86568	2,96800000	3,94300000	11,70282400	1561206381852	true	true	
86569	2,98400000	0,67100000	2,00226400	1561206382859	false	true	
86570	2,97200000	0,40800000	1,21257600	1561206389702	true	true	
86571	2,97200000	2,64000000	7,84608000	1561206412976	false	true	
86572	2,97200000	2,59400000	7,70936800	1561206413143	false	true	
86573	2,97200000	1,08300000	3,21867600	1561206413341	false	true	
86574	2,97200000	1,08000000	3,20976000	1561206413408	false	true	
86575	2,97200000	5,04700000	14,99968400	1561206414002	false	true	
86576	2,97200000	1,50000000	4,45800000	1561206417149	false	true	
86577	2,97200000	0,79100000	2,35085200	1561206417193	false	true	
86578	2,97200000	0,43200000	1,28390400	1561206417247	false	true	
86579	2,97200000	1,50000000	4,45800000	1561206417365	false	true	
86580	2,97200000	1,50000000	4,45800000	1561206417561	false	true	
86581	2,97200000	4,40400000	13,08868800	1561206417637	false	true	
86582	2,97100000	0,89600000	2,66201600	1561206464245	true	true	
86583	2,96900000	3,01900000	8,96341100	1561206474231	true	true	
86584	2,97600000	0,03400000	0,10118400	1561206576320	false	true	
86585	2,96000000	0,68700000	2,03352000	1561206699617	true	true	
86586	2,96000000	0,68700000	2,03352000	1561206700133	true	true	
86587	2,96000000	0,68700000	2,03352000	1561206700599	true	true	
86588	2,96000000	0,68700000	2,03352000	1561206700957	true	true	
86589	2,95900000	0,80100000	2,37015900	1561206761735	false	true	
86590	2,95400000	1,26600000	3,73976400	1561206772875	true	true	
86591	2,96000000	3,88800000	11,50848000	1561206802383	false	true	
86592	2,96000000	0,49900000	1,47704000	1561206886721	false	true	
86593	2,96500000	2,39800000	7,11007000	1561207004124	true	true	
86594	2,98400000	0,22000000	0,65648000	1561207052081	false	true	
86595	2,98400000	0,07200000	0,21484800	1561207054628	false	true	
86596	2,98300000	0,11800000	0,35199400	1561207074878	false	true	
86597	2,97700000	0,10700000	0,31853900	1561207248442	false	true	
86598	2,98300000	0,18400000	0,54887200	1561207471013	false	true	
86599	2,98800000	0,33500000	1,00098000	1561207690332	false	true	
86600	2,99700000	0,21200000	0,63536400	1561207760863	false	true	
86601	2,99700000	0,21200000	0,63536400	1561207769168	false	true	
86602	2,98800000	0,74700000	2,23203600	1561207835470	true	true	
86603	2,98800000	1,49800000	4,47602400	1561207835470	true	true	
86604	2,98800000	1,49800000	4,47602400	1561207835992	true	true	
86605	2,98800000	0,64900000	1,93921200	1561207835992	true	true	
86606	2,98800000	0,58600000	1,75096800	1561207837514	true	true	
86607	2,98800000	0,26300000	0,78584400	1561207838466	true	true	
86608	2,98800000	0,58600000	1,75096800	1561207838466	true	true	
86609	2,99700000	0,02100000	0,06293700	1561207875186	false	true	
86610	2,99700000	3,01100000	9,02396700	1561207875186	false	true	
86611	2,99700000	1,59000000	4,76523000	1561207875213	true	true	
86612	2,99700000	0,42900000	1,28571300	1561207875218	true	true	
86613	2,99700000	0,17000000	0,50949000	1561207875226	true	true	
86614	2,99700000	3,15500000	9,45553500	1561207875237	true	true	
86615	2,99700000	1,53700000	4,60638900	1561207875244	true	true	
86616	2,99700000	1,53000000	4,58541000	1561207875245	true	true	
86617	2,99700000	0,26100000	0,78221700	1561207875246	true	true	
86618	2,99700000	1,59000000	4,76523000	1561207875251	true	true	
86619	2,99700000	0,16600000	0,49750200	1561207875251	true	true	
86620	2,99700000	0,14100000	0,42257700	1561207875256	true	true	
86621	2,99700000	0,41400000	1,24075800	1561207875268	true	true	
86622	2,99700000	1,12600000	3,37462200	1561207875302	true	true	
86623	2,99700000	1,12600000	3,37462200	1561207875303	true	true	
86624	2,99700000	1,28700000	3,85713900	1561207875307	true	true	
86625	2,99700000	0,19600000	0,58741200	1561207875321	true	true	
86626	2,99300000	0,11300000	0,33820900	1561207923384	false	true	
86627	2,98000000	0,78800000	2,34824000	1561208450934	true	true	
86628	2,98600000	0,04500000	0,13437000	1561208697783	true	true	
86629	2,99700000	2,46000000	7,37262000	1561208758796	false	true	
86630	2,99700000	0,44000000	1,31868000	1561208813318	false	true	
86631	2,99700000	6,06000000	18,16182000	1561208815745	false	true	
86632	2,99700000	0,21300000	0,63836100	1561208818294	false	true	
86633	2,99700000	0,30600000	0,91708200	1561208821617	false	true	
86634	2,99700000	1,50000000	4,49550000	1561208821813	false	true	
86635	2,99700000	0,37300000	1,11788100	1561208821908	false	true	
86636	2,99700000	2,50200000	7,49849400	1561208822019	false	true	
86637	2,99700000	0,75400000	2,25973800	1561208822120	false	true	
86638	2,99700000	0,59400000	1,78021800	1561208831161	false	true	
86639	3,00000000	0,08600000	0,25800000	1561208849493	false	true	
86640	3,00000000	0,07700000	0,23100000	1561208849525	false	true	
86641	3,00000000	1,52600000	4,57800000	1561208849525	false	true	
86642	2,99200000	1,56700000	4,68846400	1561209087841	true	true	
86643	3,01000000	0,04100000	0,12341000	1561209090309	false	true	
86644	3,01000000	0,62400000	1,87824000	1561209090309	false	true	
86645	2,99700000	0,88800000	2,66133600	1561209101599	true	true	
86646	3,00000000	0,13600000	0,40800000	1561209123978	false	true	
86647	2,98600000	1,04900000	3,13231400	1561209222405	true	true	
86648	2,97400000	1,49600000	4,44910400	1561209659683	true	true	
86649	2,97400000	0,29300000	0,87138200	1561209659686	true	true	
86650	2,97400000	0,09200000	0,27360800	1561209734151	true	true	
86651	2,99000000	1,10500000	3,30395000	1561210230731	true	true	
86652	3,00000000	0,80700000	2,42100000	1561210690271	false	true	
86653	2,99500000	3,34200000	10,00929000	1561210787389	true	true	
86654	3,00800000	0,66500000	2,00032000	1561210808737	false	true	
86655	3,00700000	6,33500000	19,04934500	1561210810928	false	true	
86656	3,00900000	0,59900000	1,80239100	1561210812349	false	true	
86657	3,01000000	0,11300000	0,34013000	1561210812349	false	true	
86658	3,01500000	0,39000000	1,17585000	1561210812349	false	true	
86659	3,01600000	0,17200000	0,51875200	1561210812349	false	true	
86660	3,01700000	3,22600000	9,73284200	1561210812349	false	true	
86661	3,01600000	0,03400000	0,10254400	1561210816191	false	true	
86662	3,01600000	0,16900000	0,50970400	1561210947462	false	true	
86663	3,01600000	0,55400000	1,67086400	1561211014270	true	true	
86664	3,01600000	0,07300000	0,22016800	1561211014270	true	true	
86665	3,00200000	0,33500000	1,00567000	1561211033480	true	true	
86666	3,01800000	0,12800000	0,38630400	1561211049824	false	true	
86667	3,01800000	0,20400000	0,61567200	1561211049868	true	true	
86668	3,01900000	0,08400000	0,25359600	1561211411615	false	true	
86669	3,02500000	0,38600000	1,16765000	1561211423128	false	true	
86670	3,02500000	0,48400000	1,46410000	1561211423128	false	true	
86671	3,02600000	0,34800000	1,05304800	1561211450530	false	true	
86672	3,02600000	0,34800000	1,05304800	1561211450532	false	true	
86673	3,02600000	0,02500000	0,07565000	1561211508364	false	true	
86674	3,02600000	0,03600000	0,10893600	1561211508364	false	true	
86675	3,03100000	0,11800000	0,35765800	1561211510694	false	true	
86676	3,03200000	6,33500000	19,20772000	1561211513707	false	true	
86677	3,03300000	0,08600000	0,26083800	1561211513707	false	true	
86678	3,03300000	0,03700000	0,11222100	1561211513707	false	true	
86679	3,03400000	0,63000000	1,91142000	1561211515085	false	true	
86680	3,03500000	0,35900000	1,08956500	1561211515085	false	true	
86681	3,02700000	0,66500000	2,01295500	1561211557658	true	true	
86682	3,03600000	0,38200000	1,15975200	1561211570536	false	true	
86683	3,03600000	0,27700000	0,84097200	1561211582105	true	true	
86684	3,02700000	0,33200000	1,00496400	1561211584373	true	true	
86685	3,02700000	0,71700000	2,17035900	1561211588147	true	true	
86686	3,04500000	0,32900000	1,00180500	1561211589709	false	true	
86687	3,04000000	1,50000000	4,56000000	1561211677334	false	true	
86688	3,04000000	1,12500000	3,42000000	1561211677355	false	true	
86689	3,04000000	1,12500000	3,42000000	1561211677357	false	true	
86690	3,04000000	0,46400000	1,41056000	1561211677654	false	true	
86691	3,04000000	0,83500000	2,53840000	1561211677941	false	true	
86692	3,04500000	2,96100000	9,01624500	1561211678606	false	true	
86693	3,04500000	3,61200000	10,99854000	1561211678629	true	true	
86694	3,04500000	3,15900000	9,61915500	1561211678640	true	true	
86695	3,04500000	3,61200000	10,99854000	1561211678707	true	true	
86696	3,04500000	3,15900000	9,61915500	1561211678713	true	true	
86697	3,04500000	2,87000000	8,73915000	1561211678773	true	true	
86698	3,04600000	0,92900000	2,82973400	1561211821616	false	true	
86699	3,04800000	0,37800000	1,15214400	1561211825390	false	true	
86700	3,04300000	0,65900000	2,00533700	1561211834849	true	true	
86701	3,05000000	0,04200000	0,12810000	1561211839712	false	true	
86702	3,05000000	0,16900000	0,51545000	1561211839712	false	true	
86703	3,05100000	0,12800000	0,39052800	1561211843774	false	true	
86704	3,05500000	0,65500000	2,00102500	1561211848108	false	true	
86705	3,05300000	0,69000000	2,10657000	1561212022739	true	true	
86706	3,05300000	0,47700000	1,45628100	1561212081929	true	true	
86707	3,05300000	0,14500000	0,44268500	1561212122064	false	true	
86708	3,05500000	1,04900000	3,20469500	1561212189113	false	true	
86709	3,05900000	0,09400000	0,28754600	1561212253941	false	true	
86710	3,05200000	0,03600000	0,10987200	1561212261637	true	true	
86711	3,05300000	0,92500000	2,82402500	1561212270643	true	true	
86712	3,04300000	0,10300000	0,31342900	1561212571907	true	true	
86713	3,04200000	0,31500000	0,95823000	1561212573545	true	true	
86714	3,04200000	0,56000000	1,70352000	1561212579819	true	true	
86715	3,05900000	0,28000000	0,85652000	1561212922683	false	true	
86716	3,05500000	0,09900000	0,30244500	1561213313052	true	true	
86717	3,06400000	0,03600000	0,11030400	1561213598180	false	true	
86718	3,05600000	1,42000000	4,33952000	1561213749524	true	true	
86719	3,05600000	0,11000000	0,33616000	1561213749524	true	true	
86720	3,05600000	0,32900000	1,00542400	1561213749664	true	true	
86721	3,06900000	0,03300000	0,10127700	1561213850222	false	true	
86722	3,06800000	0,65200000	2,00033600	1561213856402	false	true	
86723	3,05400000	0,87000000	2,65698000	1561213877912	true	true	
86724	3,05400000	0,00100000	0,00305400	1561213963993	true	true	
86725	3,05600000	0,05000000	0,15280000	1561213994690	false	true	
86726	3,05600000	0,27800000	0,84956800	1561213994727	true	true	
86727	3,03300000	2,95600000	8,96554800	1561213994943	true	true	
86728	3,03200000	6,33600000	19,21075200	1561213998516	true	true	
86729	3,03200000	2,95700000	8,96562400	1561213998516	true	true	
86730	3,03100000	1,75600000	5,32243600	1561213999780	true	true	
86731	3,02700000	0,33100000	1,00193700	1561214008940	true	true	
86732	3,02300000	2,96300000	8,95714900	1561214008940	true	true	
86733	3,01800000	0,12800000	0,38630400	1561214012564	true	true	
86734	3,00300000	0,40000000	1,20120000	1561214016528	true	true	
86735	3,00300000	0,06600000	0,19819800	1561214029646	true	true	
86736	3,00800000	0,47600000	1,43180800	1561214072871	true	true	
86737	2,99700000	2,54400000	7,62436800	1561214110049	true	true	
86738	2,99700000	0,40000000	1,19880000	1561214118916	true	true	
86739	2,99700000	0,60700000	1,81917900	1561214120139	true	true	
86740	2,99700000	0,80000000	2,39760000	1561214123363	true	true	
86741	2,99700000	3,08000000	9,23076000	1561214124345	true	true	
86742	2,99700000	1,53700000	4,60638900	1561214124362	true	true	
86743	2,99700000	1,16400000	3,48850800	1561214124392	true	true	
86744	2,99700000	1,53700000	4,60638900	1561214124427	true	true	
86745	2,99700000	1,34000000	4,01598000	1561214124433	true	true	
86746	2,99700000	1,16400000	3,48850800	1561214124465	true	true	
86747	2,99700000	1,53700000	4,60638900	1561214124494	true	true	
86748	2,99700000	1,16400000	3,48850800	1561214124550	true	true	
86749	2,99700000	1,04000000	3,11688000	1561214125083	true	true	
86750	2,99700000	3,08500000	9,24574500	1561214125956	true	true	
86751	2,99700000	1,16400000	3,48850800	1561214125984	true	true	
86752	2,99700000	1,16400000	3,48850800	1561214126072	true	true	
86753	2,99700000	1,16400000	3,48850800	1561214126154	true	true	
86754	2,99700000	1,16400000	3,48850800	1561214126247	true	true	
86755	2,99700000	1,16400000	3,48850800	1561214126329	true	true	
86756	2,99700000	1,16400000	3,48850800	1561214126408	true	true	
86757	2,99700000	2,71400000	8,13385800	1561214127031	true	true	
86758	2,98800000	0,03400000	0,10159200	1561214143757	true	true	
86759	2,98500000	0,12800000	0,38208000	1561214173006	true	true	
86760	2,97700000	0,70400000	2,09580800	1561214173006	true	true	
86761	2,97600000	0,05000000	0,14880000	1561214173006	true	true	
86762	3,01400000	0,32700000	0,98557800	1561214175844	false	true	
86763	2,99200000	2,84000000	8,49728000	1561214206310	false	true	
86764	2,99200000	0,23400000	0,70012800	1561214206310	false	true	
86765	2,99500000	1,83600000	5,49882000	1561214221796	false	true	
86766	2,99500000	1,23400000	3,69583000	1561214221800	false	true	
86767	3,01800000	0,70400000	2,12467200	1561214248476	false	true	
86768	3,01800000	0,12100000	0,36517800	1561214248476	false	true	
86769	3,01800000	0,00700000	0,02112600	1561214248547	false	true	
86770	3,02800000	4,62500000	14,00450000	1561214248547	false	true	
86771	3,02800000	4,63200000	14,02569600	1561214248748	false	true	
86772	3,05100000	2,96100000	9,03401100	1561214271904	false	true	
86773	3,05100000	0,12800000	0,39052800	1561214271904	false	true	
86774	3,02900000	6,83000000	20,68807000	1561214410666	true	true	
86775	3,04900000	0,32700000	0,99702300	1561214442404	false	true	
86776	3,04900000	0,32900000	1,00312100	1561214442474	true	true	
86777	3,03600000	2,95400000	8,96834400	1561214460679	true	true	
86778	3,03600000	2,95300000	8,96530800	1561214460679	true	true	
86779	3,03500000	0,42900000	1,30201500	1561214460679	true	true	
86780	3,03600000	4,03400000	12,24722400	1561214463732	true	true	
86781	3,03500000	2,53000000	7,67855000	1561214506964	true	true	
86782	3,03500000	0,87700000	2,66169500	1561214506964	true	true	
86783	3,03400000	2,95900000	8,97760600	1561214523097	true	true	
86784	3,03300000	0,13200000	0,40035600	1561214523097	true	true	
86785	3,03300000	2,82800000	8,57732400	1561214523522	true	true	
86786	3,01800000	0,37000000	1,11666000	1561214605352	true	true	
86787	3,01800000	0,12800000	0,38630400	1561214605352	true	true	
86788	3,01200000	1,75800000	5,29509600	1561214620044	true	true	
86789	3,01200000	0,00900000	0,02710800	1561214729325	true	true	
86790	3,00800000	0,93800000	2,82150400	1561214852772	true	true	
86791	3,00800000	0,43600000	1,31148800	1561214852822	true	true	
86792	3,00800000	0,05800000	0,17446400	1561214852825	true	true	
86793	3,00800000	0,43600000	1,31148800	1561214852825	true	true	
86794	3,00800000	0,05800000	0,17446400	1561214852831	true	true	
86795	3,00800000	0,93800000	2,82150400	1561214852836	true	true	
86796	3,00800000	1,43200000	4,30745600	1561214852836	true	true	
86797	3,00800000	1,43200000	4,30745600	1561214852836	true	true	
86798	3,00500000	3,69800000	11,11249000	1561214852836	true	true	
86799	3,00500000	0,43600000	1,31018000	1561214852939	true	true	
86800	3,00500000	0,29200000	0,87746000	1561214852939	true	true	
86801	3,00500000	0,16400000	0,49282000	1561214853985	true	true	
86802	3,00500000	1,00000000	3,00500000	1561214854031	true	true	
86803	3,00500000	0,71900000	2,16059500	1561214855001	true	true	
86804	3,00200000	0,69900000	2,09839800	1561214903388	true	true	
86805	3,00500000	0,09200000	0,27646000	1561214904438	false	true	
86806	3,00500000	0,07500000	0,22537500	1561214904494	true	true	
86807	2,99700000	0,13000000	0,38961000	1561214912438	true	true	
86808	2,99700000	0,23800000	0,71328600	1561215028592	true	true	
86809	2,98500000	0,12800000	0,38208000	1561215087364	true	true	
86810	2,97800000	3,03300000	9,03227400	1561215099510	true	true	
86811	2,97800000	0,54000000	1,60812000	1561215100077	true	true	
86812	2,97700000	0,24300000	0,72341100	1561215101814	true	true	
86813	2,97700000	0,43900000	1,30690300	1561215101814	true	true	
86814	2,96600000	0,40800000	1,21012800	1561215120767	true	true	
86815	2,96600000	0,52400000	1,55418400	1561215120767	true	true	
86816	2,95900000	1,50000000	4,43850000	1561215123828	true	true	
86817	2,96000000	0,98900000	2,92744000	1561215127756	true	true	
86818	2,96000000	0,51800000	1,53328000	1561215128092	true	true	
86819	2,95700000	0,03400000	0,10053800	1561215128092	true	true	
86820	2,95300000	6,33600000	18,71020800	1561215128092	true	true	
86821	2,95200000	0,12800000	0,37785600	1561215128092	true	true	
86822	2,94700000	0,03900000	0,11493300	1561215128092	true	true	
86823	2,94500000	20,06500000	59,09142500	1561215128092	true	true	
86824	2,98500000	0,12800000	0,38208000	1561215453678	false	true	
86825	2,97700000	0,44500000	1,32476500	1561216352246	false	true	
86826	2,98500000	0,12500000	0,37312500	1561216388493	false	true	
86827	2,98500000	1,53600000	4,58496000	1561216527309	true	true	
86828	2,98500000	0,46400000	1,38504000	1561216527345	true	true	
86829	2,97400000	1,43500000	4,26769000	1561217060222	false	true	
86830	2,97400000	0,61100000	1,81711400	1561217060222	false	true	
86831	2,97400000	0,19800000	0,58885200	1561217261704	false	true	
86832	2,99200000	0,10000000	0,29920000	1561217708858	false	true	
86833	2,99900000	0,12000000	0,35988000	1561218011100	false	true	
86834	2,99200000	0,10000000	0,29920000	1561218313105	true	true	
86835	2,99300000	1,27800000	3,82505400	1561218523463	true	true	
86836	2,99600000	0,50000000	1,49800000	1561218870781	true	true	
86837	2,99900000	1,00000000	2,99900000	1561219047412	true	true	
86838	3,01000000	1,43100000	4,30731000	1561219837187	false	true	
86839	3,01200000	0,39600000	1,19275200	1561219837187	false	true	
86840	3,01200000	1,82700000	5,50292400	1561219837195	false	true	
86841	3,01200000	0,76900000	2,31622800	1561219837253	false	true	
86842	3,01200000	0,28200000	0,84938400	1561220098516	false	true	
86843	3,01200000	0,25700000	0,77408400	1561220106075	false	true	
86844	3,01200000	2,45100000	7,38241200	1561220109863	false	true	
86845	3,01700000	0,07200000	0,21722400	1561220354185	false	true	
86846	3,00000000	0,41000000	1,23000000	1561221337848	true	true	
86847	2,99900000	3,38700000	10,15761300	1561221380900	true	true	
86848	2,99900000	0,04200000	0,12595800	1561221381970	true	true	
86849	2,99900000	3,38700000	10,15761300	1561221384914	true	true	
86850	2,99900000	17,52500000	52,55747500	1561221398039	true	true	
86851	2,99900000	0,38200000	1,14561800	1561221752819	false	true	
86852	2,99900000	0,36700000	1,10063300	1561221752860	true	true	
86853	2,99900000	0,13400000	0,40186600	1561222558128	true	true	
86854	3,00100000	1,00000000	3,00100000	1561222587868	false	true	
86855	2,99200000	3,17400000	9,49660800	1561222683664	true	true	
86856	2,99500000	0,62700000	1,87786500	1561223039894	true	true	
86857	3,01400000	0,40100000	1,20861400	1561223298501	false	true	
86858	3,01400000	0,29800000	0,89817200	1561223301036	false	true	
86859	3,00800000	1,44300000	4,34054400	1561223529117	false	true	
86860	3,00800000	0,05700000	0,17145600	1561223529117	false	true	
86861	3,00800000	0,49800000	1,49798400	1561223760234	true	true	
86862	3,01400000	0,08300000	0,25016200	1561223809271	false	true	
86863	3,01400000	0,07600000	0,22906400	1561224111210	false	true	
86864	3,00400000	0,85900000	2,58043600	1561224144211	true	true	
86865	3,00700000	0,07200000	0,21650400	1561224183953	true	true	
86866	3,00600000	0,07200000	0,21643200	1561224185476	true	true	
86867	3,01800000	0,12800000	0,38630400	1561224472942	false	true	
86868	3,01100000	6,87300000	20,69460300	1561224668465	true	true	
86869	3,02700000	0,66100000	2,00084700	1561224747717	false	true	
86870	3,01700000	2,97300000	8,96954100	1561224841493	true	true	
86871	3,01400000	0,88300000	2,66136200	1561224844479	true	true	
86872	3,01300000	1,58300000	4,76957900	1561224853237	true	true	
86873	3,01300000	1,29400000	3,89882200	1561225107973	true	true	
86874	3,01700000	0,04000000	0,12068000	1561225413365	false	true	
86875	3,01200000	0,36600000	1,10239200	1561225626171	false	true	
86876	2,99900000	0,36600000	1,09763400	1561225956538	true	true	
86877	2,99100000	1,77900000	5,32098900	1561226157658	true	true	
86878	3,01500000	0,16300000	0,49144500	1561226248309	false	true	
86879	3,01500000	3,32300000	10,01884500	1561226608513	true	true	
86880	3,03400000	0,65900000	1,99940600	1561226629925	false	true	
86881	3,02100000	0,88100000	2,66150100	1561226631531	true	true	
86882	3,00400000	0,74800000	2,24699200	1561227317490	true	true	
86883	3,03000000	1,57500000	4,77225000	1561227845692	false	true	
86884	3,03000000	1,72600000	5,22978000	1561227846539	false	true	
86885	3,03000000	2,17500000	6,59025000	1561227846539	false	true	
86886	3,02500000	0,40300000	1,21907500	1561227912176	true	true	
86887	3,02500000	1,17000000	3,53925000	1561228042784	false	true	
86888	3,02600000	2,96800000	8,98116800	1561228142567	true	true	
86889	3,02200000	0,78600000	2,37529200	1561228292783	true	true	
86890	3,03400000	1,00000000	3,03400000	1561228443724	false	true	
86891	3,01300000	1,44800000	4,36282400	1561228879811	true	true	
86892	3,01300000	1,19400000	3,59752200	1561228880242	true	true	
86893	3,01300000	0,43200000	1,30161600	1561229259215	true	true	
86894	3,01300000	0,85900000	2,58816700	1561229259487	true	true	
86895	3,00700000	0,07100000	0,21349700	1561229840472	true	true	
86896	3,00800000	0,07100000	0,21356800	1561229841994	true	true	
86897	3,00800000	0,08900000	0,26771200	1561230038513	false	true	
86898	3,00600000	1,21300000	3,64627800	1561230116875	true	true	
86899	3,01500000	2,14300000	6,46114500	1561230617379	true	true	
86900	3,01400000	2,14300000	6,45900200	1561230617443	false	true	
86901	3,00400000	1,68000000	5,04672000	1561230825309	true	true	
86902	3,00400000	1,30700000	3,92622800	1561230827009	true	true	
86903	3,00400000	2,98700000	8,97294800	1561230827009	true	true	
86904	3,00300000	2,98600000	8,96695800	1561230884619	true	true	
86905	3,00100000	2,98900000	8,96998900	1561230884619	true	true	
86906	2,99800000	1,77500000	5,32145000	1561230884619	true	true	
86907	2,99600000	2,45600000	7,35817600	1561230884619	true	true	
86908	2,99300000	0,79400000	2,37644200	1561230884619	true	true	
86909	2,99600000	1,00000000	2,99600000	1561230911741	true	true	
86910	2,99200000	0,09400000	0,28124800	1561231516734	true	true	
86911	2,99200000	0,26900000	0,80484800	1561231619015	true	true	
86912	2,99200000	0,33800000	1,01129600	1561231619652	true	true	
86913	2,98500000	0,10500000	0,31342500	1561231718985	true	true	
86914	2,98500000	0,02300000	0,06865500	1561231719329	true	true	
86915	2,98500000	0,25000000	0,74625000	1561232324889	false	true	
86916	2,99300000	0,57000000	1,70601000	1561233661127	false	true	
86917	2,99300000	0,10000000	0,29930000	1561233661251	false	true	
86918	2,98400000	0,05100000	0,15218400	1561233774686	true	true	
86919	2,98500000	2,75200000	8,21472000	1561234189344	false	true	
86920	2,98500000	1,46000000	4,35810000	1561234189350	false	true	
86921	2,99100000	0,98900000	2,95809900	1561234355113	true	true	
86922	3,00400000	0,64000000	1,92256000	1561234367061	false	true	
86923	3,00000000	0,10000000	0,30000000	1561234508499	true	true	
86924	2,98500000	0,21500000	0,64177500	1561235807057	true	true	
86925	2,98500000	0,99200000	2,96112000	1561235807084	false	true	
86926	2,98500000	0,00100000	0,00298500	1561235807085	false	true	
86927	2,99800000	0,32800000	0,98334400	1561235807960	false	true	
86928	2,99800000	0,33900000	1,01632200	1561235968743	false	true	
86929	3,00000000	0,16500000	0,49500000	1561235989509	false	true	
86930	2,99700000	9,19200000	27,54842400	1561236116745	true	true	
86931	2,98700000	0,16700000	0,49882900	1561238363264	false	true	
86932	2,98000000	0,08400000	0,25032000	1561238900880	true	true	
86933	2,98600000	0,43600000	1,30189600	1561239370231	true	true	
86934	2,98600000	3,72800000	11,13180800	1561239370297	true	true	
86935	2,98900000	0,10100000	0,30188900	1561239370350	false	true	
86936	2,98900000	0,38500000	1,15076500	1561239384306	false	true	
86937	2,98700000	1,46000000	4,36102000	1561240015711	false	true	
86938	2,98700000	0,54000000	1,61298000	1561240015711	false	true	
86939	2,98000000	4,00000000	11,92000000	1561240067573	true	true	
86940	2,97700000	9,28000000	27,62656000	1561240067573	true	true	
86941	2,97400000	1,46000000	4,34204000	1561240067573	true	true	
86942	2,97400000	1,46000000	4,34204000	1561240067573	true	true	
86943	2,97400000	1,46000000	4,34204000	1561240067573	true	true	
86944	2,97400000	1,46000000	4,34204000	1561240067573	true	true	
86945	2,97200000	0,54300000	1,61379600	1561240067573	true	true	
86946	2,98700000	0,32700000	0,97674900	1561240068331	false	true	
86947	2,98700000	0,33500000	1,00064500	1561240597240	true	true	
86948	2,98200000	0,25100000	0,74848200	1561241197950	true	true	
86949	2,98800000	0,08900000	0,26593200	1561241495444	true	true	
86950	2,98700000	0,33500000	1,00064500	1561241886983	false	true	
86951	2,99000000	1,50000000	4,48500000	1561242565747	true	true	
86952	2,98900000	0,10100000	0,30188900	1561242565850	true	true	
86953	2,98400000	0,79900000	2,38421600	1561243966023	true	true	
86954	2,98300000	0,20100000	0,59958300	1561243966023	true	true	
86955	2,98300000	3,68400000	10,98937200	1561244628066	true	true	
86956	2,98300000	0,62600000	1,86735800	1561244682501	false	true	
86957	2,98300000	2,45000000	7,30835000	1561244682603	false	true	
86958	2,98300000	1,33400000	3,97932200	1561244684438	false	true	
86959	2,99300000	1,44800000	4,33386400	1561244724190	false	true	
86960	2,99300000	1,44800000	4,33386400	1561244725187	false	true	
86961	2,98000000	2,99700000	8,93106000	1561244757228	false	true	
86962	2,98900000	10,15900000	30,36525100	1561244870272	false	true	
86963	2,98900000	9,84100000	29,41474900	1561244870287	true	true	
86964	2,97100000	0,28800000	0,85564800	1561244880616	true	true	
86965	2,97100000	0,29900000	0,88832900	1561244880616	true	true	
86966	2,98500000	0,38500000	1,14922500	1561244884010	false	true	
86967	2,96600000	0,03500000	0,10381000	1561244893607	true	true	
86968	2,99600000	0,03500000	0,10486000	1561245585161	false	true	
86969	3,00100000	0,77000000	2,31077000	1561245623130	false	true	
86970	3,00200000	1,46000000	4,38292000	1561246618629	false	true	
86971	3,00200000	1,46000000	4,38292000	1561246618632	false	true	
86972	3,00200000	1,46000000	4,38292000	1561246618632	false	true	
86973	3,00200000	1,45800000	4,37691600	1561246618632	false	true	
86974	3,00200000	0,00200000	0,00600400	1561246618634	false	true	
86975	3,00300000	0,69700000	2,09309100	1561246618864	false	true	
86976	3,00300000	2,63600000	7,91590800	1561246618945	false	true	
86977	3,00500000	0,69700000	2,09448500	1561246619045	false	true	
86978	3,00500000	0,69700000	2,09448500	1561246619047	false	true	
86979	3,00500000	0,26300000	0,79031500	1561246619391	false	true	
86980	3,00500000	4,71600000	14,17158000	1561246619411	false	true	
86981	3,00500000	8,81800000	26,49809000	1561246619411	false	true	
86982	3,00600000	0,69700000	2,09518200	1561246619658	false	true	
86983	3,00600000	0,69700000	2,09518200	1561246619693	false	true	
86984	3,00600000	9,35300000	28,11511800	1561246619723	false	true	
86985	3,00600000	0,80400000	2,41682400	1561246619875	false	true	
86986	3,01800000	0,12800000	0,38630400	1561246619904	false	true	
86987	3,01800000	0,16700000	0,50400600	1561246619904	false	true	
86988	3,02500000	9,92900000	30,03522500	1561246619904	false	true	
86989	3,02500000	0,70000000	2,11750000	1561246620037	false	true	
86990	3,02600000	3,10000000	9,38060000	1561246620037	false	true	
86991	3,02600000	0,70000000	2,11820000	1561246620081	false	true	
86992	3,05100000	0,12800000	0,39052800	1561246628987	false	true	
86993	3,05300000	0,10200000	0,31140600	1561246630221	false	true	
86994	3,05600000	0,03400000	0,10390400	1561246633500	false	true	
86995	3,05600000	0,96500000	2,94904000	1561246646398	false	true	
86996	3,04100000	3,31500000	10,08091500	1561246648795	true	true	
86997	3,05400000	0,32800000	1,00171200	1561246650985	false	true	
86998	3,05400000	0,32700000	0,99865800	1561246651594	false	true	
86999	3,06900000	0,65200000	2,00098800	1561246669994	false	true	
87000	3,05500000	0,87100000	2,66090500	1561246707449	true	true	
87001	3,04400000	4,16400000	12,67521600	1561246716842	true	true	
87002	3,06400000	1,19900000	3,67373600	1561246825884	false	true	
87003	3,04900000	4,34600000	13,25095400	1561246934856	true	true	
87004	3,03300000	1,19700000	3,63050100	1561247021727	true	true	
87005	3,03200000	1,10200000	3,34126400	1561247060701	true	true	
87006	3,03200000	0,65300000	1,97989600	1561247060708	true	true	
87007	3,05000000	0,25700000	0,78385000	1561247479172	false	true	
87008	3,03300000	0,29900000	0,90686700	1561247838641	true	true	
87009	3,03400000	2,00000000	6,06800000	1561248549774	true	true	
87010	3,04600000	3,28400000	10,00306400	1561248566623	false	true	
87011	3,04600000	5,92500000	18,04755000	1561248566652	false	true	
87012	3,04600000	1,95000000	5,93970000	1561248567831	false	true	
87013	3,04600000	6,57000000	20,01222000	1561248567858	false	true	
87014	3,04600000	2,27000000	6,91442000	1561248568671	false	true	
87015	3,06100000	0,05100000	0,15611100	1561248610480	false	true	
87016	3,05300000	0,06100000	0,18623300	1561248929791	true	true	
87017	3,05300000	1,40000000	4,27420000	1561249266324	false	true	
87018	3,06600000	2,39700000	7,34920200	1561249437725	true	true	
87019	3,06600000	1,77300000	5,43601800	1561249437727	true	true	
87020	3,05600000	0,25000000	0,76400000	1561249440087	true	true	
87021	3,05600000	1,45000000	4,43120000	1561249440087	true	true	
87022	3,05600000	1,57800000	4,82236800	1561249440087	true	true	
87023	3,06900000	0,65200000	2,00098800	1561249448901	false	true	
87024	3,05500000	0,13000000	0,39715000	1561249588228	true	true	
87025	3,05500000	0,49100000	1,50000500	1561249588230	true	true	
87026	3,05500000	0,13000000	0,39715000	1561249588234	true	true	
87027	3,05500000	0,12000000	0,36660000	1561249605958	true	true	
87028	3,05500000	1,36900000	4,18229500	1561249830075	true	true	
87029	3,05500000	0,07300000	0,22301500	1561249830086	true	true	
87030	3,05500000	1,29600000	3,95928000	1561249830086	true	true	
87031	3,07100000	0,37000000	1,13627000	1561250103113	false	true	
87032	3,07100000	0,00100000	0,00307100	1561250128113	false	true	
87033	3,07200000	0,03600000	0,11059200	1561250151239	false	true	
87034	3,07300000	0,75700000	2,32626100	1561250163220	false	true	
87035	3,08000000	0,18800000	0,57904000	1561250199874	false	true	
87036	3,08000000	0,35500000	1,09340000	1561250200254	false	true	
87037	3,07400000	0,07000000	0,21518000	1561250212204	true	true	
87038	3,07400000	0,33200000	1,02056800	1561250212318	true	true	
87039	3,07500000	0,07000000	0,21525000	1561250213735	true	true	
87040	3,07100000	0,11600000	0,35623600	1561250217282	true	true	
87041	3,07100000	1,52300000	4,67713300	1561250217294	true	true	
87042	3,08300000	0,36700000	1,13146100	1561250247844	false	true	
87043	3,08300000	0,28200000	0,86940600	1561250247889	true	true	
87044	3,08400000	0,12800000	0,39475200	1561250363506	false	true	
87045	3,08300000	0,03500000	0,10790500	1561250540607	true	true	
87046	3,08700000	0,03900000	0,12039300	1561251213207	false	true	
87047	3,09000000	3,67500000	11,35575000	1561251213408	false	true	
87048	3,09000000	0,06200000	0,19158000	1561251213408	false	true	
87049	3,09000000	0,05000000	0,15450000	1561251213408	false	true	
87050	3,09200000	0,08500000	0,26282000	1561251250268	false	true	
87051	3,09300000	0,92300000	2,85483900	1561251250268	false	true	
87052	3,09300000	0,00100000	0,00309300	1561251250632	false	true	
87053	3,09500000	0,03600000	0,11142000	1561251286192	false	true	
87054	3,09500000	0,36300000	1,12348500	1561251286192	false	true	
87055	3,08600000	0,79600000	2,45645600	1561251451334	true	true	
87056	3,08600000	0,12900000	0,39809400	1561251475198	true	true	
87057	3,08500000	5,46600000	16,86261000	1561251540130	true	true	
87058	3,08500000	2,13300000	6,58030500	1561251566438	true	true	
87059	3,08500000	2,13300000	6,58030500	1561251566442	true	true	
87060	3,08500000	0,35900000	1,10751500	1561251575918	true	true	
87061	3,08500000	0,22600000	0,69721000	1561251575923	true	true	
87062	3,09200000	0,05100000	0,15769200	1561252434372	false	true	
87063	3,10000000	1,50000000	4,65000000	1561252658680	false	true	
87064	3,10000000	4,50400000	13,96240000	1561252658722	false	true	
87065	3,10000000	12,28800000	38,09280000	1561252658735	false	true	
87066	3,10000000	1,50000000	4,65000000	1561252658802	false	true	
87067	3,10000000	1,27900000	3,96490000	1561252658848	false	true	
87068	3,10000000	12,28900000	38,09590000	1561252658899	false	true	
87069	3,10000000	0,25100000	0,77810000	1561252659053	false	true	
87070	3,10000000	6,49000000	20,11900000	1561252659090	false	true	
87071	3,10000000	0,18300000	0,56730000	1561252659367	false	true	
87072	3,10000000	1,58300000	4,90730000	1561252659466	false	true	
87073	3,10000000	2,07000000	6,41700000	1561252661577	false	true	
87074	3,10000000	2,31200000	7,16720000	1561252661665	false	true	
87075	3,10000000	0,28000000	0,86800000	1561252662013	false	true	
87076	3,10000000	0,09600000	0,29760000	1561252662355	false	true	
87077	3,10000000	9,31900000	28,88890000	1561252665042	false	true	
87078	3,10000000	0,18300000	0,56730000	1561252665351	false	true	
87079	3,10000000	0,83800000	2,59780000	1561252670236	false	true	
87080	3,10000000	4,28300000	13,27730000	1561252670410	false	true	
87081	3,10000000	4,41600000	13,68960000	1561252671261	false	true	
87082	3,10000000	1,31300000	4,07030000	1561252673517	false	true	
87083	3,10000000	4,25100000	13,17810000	1561252729080	false	true	
87084	3,09200000	0,68500000	2,11802000	1561253458953	false	true	
87085	3,09200000	1,31500000	4,06598000	1561253458953	false	true	
87086	3,08800000	0,32400000	1,00051200	1561253509767	false	true	
87087	3,08500000	0,03300000	0,10180500	1561253649276	false	true	
87088	3,08500000	0,73000000	2,25205000	1561254712216	true	true	
87089	3,05900000	0,32700000	1,00029300	1561255964402	true	true	
87090	3,07000000	1,44500000	4,43615000	1561256187201	false	true	
87091	3,07000000	1,44500000	4,43615000	1561256187201	false	true	
87092	3,07000000	1,44500000	4,43615000	1561256187201	false	true	
87093	3,07000000	1,44500000	4,43615000	1561256187201	false	true	
87094	3,07100000	11,52800000	35,40248800	1561256187201	false	true	
87095	3,07100000	2,29900000	7,06022900	1561256187201	false	true	
87096	3,06100000	0,03900000	0,11937900	1561256257475	true	true	
87097	3,06100000	0,10000000	0,30610000	1561256257594	false	true	
87098	3,05700000	0,68600000	2,09710200	1561256317051	true	true	
87099	3,05700000	0,16300000	0,49829100	1561256317051	true	true	
87100	3,05100000	0,12800000	0,39052800	1561256448837	true	true	
87101	3,04600000	1,74700000	5,32136200	1561256531846	true	true	
87102	3,06500000	18,21600000	55,83204000	1561257929133	true	true	
87103	3,05000000	0,16300000	0,49715000	1561258208151	true	true	
87104	3,05000000	0,10000000	0,30500000	1561258208552	true	true	
87105	3,07700000	0,03900000	0,12000300	1561259018274	false	true	
87106	3,08200000	0,68600000	2,11425200	1561259038770	false	true	
87107	3,08400000	0,12800000	0,39475200	1561259072783	false	true	
87108	3,08400000	0,33500000	1,03314000	1561259175144	true	true	
87109	3,07300000	1,45400000	4,46814200	1561259267403	true	true	
87110	3,07300000	0,94200000	2,89476600	1561259267403	true	true	
87111	3,08900000	0,15500000	0,47879500	1561259289380	false	true	
87112	3,08900000	0,49300000	1,52287700	1561259289407	true	true	
87113	3,07800000	0,53800000	1,65596400	1561259336056	true	true	
87114	3,07500000	0,86600000	2,66295000	1561259933882	true	true	
87115	3,07600000	2,91800000	8,97576800	1561260256315	true	true	
87116	3,07500000	1,45000000	4,45875000	1561260256315	true	true	
87117	3,07500000	1,45000000	4,45875000	1561260256315	true	true	
87118	3,07500000	1,45000000	4,45875000	1561260256315	true	true	
87119	3,07500000	1,45000000	4,45875000	1561260256315	true	true	
87120	3,07300000	3,65500000	11,23181500	1561260256315	true	true	
87121	3,07900000	0,40000000	1,23160000	1561260589319	true	true	
87122	3,08300000	2,26400000	6,97991200	1561260623385	true	true	
87123	3,08800000	1,51400000	4,67523200	1561261619812	true	true	
87124	3,09800000	0,64600000	2,00130800	1561261628736	false	true	
87125	3,10000000	5,01200000	15,53720000	1561262188605	false	true	
87126	3,10000000	1,04800000	3,24880000	1561262207177	false	true	
87127	3,10000000	0,54500000	1,68950000	1561262227104	false	true	
87128	3,10000000	4,02600000	12,48060000	1561262231282	false	true	
87129	3,10000000	0,55700000	1,72670000	1561262231399	false	true	
87130	3,10000000	4,02600000	12,48060000	1561262231490	false	true	
87131	3,10000000	4,70900000	14,59790000	1561262232851	false	true	
87132	3,10000000	0,54500000	1,68950000	1561262232943	false	true	
87133	3,10000000	10,00000000	31,00000000	1561262233047	false	true	
87134	3,10000000	52,37800000	162,37180000	1561262294530	false	true	
87135	3,10000000	0,57900000	1,79490000	1561262294530	false	true	
87136	3,10000000	1,00000000	3,10000000	1561262294530	false	true	
87137	3,10200000	0,04200000	0,13028400	1561262294530	false	true	
87138	3,10300000	2,90500000	9,01421500	1561262294530	false	true	
87139	3,10400000	0,03500000	0,10864000	1561262294540	false	true	
87140	3,10400000	2,70600000	8,39942400	1561262294540	false	true	
87141	3,10400000	2,74100000	8,50806400	1561262294542	false	true	
87142	3,10400000	3,79600000	11,78278400	1561262294571	false	true	
87143	3,10500000	6,53100000	20,27875500	1561262294630	false	true	
87144	3,10600000	3,86600000	12,00779600	1561262294910	false	true	
87145	3,10600000	2,21700000	6,88600200	1561262295020	false	true	
87146	3,10700000	0,36000000	1,11852000	1561262295535	false	true	
87147	3,11100000	0,04100000	0,12755100	1561262494775	false	true	
87148	3,11800000	0,12800000	0,39910400	1561262560006	false	true	
87149	3,11800000	0,03800000	0,11848400	1561262560006	false	true	
87150	3,11900000	0,76900000	2,39851100	1561262560006	false	true	
87151	3,11800000	0,13000000	0,40534000	1561262630976	false	true	
87152	3,11000000	0,03500000	0,10885000	1561262647098	true	true	
87153	3,10000000	2,89000000	8,95900000	1561262661430	true	true	
87154	3,10000000	1,28000000	3,96800000	1561262661452	false	true	
87155	3,10000000	2,89500000	8,97450000	1561262729699	true	true	
87156	3,09900000	0,15100000	0,46794900	1561262729699	true	true	
87157	3,09500000	0,57800000	1,78891000	1561262774041	true	true	
87158	3,09400000	0,07300000	0,22586200	1561262774041	true	true	
87159	3,11000000	3,65400000	11,36394000	1561263791472	false	true	
87160	3,11000000	17,10000000	53,18100000	1561263888922	false	true	
87161	3,10200000	1,60700000	4,98491400	1561264350628	false	true	
87162	3,10000000	1,07000000	3,31700000	1561264405033	false	true	
87163	3,10100000	2,90400000	9,00530400	1561264405033	false	true	
87164	3,10200000	4,17700000	12,95705400	1561264405049	true	true	
87165	3,10200000	0,42700000	1,32455400	1561264405079	true	true	
87166	3,10200000	2,14700000	6,65999400	1561264405102	true	true	
87167	3,10200000	0,08000000	0,24816000	1561264405106	true	true	
87168	3,10200000	4,90800000	15,22461600	1561264405114	true	true	
87169	3,10200000	3,28700000	10,19627400	1561264405150	true	true	
87170	3,10200000	2,26300000	7,01982600	1561264405151	true	true	
87171	3,10200000	8,95800000	27,78771600	1561264405196	true	true	
87172	3,10200000	2,90500000	9,01131000	1561264405208	true	true	
87173	3,10200000	6,12400000	18,99664800	1561264405262	true	true	
87174	3,10200000	6,49300000	20,14128600	1561264405335	true	true	
87175	3,10200000	4,50600000	13,97761200	1561264405461	true	true	
87176	3,10200000	0,00300000	0,00930600	1561264406404	true	true	
87177	3,10600000	0,32200000	1,00013200	1561264524645	false	true	
87178	3,10100000	1,50000000	4,65150000	1561265223865	false	true	
87179	3,10100000	1,06000000	3,28706000	1561265285774	false	true	
87180	3,10100000	4,71700000	14,62741700	1561265334546	false	true	
87181	3,10100000	7,18800000	22,28998800	1561265334760	false	true	
87182	3,10100000	7,18800000	22,28998800	1561265334870	false	true	
87183	3,10100000	4,89600000	15,18249600	1561265334971	false	true	
87184	3,10100000	5,95600000	18,46955600	1561265336257	false	true	
87185	3,10100000	3,29500000	10,21779500	1561265336455	false	true	
87186	3,10100000	1,28600000	3,98788600	1561265342557	false	true	
87187	3,10100000	27,34600000	84,79994600	1561265343830	false	true	
87188	3,10100000	1,72500000	5,34922500	1561265346121	false	true	
87189	3,10100000	9,92400000	30,77432400	1561265346769	false	true	
87190	3,10100000	0,32200000	0,99852200	1561265350715	false	true	
87191	3,10100000	5,17500000	16,04767500	1561265352466	false	true	
87192	3,10100000	0,18000000	0,55818000	1561265352581	false	true	
87193	3,10100000	1,72500000	5,34922500	1561265353103	false	true	
87194	3,10100000	9,02200000	27,97722200	1561265353412	false	true	
87195	3,10100000	3,10500000	9,62860500	1561265355518	false	true	
87196	3,10100000	4,48500000	13,90798500	1561265368089	false	true	
87197	3,09600000	0,44500000	1,37772000	1561265506264	true	true	
87198	3,10100000	2,50500000	7,76800500	1561265520858	false	true	
87199	3,10100000	3,37300000	10,45967300	1561265521289	false	true	
87200	3,10100000	3,28700000	10,19298700	1561265565491	false	true	
87201	3,10100000	3,28600000	10,18988600	1561265565601	false	true	
87202	3,10100000	0,11900000	0,36901900	1561265566742	false	true	
87203	3,10100000	1,07300000	3,32737300	1561265566946	false	true	
87204	3,10100000	0,42600000	1,32102600	1561265567002	false	true	
87205	3,10100000	0,18000000	0,55818000	1561265568642	false	true	
87206	3,10100000	3,28600000	10,18988600	1561265568667	false	true	
87207	3,10100000	3,28300000	10,18058300	1561265568671	false	true	
87208	3,10100000	0,12800000	0,39692800	1561265568748	false	true	
87209	3,10100000	5,73900000	17,79663900	1561265571714	false	true	
87210	3,10100000	0,39900000	1,23729900	1561265573563	false	true	
87211	3,10100000	11,38600000	35,30798600	1561265573663	false	true	
87212	3,10100000	1,03500000	3,20953500	1561265574393	false	true	
87213	3,10100000	23,68000000	73,43168000	1561265576402	false	true	
87214	3,10100000	1,50000000	4,65150000	1561265580214	false	true	
87215	3,10100000	1,57800000	4,89337800	1561265580419	false	true	
87216	3,08700000	3,21000000	9,90927000	1561265975920	true	true	
87217	3,08700000	4,06500000	12,54865500	1561265975920	true	true	
87218	3,08500000	2,90900000	8,97426500	1561266136999	true	true	
87219	3,08500000	0,19000000	0,58615000	1561266136999	true	true	
87220	3,08500000	1,26000000	3,88710000	1561266137016	true	true	
87221	3,08500000	1,45000000	4,47325000	1561266137016	true	true	
87222	3,08500000	0,38900000	1,20006500	1561266137016	true	true	
87223	3,08400000	0,12800000	0,39475200	1561266703692	true	true	
87224	3,08400000	0,87200000	2,68924800	1561266703778	false	true	
87225	3,07900000	8,64900000	26,63027100	1561266875113	true	true	
87226	3,07900000	6,21100000	19,12366900	1561266875225	true	true	
87227	3,07700000	0,32500000	1,00002500	1561266969219	true	true	
87228	3,07700000	0,68100000	2,09543700	1561266969219	true	true	
87229	3,06100000	0,41400000	1,26725400	1561267301341	true	true	
87230	3,06900000	0,55200000	1,69408800	1561267600977	false	true	
87231	3,06900000	0,13700000	0,42045300	1561267602205	false	true	
87232	3,06900000	0,03400000	0,10434600	1561267603479	false	true	
87233	3,06300000	0,90200000	2,76282600	1561267953346	true	true	
87234	3,06100000	1,32400000	4,05276400	1561268034118	true	true	
87235	3,05500000	0,13200000	0,40326000	1561268650680	true	true	
87236	3,05500000	0,42900000	1,31059500	1561268670129	false	true	
87237	3,05500000	0,22800000	0,69654000	1561268670131	false	true	
87238	3,07900000	0,68100000	2,09679900	1561270249463	false	true	
87239	3,07500000	1,44900000	4,45567500	1561270817999	true	true	
87240	3,07500000	0,90700000	2,78902500	1561270817999	true	true	
87241	3,08300000	1,44000000	4,43952000	1561271267207	true	true	
87242	3,08300000	0,94400000	2,91035200	1561271267207	true	true	
87243	3,08700000	5,80500000	17,92003500	1561272520017	true	true	
87244	3,08700000	9,05100000	27,94043700	1561272533984	true	true	
87245	3,08700000	0,99000000	3,05613000	1561272539187	true	true	
87246	3,08700000	1,31800000	4,06866600	1561272539255	true	true	
87247	3,08700000	5,00500000	15,45043500	1561272539577	true	true	
87248	3,08700000	5,51600000	17,02789200	1561272549389	true	true	
87249	3,08700000	1,03400000	3,19195800	1561272551210	true	true	
87250	3,08700000	1,55100000	4,78793700	1561272551464	true	true	
87251	3,08700000	1,77400000	5,47633800	1561272551472	true	true	
87252	3,08700000	6,50000000	20,06550000	1561272562093	true	true	
87253	3,08700000	2,10700000	6,50430900	1561272565636	true	true	
87254	3,08700000	1,01600000	3,13639200	1561272566238	true	true	
87255	3,08700000	1,33200000	4,11188400	1561272567297	true	true	
87256	3,08700000	0,00100000	0,00308700	1561273082136	true	true	
87257	3,08700000	0,68300000	2,10842100	1561273082136	true	true	
87258	3,08300000	0,06200000	0,19114600	1561273082766	true	true	
87259	3,08300000	1,44800000	4,46418400	1561273082766	true	true	
87260	3,08300000	1,44800000	4,46418400	1561273082766	true	true	
87261	3,08300000	1,44800000	4,46418400	1561273082766	true	true	
87262	3,08300000	1,16100000	3,57936300	1561273082766	true	true	
87263	3,09500000	0,38800000	1,20086000	1561273291651	false	true	
87264	3,09500000	0,74900000	2,31815500	1561273291651	false	true	
87265	3,09600000	1,45200000	4,49539200	1561273291651	false	true	
87266	3,09600000	1,45200000	4,49539200	1561273291651	false	true	
87267	3,09600000	1,45200000	4,49539200	1561273291651	false	true	
87268	3,09600000	1,45200000	4,49539200	1561273291651	false	true	
87269	3,09700000	3,05500000	9,46133500	1561273291651	false	true	
87270	3,09600000	0,90200000	2,79259200	1561273710216	false	true	
87271	3,09200000	1,44000000	4,45248000	1561273870849	true	true	
87272	3,09200000	1,08400000	3,35172800	1561273870849	true	true	
87273	3,10100000	1,18700000	3,68088700	1561274782928	false	true	
87274	3,09000000	2,04400000	6,31596000	1561275259642	true	true	
87275	3,09700000	2,58400000	8,00264800	1561275267888	false	true	
87276	3,06800000	0,92500000	2,83790000	1561276194045	true	true	
87277	3,06900000	0,03400000	0,10434600	1561276499311	true	true	
87278	3,07800000	0,60700000	1,86834600	1561277337436	true	true	
87279	3,07900000	0,12900000	0,39719100	1561277736155	true	true	
87280	3,07100000	0,23000000	0,70633000	1561277820295	true	true	
87281	3,08200000	0,04000000	0,12328000	1561278567658	false	true	
87282	3,08600000	2,92300000	9,02037800	1561278567658	false	true	
87283	3,09000000	0,04000000	0,12360000	1561278567658	false	true	
87284	3,09400000	0,83200000	2,57420800	1561278567658	false	true	
87285	3,07200000	2,13300000	6,55257600	1561279173157	true	true	
87286	3,07200000	0,77500000	2,38080000	1561279173157	true	true	
87287	3,07100000	0,32500000	0,99807500	1561280696778	true	true	
87288	3,06800000	1,35700000	4,16327600	1561280815150	true	true	
87289	3,07300000	0,31300000	0,96184900	1561281585716	false	true	
87290	3,06000000	0,41700000	1,27602000	1561281872554	true	true	
87291	3,05900000	0,10900000	0,33343100	1561281897456	true	true	
87292	3,05900000	1,19600000	3,65856400	1561281899347	true	true	
87293	3,05900000	2,49500000	7,63220500	1561281917150	true	true	
87294	3,05600000	0,52800000	1,61356800	1561282022739	true	true	
87295	3,05500000	0,10100000	0,30855500	1561282096461	true	true	
87296	3,07600000	0,13600000	0,41833600	1561282345736	false	true	
87297	3,06200000	0,15100000	0,46236200	1561282656457	false	true	
87298	3,05500000	1,19200000	3,64156000	1561282861742	true	true	
87299	3,05100000	0,12800000	0,39052800	1561283107730	true	true	
87300	3,04600000	0,33600000	1,02345600	1561283519061	true	true	
87301	3,04600000	0,02600000	0,07919600	1561283519063	true	true	
87302	3,05000000	2,23400000	6,81370000	1561284609661	true	true	
87303	3,06200000	0,10100000	0,30926200	1561284911136	false	true	
87304	3,04600000	0,10100000	0,30764600	1561285211471	true	true	
87305	3,04600000	0,39900000	1,21535400	1561285370375	true	true	
87306	3,04600000	1,00000000	3,04600000	1561285460458	true	true	
87307	3,03900000	3,61900000	10,99814100	1561286379173	true	true	
87308	3,03900000	3,04700000	9,25983300	1561286379219	true	true	
87309	3,03700000	0,24000000	0,72888000	1561286379219	true	true	
87310	3,03700000	2,06500000	6,27140500	1561286379256	true	true	
87311	3,03600000	9,11800000	27,68224800	1561286379309	true	true	
87312	3,03600000	3,40600000	10,34061600	1561286379355	true	true	
87313	3,03600000	1,50000000	4,55400000	1561286379873	false	true	
87314	3,03600000	3,03500000	9,21426000	1561286380180	false	true	
87315	3,03600000	1,25600000	3,81321600	1561286380384	false	true	
87316	3,02900000	3,49700000	10,59241300	1561287326634	true	true	
87317	3,02700000	0,03400000	0,10291800	1561287471533	true	true	
87318	3,04200000	0,08100000	0,24640200	1561288695042	false	true	
87319	3,04300000	0,03800000	0,11563400	1561288937864	false	true	
87320	3,04400000	3,02700000	9,21418800	1561288995491	true	true	
87321	3,04400000	5,15600000	15,69486400	1561288996574	true	true	
87322	3,04400000	0,10200000	0,31048800	1561288999624	true	true	
87323	3,04400000	5,44900000	16,58675600	1561289001424	true	true	
87324	3,04300000	0,50100000	1,52454300	1561290597871	false	true	
87325	3,04300000	6,27000000	19,07961000	1561291483975	false	true	
87326	3,04300000	1,60400000	4,88097200	1561291486019	false	true	
87327	3,04300000	0,37700000	1,14721100	1561291663431	false	true	
87328	3,04300000	4,43000000	13,48049000	1561291884299	false	true	
87329	3,05500000	0,50000000	1,52750000	1561293392394	true	true	
87330	3,05300000	0,50000000	1,52650000	1561293392394	true	true	
87331	3,05300000	2,90800000	8,87812400	1561294006243	true	true	
87332	3,04500000	2,94700000	8,97361500	1561294319442	true	true	
87333	3,04400000	1,45100000	4,41684400	1561294319442	true	true	
87334	3,04400000	1,45100000	4,41684400	1561294319442	true	true	
87335	3,04400000	1,45100000	4,41684400	1561294319442	true	true	
87336	3,04400000	1,45100000	4,41684400	1561294319442	true	true	
87337	3,04300000	6,88800000	20,96018400	1561294319442	true	true	
87338	3,04500000	0,11900000	0,36235500	1561294340474	true	true	
87339	3,04500000	0,69400000	2,11323000	1561294490633	false	true	
87340	3,04400000	2,79200000	8,49884800	1561294490672	false	true	
87341	3,04400000	0,43100000	1,31196400	1561294490683	false	true	
87342	3,04400000	2,79200000	8,49884800	1561294490685	false	true	
87343	3,04400000	7,74300000	23,56969200	1561294490692	false	true	
87344	3,03200000	1,11000000	3,36552000	1561297539213	false	true	
87345	3,03200000	1,33200000	4,03862400	1561297539215	false	true	
87346	3,03200000	0,53000000	1,60696000	1561297539236	false	true	
87347	3,02300000	0,42600000	1,28779800	1561298058721	true	true	
87348	3,01900000	1,02100000	3,08239900	1561298408000	true	true	
87349	3,01800000	0,12800000	0,38630400	1561298408000	true	true	
87350	3,02800000	4,50000000	13,62600000	1561298867469	true	true	
87351	3,04300000	0,10300000	0,31342900	1561298867647	false	true	
87352	3,03900000	0,10300000	0,31301700	1561299010553	true	true	
87353	3,03500000	1,18500000	3,59647500	1561299272642	false	true	
87354	3,03900000	2,28500000	6,94411500	1561299326915	false	true	
87355	3,04700000	4,29400000	13,08381800	1561299521397	false	true	
87356	3,05100000	0,12800000	0,39052800	1561301072016	false	true	
87357	3,03900000	2,93700000	8,92554300	1561301161027	true	true	
87358	3,03800000	1,45600000	4,42332800	1561301172650	false	true	
87359	3,03800000	0,33900000	1,02988200	1561301172657	false	true	
87360	3,03800000	2,79700000	8,49728600	1561301175638	false	true	
87361	3,03800000	2,79700000	8,49728600	1561301175640	false	true	
87362	3,03800000	0,13900000	0,42228200	1561301175762	false	true	
87363	3,03800000	1,00200000	3,04407600	1561301175870	false	true	
87364	3,03800000	0,45900000	1,39444200	1561301176524	false	true	