67664	2,583	0,432	1,115856	1560307295433	0	1	0	
67665	2,583	0,043	0,111069	1560307295433	0	1	0	
67666	2,583	0,314	0,811062	1560307310682	0	1	0	
67667	2,584	0,247	0,638248	1560307458159	0	1	1	
67668	2,585	0,445	1,150325	1560307458159	0	1	2	
67669	2,589	0,445	1,152105	1560307525289	0	1	3	
67670	2,585	0,445	1,150325	1560307568554	1	1	-1	
67671	2,589	0,445	1,152105	1560307595032	0	1	1	
67672	2,591	0,763	1,976933	1560307614518	0	1	2	
67673	2,593	0,445	1,153885	1560307640359	0	1	3	
67674	2,597	0,445	1,155665	1560307659058	0	1	4	
67675	2,601	0,791	2,057391	1560307668135	0	1	5	
67676	2,601	0,791	2,057391	1560307668138	0	1	0	
67677	2,601	0,558	1,451358	1560307668142	0	1	0	
67678	2,602	0,366	0,952332	1560307668275	0	1	1	
67679	2,602	0,079	0,205558	1560307698572	0	1	0	
67680	2,606	0,445	1,15967	1560307704730	0	1	1	
67681	2,606	0,043	0,112058	1560307704730	0	1	0	
67682	2,61	0,445	1,16145	1560307715030	0	1	1	
67683	2,61	0,445	1,16145	1560307715030	0	1	0	
67684	2,61	0,044	0,11484	1560307715030	0	1	0	
67685	2,61	1,237	3,22857	1560307715030	0	1	0	
67686	2,614	0,445	1,16323	1560307752487	0	1	1	
67687	2,614	1,785	4,66599	1560307752487	0	1	0	
67688	2,618	0,445	1,16501	1560307757966	0	1	1	
67689	2,62	0,044	0,11528	1560307757966	0	1	2	
67690	2,62	2,161	5,66182	1560307757966	0	1	0	
67691	2,611	0,432	1,127952	1560307758971	1	1	-1	
67692	2,62	1,729	4,52998	1560307760772	0	1	1	
67693	2,622	0,445	1,16679	1560307760994	0	1	2	
67694	2,618	0,445	1,16501	1560307787047	1	1	-1	
67695	2,614	0,445	1,16323	1560307787047	1	1	-2	
67696	2,617	3,442	9,007714	1560307802224	0	1	1	
67697	2,61	0,445	1,16145	1560307819650	1	1	-1	
67698	2,61	0,044	0,11484	1560307819650	1	1	0	
67699	2,614	0,445	1,16323	1560307835414	0	1	1	
67700	2,618	0,139	0,363902	1560307836014	0	1	2	
67701	2,618	0,306	0,801108	1560307870982	0	1	0	
67702	2,62	0,044	0,11528	1560307872904	0	1	1	
67703	2,622	0,445	1,16679	1560307872904	0	1	2	
67704	2,618	0,445	1,16501	1560307923589	1	1	-1	
67705	2,617	3,434	8,986778	1560307923589	1	1	-2	
67706	2,615	3,439	8,992985	1560307949548	1	1	-3	
67707	2,615	3,433	8,977295	1560307949548	1	1	0	
67708	2,614	0,445	1,16323	1560307949548	1	1	-1	
67709	2,614	3,437	8,984318	1560307949548	1	1	0	
67710	2,618	0,115	0,30107	1560307987052	0	1	1	
67711	2,618	0,175	0,45815	1560307991482	0	1	0	
67712	2,618	0,155	0,40579	1560307991579	0	1	0	
67713	2,621	3,421	8,966441	1560307998392	0	1	1	
67714	2,622	0,285	0,74727	1560307999524	0	1	2	
67715	2,622	0,16	0,41952	1560307999642	0	1	0	
67716	2,625	0,175	0,459375	1560308010959	0	1	1	
67717	2,626	0,445	1,16857	1560308013783	0	1	2	
67718	2,622	0,445	1,16679	1560308069878	1	1	-1	
67719	2,618	0,445	1,16501	1560308110208	1	1	-2	
67720	2,622	0,445	1,16679	1560308236766	0	1	1	
67721	2,618	0,445	1,16501	1560308395669	1	1	-1	
67722	2,622	0,445	1,16679	1560308519674	0	1	1	
67723	2,626	0,247	0,648622	1560308554599	0	1	2	
67724	2,618	0,445	1,16501	1560308639820	1	1	-1	
67725	2,615	1,071	2,800665	1560308639820	1	1	-2	
67726	2,614	0,445	1,16323	1560308879480	1	1	-3	
67727	2,61	0,445	1,16145	1560308883346	1	1	-4	
67728	2,61	0,044	0,11484	1560308883346	1	1	0	
67729	2,606	0,139	0,362234	1560309015076	1	1	-1	
67730	2,606	0,306	0,797436	1560309127297	1	1	0	
67731	2,602	0,445	1,15789	1560309160328	1	1	-1	
67732	2,606	0,445	1,15967	1560309318503	0	1	1	
67733	2,602	0,445	1,15789	1560309395481	1	1	-1	
67734	2,6	0,044	0,1144	1560309540250	1	1	-2	
67735	2,597	0,445	1,155665	1560309585707	1	1	-3	
67736	2,595	0,175	0,454125	1560309589721	1	1	-4	
67737	2,602	0,445	1,15789	1560309754851	0	1	1	
67738	2,602	0,097	0,252394	1560309754851	0	1	0	
67739	2,597	0,445	1,155665	1560309758568	1	1	-1	
67740	2,593	0,445	1,153885	1560309789844	1	1	-2	
67741	2,597	0,445	1,155665	1560309830804	0	1	1	
67742	2,602	0,253	0,658306	1560309857786	0	1	2	
67743	2,593	0,445	1,153885	1560310065260	1	1	-1	
67744	2,593	1,627	4,218811	1560310065260	1	1	0	
67745	2,597	0,445	1,155665	1560310149337	0	1	1	
67746	2,597	0,684	1,776348	1560310149337	0	1	0	
67747	2,602	0,192	0,499584	1560310171763	0	1	1	
67748	2,597	0,445	1,155665	1560310221872	1	1	-1	
67749	2,593	0,445	1,153885	1560310272846	1	1	-2	
67750	2,589	0,445	1,152105	1560310406908	1	1	-3	
67751	2,589	1,228	3,179292	1560310743537	0	1	0	
67752	2,589	1,335	3,456315	1560310743781	0	1	0	
67753	2,593	0,445	1,153885	1560311012535	0	1	1	
67754	2,597	0,369	0,958293	1560311050931	0	1	2	
67755	2,597	0,076	0,197372	1560311051694	0	1	0	
67756	2,602	0,063	0,163926	1560311051694	0	1	1	
67757	2,602	0,382	0,993964	1560311186968	0	1	0	
67758	2,606	0,445	1,15967	1560311319392	0	1	1	
67759	2,607	3,458	9,015006	1560311319392	0	1	2	
67760	2,609	3,454	9,011486	1560311323396	0	1	3	
67761	2,609	3,453	9,008877	1560311325540	0	1	0	
67762	2,61	0,445	1,16145	1560311343190	0	1	1	
67763	2,61	0,044	0,11484	1560311343190	0	1	0	
67764	2,614	0,445	1,16323	1560311403337	0	1	1	
67765	2,618	0,4	1,0472	1560311410696	0	1	2	
67766	2,618	0,045	0,11781	1560311418715	0	1	0	
67767	2,614	3,441	8,994774	1560311439608	1	1	-1	
67768	2,614	0,445	1,16323	1560311439608	1	1	0	
67769	2,618	0,092	0,240856	1560311527424	0	1	1	
67770	2,618	0,353	0,924154	1560311528892	0	1	0	
67771	2,62	0,044	0,11528	1560311542234	0	1	1	
67772	2,622	0,445	1,16679	1560311552698	0	1	2	
67773	2,624	3,436	9,016064	1560311552698	0	1	3	
67774	2,625	0,175	0,459375	1560311579412	0	1	4	
67775	2,626	0,198	0,519948	1560311638307	0	1	5	
67776	2,626	3,313	8,699938	1560311735472	1	1	0	
67777	2,624	1,087	2,852288	1560311800964	1	1	-1	
67778	2,622	0,139	0,364458	1560311965740	1	1	-2	
67779	2,624	2,986	7,835264	1560312228089	1	1	1	
67780	2,63	0,445	1,17035	1560312238084	0	1	2	
67781	2,631	0,044	0,115764	1560312248337	0	1	3	
67782	2,632	0,042	0,110544	1560312316586	0	1	4	
67783	2,634	0,445	1,17213	1560312336229	0	1	5	
67784	2,636	3,422	9,020392	1560312336229	0	1	6	
67785	2,633	1,14	3,00162	1560312351686	1	1	-1	
67786	2,638	0,445	1,17391	1560312418138	0	1	1	
67787	2,641	0,044	0,116204	1560312437532	0	1	2	
67788	2,642	0,234	0,618228	1560312462649	0	1	3	
67789	2,64	1,137	3,00168	1560312490335	1	1	-1	
67790	2,638	0,445	1,17391	1560312610628	1	1	-2	
67791	2,642	0,445	1,17569	1560312652435	0	1	1	
67792	2,646	0,171	0,452466	1560312734234	0	1	2	
67793	2,646	0,274	0,725004	1560312786068	0	1	0	
67794	2,651	0,445	1,179695	1560312798052	0	1	1	
67795	2,651	0,044	0,116644	1560312798052	0	1	0	
67796	2,655	0,445	1,181475	1560312851447	0	1	1	
67797	2,655	0,175	0,464625	1560312851447	0	1	0	
67798	2,658	0,109	0,289722	1560312856351	0	1	1	
67799	2,658	0,011	0,029238	1560312862852	0	1	0	
67800	2,659	0,027	0,071793	1560312862852	0	1	1	
67801	2,659	0,538	1,430542	1560312878535	0	1	0	
67802	2,659	0,445	1,183255	1560312878535	0	1	0	
67803	2,659	0,042	0,111678	1560312878535	0	1	0	
67804	2,657	0,504	1,339128	1560312916137	1	1	-1	
67805	2,656	0,577	1,532512	1560312919547	1	1	-2	
67806	2,655	0,445	1,181475	1560312944260	1	1	-3	
67807	2,655	0,114	0,30267	1560313061081	0	1	0	
67808	2,651	0,445	1,179695	1560313113098	1	1	-1	
67809	2,646	0,445	1,17747	1560313246940	1	1	-2	
67810	2,651	0,445	1,179695	1560313369905	0	1	1	
67811	2,655	3,047	8,089785	1560313382880	0	1	2	
67812	2,655	0,445	1,181475	1560313382880	0	1	0	
67813	2,654	3,272	8,683888	1560313413455	1	1	-1	
67814	2,659	0,226	0,600934	1560313477417	0	1	1	
67815	2,659	0,219	0,582321	1560313477574	0	1	0	
67816	2,662	0,044	0,117128	1560313490812	0	1	1	
67817	2,663	0,445	1,185035	1560313490812	0	1	2	
67818	2,667	0,445	1,186815	1560313490812	0	1	3	
67819	2,667	3,056	8,150352	1560313490832	1	1	0	
67820	2,663	0,445	1,185035	1560313492782	1	1	-1	
67821	2,667	0,157	0,418719	1560313513230	0	1	1	
67822	2,659	0,445	1,183255	1560313629953	1	1	-1	
67823	2,659	0,559	1,486381	1560313848639	0	1	0	
67824	2,655	0,445	1,181475	1560313959292	1	1	-1	
67825	2,655	2,594	6,88707	1560313959514	0	1	0	
67826	2,655	1,066	2,83023	1560313959918	0	1	0	
67827	2,651	0,445	1,179695	1560314196539	1	1	-1	
67828	2,651	0,044	0,116644	1560314196539	1	1	0	
67829	2,646	0,445	1,17747	1560314504635	1	1	-1	
67830	2,642	0,445	1,17569	1560314559650	1	1	-2	
67831	2,641	0,044	0,116204	1560314559650	1	1	-3	
67832	2,64	0,795	2,0988	1560314562716	1	1	-4	
67833	2,638	0,378	0,997164	1560314587359	1	1	-5	
67834	2,638	0,067	0,176746	1560314596341	1	1	0	
67835	2,634	0,445	1,17213	1560314652489	1	1	-1	
67836	2,631	0,044	0,115764	1560314760025	1	1	-2	
67837	2,631	0,565	1,486515	1560314760025	1	1	0	
67838	2,63	0,445	1,17035	1560314837927	1	1	-1	
67839	2,626	0,445	1,16857	1560314860146	1	1	-2	
67840	2,625	0,175	0,459375	1560314860146	1	1	-3	
67841	2,622	0,306	0,802332	1560314874481	1	1	-4	
67842	2,62	0,044	0,11528	1560314887348	1	1	-5	
67843	2,618	0,013	0,034034	1560314887348	1	1	-6	
67844	2,619	0,057	0,149283	1560315256130	1	1	1	
67845	2,625	0,057	0,149625	1560315351484	0	1	2	
67846	2,626	0,443	1,163318	1560315351484	0	1	3	
67847	2,625	0,346	0,90825	1560315428510	0	1	-1	
67848	2,618	0,432	1,130976	1560315432796	1	1	-2	
67849	2,622	0,445	1,16679	1560315514965	0	1	1	
67850	2,618	0,403	1,055054	1560315662864	1	1	-1	
67851	2,622	0,05	0,1311	1560315667490	1	1	1	
67852	2,622	2,324	6,093528	1560315691825	1	1	0	
67853	2,621	0,13	0,34073	1560315848545	0	1	-1	
67854	2,621	0,057	0,149397	1560315889687	0	1	0	
67855	2,622	0,247	0,647634	1560315891920	0	1	1	
67856	2,626	0,002	0,005252	1560315940731	0	1	2	
67857	2,626	0,13	0,34138	1560315987653	1	1	0	
67858	2,626	0,057	0,149682	1560315991463	1	1	0	
67859	2,63	0,445	1,17035	1560315999783	0	1	1	
67860	2,63	1,237	3,25331	1560315999783	0	1	0	
67861	2,627	3,262	8,569274	1560316008789	1	1	-1	
67862	2,631	0,565	1,486515	1560316082698	0	1	1	
67863	2,631	0,044	0,115764	1560316082698	0	1	0	
67864	2,634	0,445	1,17213	1560316092179	0	1	1	
67865	2,63	0,051	0,13413	1560316188294	1	1	-1	
67866	2,63	0,394	1,03622	1560316339537	1	1	0	
67867	2,629	0,13	0,34177	1560316527591	0	1	-1	
67868	2,63	1,901	4,99963	1560316550176	0	1	1	
67869	2,63	1,099	2,89037	1560316550347	0	1	0	
67870	2,631	0,079	0,207849	1560316767806	0	1	1	
67871	2,629	0,13	0,34177	1560317079378	0	1	-1	
67872	2,634	0,445	1,17213	1560317156748	0	1	1	
67873	2,633	0,051	0,134283	1560317250794	0	1	-1	
67874	2,63	0,445	1,17035	1560318083672	1	1	-2	
67875	2,633	4,371	11,508843	1560318251653	0	1	1	
67876	2,634	0,445	1,17213	1560318251653	0	1	2	
67877	2,636	0,057	0,150252	1560318251653	0	1	3	
67878	2,638	0,445	1,17391	1560318251653	0	1	4	
67879	2,638	0,682	1,799116	1560318251653	0	1	0	
67880	2,634	0,445	1,17213	1560318255336	1	1	-1	
67881	2,63	0,2	0,526	1560318255963	1	1	-2	
67882	2,63	0,245	0,64435	1560318256069	1	1	0	
67883	2,626	0,445	1,16857	1560318412449	1	1	-1	
67884	2,63	0,445	1,17035	1560319189097	0	1	1	
67885	2,626	0,755	1,98263	1560319268267	1	1	-1	
67886	2,626	2,065	5,42269	1560319386540	1	1	0	
67887	2,626	0,445	1,16857	1560319386540	1	1	0	
67888	2,622	0,445	1,16679	1560319442517	1	1	-1	
67889	2,62	0,044	0,11528	1560319758235	1	1	-2	
67890	2,618	0,042	0,109956	1560319769485	1	1	-3	
67891	2,614	0,248	0,648272	1560319796272	1	1	-4	
67892	2,614	0,197	0,514958	1560319799217	1	1	0	
67893	2,61	0,445	1,16145	1560319879351	1	1	-1	
67894	2,61	0,044	0,11484	1560319879351	1	1	0	
67895	2,606	0,248	0,646288	1560320221237	1	1	-1	
67896	2,613	0,248	0,648024	1560320485589	0	1	1	
67897	2,614	0,894	2,336916	1560320486719	0	1	2	
67898	2,614	0,445	1,16323	1560320486719	0	1	0	
67899	2,618	1,125	2,94525	1560320615791	0	1	1	
67900	2,618	1,125	2,94525	1560320615793	0	1	0	
67901	2,618	0,299	0,782782	1560320624621	0	1	0	
67902	2,618	0,445	1,16501	1560320624621	0	1	0	
67903	2,617	0,248	0,649016	1560320657715	0	1	-1	
67904	2,62	0,044	0,11528	1560320670095	0	1	1	
67905	2,622	0,445	1,16679	1560320683452	0	1	2	
67906	2,626	0,445	1,16857	1560320741782	0	1	3	
67907	2,622	0,445	1,16679	1560321017761	1	1	-1	
67908	2,618	0,445	1,16501	1560321146461	1	1	-2	
67909	2,622	0,07	0,18354	1560321415343	0	1	1	
67910	2,622	0,375	0,98325	1560321522331	0	1	0	
67911	2,626	0,494	1,297244	1560321633250	0	1	1	
67912	2,626	0,445	1,16857	1560321633250	0	1	0	
67913	2,63	0,445	1,17035	1560321668338	0	1	1	
67914	2,631	0,044	0,115764	1560321692259	0	1	2	
67915	2,631	0,795	2,091645	1560321692259	0	1	0	
67916	2,634	0,445	1,17213	1560321830359	0	1	1	
67917	2,638	0,445	1,17391	1560321928187	0	1	2	
67918	2,641	0,044	0,116204	1560322019016	0	1	3	
67919	2,642	0,445	1,17569	1560322019113	0	1	4	
67920	2,646	0,445	1,17747	1560322085520	0	1	5	
67921	2,642	0,445	1,17569	1560322148937	1	1	-1	
67922	2,638	0,445	1,17391	1560322185359	1	1	-2	
67923	2,636	0,381	1,004316	1560322185359	1	1	-3	
67924	2,634	0,445	1,17213	1560323151145	1	1	-4	
67925	2,633	1,173	3,088509	1560323187158	1	1	-5	
67926	2,631	0,044	0,115764	1560323298621	1	1	-6	
67927	2,63	0,445	1,17035	1560323298621	1	1	-7	
67928	2,628	3,416	8,977248	1560323298621	1	1	-8	
67929	2,626	0,445	1,16857	1560323298621	1	1	-9	
67930	2,622	0,445	1,16679	1560323298621	1	1	-10	
67931	2,622	2,322	6,088284	1560323298621	1	1	0	
67932	2,626	0,445	1,16857	1560323301725	1	1	1	
67933	2,63	0,445	1,17035	1560323305107	0	1	2	
67934	2,63	0,5	1,315	1560323551723	1	1	0	
67935	2,626	0,445	1,16857	1560323641825	1	1	-1	
67936	2,622	0,445	1,16679	1560323750383	1	1	-2	
67937	2,621	3,533	9,259993	1560323761417	1	1	-3	
67938	2,621	0,727	1,905467	1560323827496	1	1	0	
67939	2,621	0,778	2,039138	1560323827740	1	1	0	
67940	2,621	3,082	8,077922	1560323831579	1	1	0	
67941	2,62	0,044	0,11528	1560324048222	1	1	-1	
67942	2,618	0,445	1,16501	1560324233296	1	1	-2	
67943	2,614	0,445	1,16323	1560324321400	1	1	-3	
67944	2,61	0,445	1,16145	1560324671895	1	1	-4	
67945	2,61	0,044	0,11484	1560324671895	1	1	0	
67946	2,606	0,197	0,513382	1560324742675	1	1	-1	
67947	2,606	1,232	3,210592	1560324772724	0	1	0	
67948	2,605	0,176	0,45848	1560324828016	0	1	-1	
67949	2,605	0,302	0,78671	1560324828127	0	1	0	
67950	2,61	0,268	0,69948	1560324917717	0	1	1	
67951	2,61	0,177	0,46197	1560324921385	0	1	0	
67952	2,61	0,478	1,24758	1560325213879	0	1	0	
67953	2,612	0,425	1,1101	1560325217052	0	1	1	
67954	2,614	0,445	1,16323	1560325223023	0	1	2	
67955	2,61	0,445	1,16145	1560325343410	1	1	-1	
67956	2,61	0,944	2,46384	1560325343410	1	1	0	
67957	2,613	0,425	1,110525	1560325414560	0	1	1	
67958	2,611	0,478	1,248058	1560325468978	0	1	-1	
67959	2,614	0,1	0,2614	1560325487163	0	1	1	
67960	2,614	0,345	0,90183	1560325487791	0	1	0	
67961	2,618	0,295	0,77231	1560325554005	0	1	1	
67962	2,617	0,478	1,250926	1560325663636	0	1	-1	
67963	2,615	0,111	0,290265	1560325865401	0	1	-2	
67964	2,615	0,314	0,82111	1560325890645	0	1	0	
67965	2,616	0,425	1,1118	1560326110679	0	1	1	
67966	2,617	0,478	1,250926	1560326122685	0	1	2	
67967	2,616	0,15	0,3924	1560326145860	0	1	-1	
67968	2,618	0,15	0,3927	1560326157725	0	1	1	
67969	2,62	0,044	0,11528	1560326160399	0	1	2	
67970	2,62	0,337	0,88294	1560326160399	0	1	0	
67971	2,62	0,512	1,34144	1560326165590	0	1	0	
67972	2,615	0,382	0,99893	1560326173078	1	1	-1	
67973	2,615	3,437	8,987755	1560326346972	1	1	0	
67974	2,621	0,48	1,25808	1560326518875	0	1	1	
67975	2,622	0,445	1,16679	1560326600521	0	1	2	
67976	2,626	0,041	0,107666	1560327653173	0	1	3	
67977	2,62	0,304	0,79648	1560327719941	1	1	-1	
67978	2,618	0,4	1,0472	1560327978747	1	1	-2	
67979	2,618	0,045	0,11781	1560328173189	1	1	0	
67980	2,618	0,322	0,842996	1560328173189	1	1	0	
67981	2,622	0,445	1,16679	1560328175734	0	1	1	
67982	2,626	0,404	1,060904	1560328253154	0	1	2	
67983	2,626	1	2,626	1560328253154	0	1	0	
67984	2,63	0,445	1,17035	1560328255191	0	1	1	
67985	2,631	0,044	0,115764	1560328255191	0	1	2	
67986	2,634	0,445	1,17213	1560328298226	0	1	3	
67987	2,638	0,445	1,17391	1560328460396	0	1	4	
67988	2,634	0,445	1,17213	1560328573537	1	1	-1	
67989	2,63	0,041	0,10783	1560328831284	1	1	-2	
67990	2,63	0,404	1,06252	1560329887072	1	1	0	
67991	2,627	1,594	4,187438	1560329887072	1	1	-1	
67992	2,627	3,002	7,886254	1560329887072	1	1	0	
67993	2,634	0,385	1,01409	1560330321957	0	1	1	
67994	2,634	0,06	0,15804	1560330343329	0	1	0	
67995	2,63	0,445	1,17035	1560330516948	1	1	-1	
67996	2,634	0,445	1,17213	1560330732789	0	1	1	
67997	2,636	3,419	9,012484	1560330732789	0	1	2	
67998	2,636	3,144	8,287584	1560330732814	1	1	0	
67999	2,636	2,379	6,271044	1560330732816	1	1	0	
68000	2,636	0,455	1,19938	1560330732820	1	1	0	
68001	2,636	1,668	4,396848	1560330732826	1	1	0	
68002	2,63	0,445	1,17035	1560330810304	1	1	-1	
68003	2,626	0,445	1,16857	1560330834674	1	1	-2	
68004	2,622	0,445	1,16679	1560330841997	1	1	-3	
68005	2,622	1,401	3,673422	1560330859900	0	1	0	
68006	2,626	0,445	1,16857	1560330905395	0	1	1	
68007	2,622	0,445	1,16679	1560330997825	1	1	-1	
68008	2,62	0,044	0,11528	1560331002413	1	1	-2	
68009	2,618	0,445	1,16501	1560331019437	1	1	-3	
68010	2,618	0,047	0,123046	1560331019437	1	1	0	
68011	2,616	0,802	2,098032	1560331023213	1	1	-1	
68012	2,614	0,445	1,16323	1560331063392	1	1	-2	
68013	2,618	0,445	1,16501	1560331098594	0	1	1	
68014	2,614	0,445	1,16323	1560331267759	1	1	-1	
68015	2,61	0,445	1,16145	1560331354815	1	1	-2	
68016	2,61	0,044	0,11484	1560331354815	1	1	0	
68017	2,609	3,442	8,980178	1560331354815	1	1	-1	
68018	2,608	0,063	0,164304	1560331354815	1	1	-2	
68019	2,608	1,428	3,724224	1560331354815	1	1	0	
68020	2,614	0,445	1,16323	1560331405151	0	1	1	
68021	2,61	0,047	0,12267	1560332056480	1	1	-1	
68022	2,61	0,398	1,03878	1560332648772	1	1	0	
68023	2,606	0,445	1,15967	1560332783247	1	1	-1	
68024	2,604	3,45	8,9838	1560332783247	1	1	-2	
68025	2,603	0,565	1,470695	1560332783247	1	1	-3	
68026	2,602	0,445	1,15789	1560332783247	1	1	-4	
68027	2,601	4,736	12,318336	1560332783247	1	1	-5	
68028	2,606	0,445	1,15967	1560332785178	0	1	1	
68029	2,606	0,565	1,47239	1560332877521	0	1	0	
68030	2,61	0,445	1,16145	1560332961542	0	1	1	
68031	2,606	0,445	1,15967	1560333438124	1	1	-1	
68032	2,602	0,445	1,15789	1560333478722	1	1	-2	
68033	2,6	0,044	0,1144	1560333478722	1	1	-3	
68034	2,598	1,605	4,16979	1560333483417	1	1	-4	
68035	2,597	0,157	0,407729	1560333608356	1	1	-5	
68036	2,606	0,445	1,15967	1560334174953	0	1	1	
68037	2,61	0,157	0,40977	1560334175506	0	1	2	
68038	2,61	0,288	0,75168	1560334246456	0	1	0	
68039	2,61	0,044	0,11484	1560334246456	0	1	0	
68040	2,61	1,125	2,93625	1560334380575	1	1	0	
68041	2,61	1,125	2,93625	1560334380580	1	1	0	
68042	2,61	1,308	3,41388	1560334380599	1	1	0	
68043	2,606	0,445	1,15967	1560334483030	1	1	-1	
68044	2,61	0,445	1,16145	1560335033658	0	1	1	
68045	2,613	12,374	32,333262	1560335033658	0	1	2	
68046	2,606	0,445	1,15967	1560335045423	1	1	-1	
68047	2,602	0,445	1,15789	1560335616000	1	1	-2	
68048	2,606	0,445	1,15967	1560337664817	0	1	1	
68049	2,61	0,445	1,16145	1560339268827	0	1	2	
68050	2,614	0,445	1,16323	1560340155047	0	1	3	
68051	2,618	0,445	1,16501	1560340195985	0	1	4	
68052	2,62	0,044	0,11528	1560340223643	0	1	5	
68053	2,622	0,445	1,16679	1560340226689	0	1	6	
68054	2,618	0,445	1,16501	1560340669401	1	1	-1	
68055	2,615	0,555	1,451325	1560340669401	1	1	-2	
68056	2,622	0,445	1,16679	1560340705482	0	1	1	
68057	2,626	0,445	1,16857	1560340773704	0	1	2	
68058	2,628	0,802	2,107656	1560340922727	0	1	3	
68059	2,63	0,41	1,0783	1560340930336	0	1	4	
68060	2,63	0,035	0,09205	1560340960195	0	1	0	
68061	2,631	0,044	0,115764	1560340965873	0	1	1	
68062	2,633	0,063	0,165879	1560340965873	0	1	2	
68063	2,634	0,445	1,17213	1560340965873	0	1	3	
68064	2,63	0,445	1,17035	1560340996550	1	1	-1	
68065	2,63	1,134	2,98242	1560340996550	1	1	0	
68066	2,634	0,241	0,634794	1560341003396	0	1	1	
68067	2,628	0,494	1,298232	1560341054562	1	1	-1	
68068	2,634	0,204	0,537336	1560341252113	0	1	1	
68069	2,638	0,445	1,17391	1560341282513	0	1	2	
68070	2,64	0,379	1,00056	1560341283030	0	1	3	
68071	2,64	1,262	3,33168	1560341301129	1	1	0	
68072	2,64	1,459	3,85176	1560341301129	1	1	0	
68073	2,64	0,097	0,25608	1560341301156	1	1	0	
68074	2,64	1,046	2,76144	1560341301185	1	1	0	
68075	2,64	0,053	0,13992	1560341301278	1	1	0	
68076	2,64	1,125	2,97	1560341301292	1	1	0	
68077	2,64	1,125	2,97	1560341301301	1	1	0	
68078	2,64	0,631	1,66584	1560341301471	1	1	0	
68079	2,634	0,038	0,100092	1560341301473	1	1	-1	
68080	2,634	0,407	1,072038	1560341383188	1	1	0	
68081	2,634	1,125	2,96325	1560341429735	0	1	0	
68082	2,634	1,125	2,96325	1560341429743	0	1	0	
68083	2,63	0,445	1,17035	1560341531086	1	1	-1	
68084	2,629	1,612	4,237948	1560341531086	1	1	-2	
68085	2,629	1,087	2,857723	1560341531086	1	1	0	
68086	2,629	0,525	1,380225	1560341531089	1	1	0	
68087	2,629	1,612	4,237948	1560341531089	1	1	0	
68088	2,629	0,242	0,636218	1560341531089	1	1	0	
68089	2,629	0,519	1,364451	1560341531117	1	1	0	
68090	2,629	0,851	2,237279	1560341531147	1	1	0	
68091	2,626	0,445	1,16857	1560341552198	1	1	-1	
68092	2,626	0,07	0,18382	1560341552886	0	1	0	
68093	2,63	0,445	1,17035	1560341732205	0	1	1	
68094	2,634	0,445	1,17213	1560341884629	0	1	2	
68095	2,638	0,445	1,17391	1560341932829	0	1	3	
68096	2,641	0,044	0,116204	1560341965294	0	1	4	
68097	2,641	0,593	1,566113	1560341965294	0	1	0	
68098	2,642	0,445	1,17569	1560341965294	0	1	1	
68099	2,645	1	2,645	1560341965294	0	1	2	
68100	2,638	0,445	1,17391	1560342021889	1	1	-1	
68101	2,636	0,157	0,413852	1560342022877	1	1	-2	
68102	2,635	2,697	7,106595	1560342082343	1	1	-3	
68103	2,634	0,445	1,17213	1560342157712	1	1	-4	
68104	2,638	0,322	0,849436	1560342633969	0	1	1	
68105	2,638	0,123	0,324474	1560342635687	0	1	0	
68106	2,634	0,418	1,101012	1560342718936	1	1	-1	
68107	2,634	0,027	0,071118	1560342838069	1	1	0	
68108	2,633	1,489	3,920537	1560342838069	1	1	-1	
68109	2,633	0,029	0,076357	1560343044810	1	1	0	
68110	2,631	0,044	0,115764	1560343081591	1	1	-1	
68111	2,63	0,445	1,17035	1560343081591	1	1	-2	
68112	2,626	0,445	1,16857	1560343107334	1	1	-3	
68113	2,626	1,2	3,1512	1560343107334	1	1	0	
68114	2,622	0,053	0,138966	1560343624518	1	1	-1	
68115	2,622	0,392	1,027824	1560343868034	1	1	0	
68116	2,622	3,626	9,507372	1560343868034	1	1	0	
68117	2,62	0,044	0,11528	1560343868039	1	1	-1	
68118	2,618	0,426	1,115268	1560343868039	1	1	-2	
68119	2,626	0,121	0,317746	1560344336812	0	1	1	
68120	2,626	0,324	0,850824	1560344504480	0	1	0	
68121	2,63	0,445	1,17035	1560344583618	0	1	1	
68122	2,631	0,044	0,115764	1560344762323	0	1	2	
68123	2,634	0,098	0,258132	1560345016479	0	1	3	
68124	2,634	0,347	0,913998	1560345233854	0	1	0	
68125	2,634	1,741	4,585794	1560345233854	0	1	0	
68126	2,63	0,445	1,17035	1560345332771	1	1	-1	
68127	2,627	0,5	1,3135	1560345861815	1	1	-2	
68128	2,626	0,445	1,16857	1560345861815	1	1	-3	
68129	2,625	0,825	2,165625	1560345861815	1	1	-4	
68130	2,63	0,445	1,17035	1560346006210	0	1	1	
68131	2,634	0,445	1,17213	1560346140511	0	1	2	
68132	2,63	0,473	1,24399	1560346237894	1	1	-1	
68133	2,638	0,445	1,17391	1560346447937	0	1	1	
68134	2,638	1,555	4,10209	1560346447937	0	1	0	
68135	2,634	0,44	1,15896	1560346450906	1	1	-1	
68136	2,634	0,005	0,01317	1560346451942	1	1	0	
68137	2,638	0,445	1,17391	1560347058213	0	1	1	
68138	2,641	0,044	0,116204	1560347390239	0	1	2	
68139	2,642	0,445	1,17569	1560347715078	0	1	3	
68140	2,646	0,061	0,161406	1560347747745	0	1	4	
68141	2,638	0,445	1,17391	1560348069932	1	1	-1	
68142	2,634	0,445	1,17213	1560348070370	1	1	-2	
68143	2,638	0,445	1,17391	1560348339644	0	1	1	
68144	2,634	0,445	1,17213	1560348927786	1	1	-1	
68145	2,638	0,445	1,17391	1560348974131	0	1	1	
68146	2,634	0,445	1,17213	1560349010363	1	1	-1	
68147	2,631	0,044	0,115764	1560349064521	1	1	-2	
68148	2,63	0,027	0,07101	1560349139180	1	1	-3	
68149	2,63	0,445	1,17035	1560349139180	1	1	0	
68150	2,626	0,078	0,204828	1560349769502	1	1	-1	
68151	2,626	0,367	0,963742	1560349770360	1	1	0	
68152	2,624	1,878	4,927872	1560349794748	1	1	-1	
68153	2,624	2,631	6,903744	1560349794811	1	1	0	
68154	2,624	1,878	4,927872	1560349794814	1	1	0	
68155	2,624	2,613	6,856512	1560349794860	1	1	0	
68156	2,622	0,445	1,16679	1560349810302	1	1	-1	
68157	2,62	0,044	0,11528	1560349857941	1	1	-2	
68158	2,619	0,04	0,10476	1560349864227	1	1	-3	
68159	2,618	0,019	0,049742	1560349893583	1	1	-4	
68160	2,614	0,445	1,16323	1560349961135	1	1	-5	
68161	2,618	3,439	9,003302	1560350002223	0	1	1	
68162	2,618	0,445	1,16501	1560350002223	0	1	0	
68163	2,622	0,445	1,16679	1560350140763	0	1	1	
68164	2,623	4,25	11,14775	1560350207305	0	1	2	
68165	2,618	0,445	1,16501	1560350307243	1	1	-1	
68166	2,622	0,127	0,332994	1560350468825	0	1	1	
68167	2,62	0,1	0,262	1560350954990	0	1	-1	
68168	2,614	0,445	1,16323	1560351032302	1	1	-2	
68169	2,614	1,683	4,399362	1560351130366	1	1	0	
68170	2,61	0,445	1,16145	1560351349031	1	1	-1	
68171	2,61	0,044	0,11484	1560351349031	1	1	0	
68172	2,608	0,053	0,138224	1560351635648	1	1	-1	
68173	2,606	0,445	1,15967	1560351635648	1	1	-2	
68174	2,606	1,183	3,082898	1560351635648	1	1	0	
68175	2,61	0,445	1,16145	1560351641238	0	1	1	
68176	2,614	0,445	1,16323	1560351944780	0	1	2	
68177	2,615	3,448	9,01652	1560351944780	0	1	3	
68178	2,618	0,3	0,7854	1560352117313	0	1	4	
68179	2,618	0,145	0,37961	1560352122793	0	1	0	
68180	2,62	0,044	0,11528	1560352238166	0	1	1	
68181	2,622	0,318	0,833796	1560352238675	0	1	2	
68182	2,626	0,445	1,16857	1560352261755	0	1	3	
68183	2,63	0,445	1,17035	1560352262261	0	1	4	
68184	2,63	3,983	10,47529	1560352262261	0	1	0	
68185	2,631	0,044	0,115764	1560352286429	0	1	1	
68186	2,634	0,445	1,17213	1560352290144	0	1	2	
68187	2,638	0,445	1,17391	1560352299183	0	1	3	
68188	2,641	0,044	0,116204	1560352310922	0	1	4	
68189	2,642	0,445	1,17569	1560352312407	0	1	5	
68190	2,642	0,5	1,321	1560352312407	0	1	0	
68191	2,646	0,384	1,016064	1560352330909	0	1	1	
68192	2,642	0,428	1,130776	1560352378163	1	1	-1	
68193	2,642	0,017	0,044914	1560352390539	1	1	0	
68194	2,638	0,445	1,17391	1560352397894	1	1	-1	
68195	2,642	0,445	1,17569	1560352407440	0	1	1	
68196	2,646	0,445	1,17747	1560352543229	0	1	2	
68197	2,651	0,109	0,288959	1560352566602	0	1	3	
68198	2,642	0,445	1,17569	1560352599257	1	1	-1	
68199	2,638	0,445	1,17391	1560352601867	1	1	-2	
68200	2,642	0,445	1,17569	1560352616529	0	1	1	
68201	2,642	0,445	1,17569	1560352616529	0	1	0	
68202	2,638	0,445	1,17391	1560352698641	1	1	-1	
68203	2,638	2,611	6,887818	1560352750951	0	1	0	
68204	2,642	0,14	0,36988	1560352751175	0	1	1	
68205	2,638	1,166	3,075908	1560352767449	1	1	-1	
68206	2,638	1,417	3,738046	1560352805705	1	1	0	
68207	2,641	6,088	16,078408	1560352893250	0	1	1	
68208	2,641	4,468	11,799988	1560352893337	0	1	0	
68209	2,641	1,62	4,27842	1560352893441	0	1	0	
68210	2,641	0,715	1,888315	1560352893544	0	1	0	
68211	2,641	2,188	5,778508	1560352893650	0	1	0	
68212	2,634	0,445	1,17213	1560352958443	1	1	-1	
68213	2,631	0,044	0,115764	1560353169827	1	1	-2	
68214	2,63	0,445	1,17035	1560353191042	1	1	-3	
68215	2,626	0,445	1,16857	1560353346233	1	1	-4	
68216	2,63	0,445	1,17035	1560353560073	0	1	1	
68217	2,627	15,612	41,012724	1560354034980	1	1	-1	
68218	2,626	1,01	2,65226	1560354034980	1	1	-2	
68219	2,626	0,445	1,16857	1560354034980	1	1	0	
68220	2,626	3,422	8,986172	1560354034980	1	1	0	
68221	2,626	11,831	31,068206	1560354034996	0	1	0	
68222	2,63	0,445	1,17035	1560354051688	0	1	1	
68223	2,634	0,445	1,17213	1560354320754	0	1	2	
68224	2,634	3,421	9,010914	1560354320754	0	1	0	
68225	2,638	0,445	1,17391	1560354320754	0	1	1	
68226	2,639	11,752	31,013528	1560354320754	0	1	2	
68227	2,634	0,445	1,17213	1560354324778	1	1	-1	
68228	2,63	0,445	1,17035	1560354353645	1	1	-2	
68229	2,633	0,057	0,150081	1560354541393	0	1	1	
68230	2,634	2,607	6,866838	1560354815810	0	1	2	
68231	2,634	0,445	1,17213	1560354815810	0	1	0	
68232	2,63	0,445	1,17035	1560354913372	1	1	-1	
68233	2,629	2,01	5,28429	1560355196611	1	1	-2	
68234	2,634	0,445	1,17213	1560355222107	0	1	1	
68235	2,638	0,329	0,867902	1560355321638	0	1	2	
68236	2,63	0,445	1,17035	1560355452620	1	1	-1	
68237	2,634	0,045	0,11853	1560355689975	0	1	1	
68238	2,634	0,315	0,82971	1560356222406	0	1	0	
68239	2,634	0,038	0,100092	1560356315230	0	1	0	
68240	2,634	0,047	0,123798	1560356336452	0	1	0	
68241	2,638	0,116	0,306008	1560356493319	0	1	1	
68242	2,641	0,044	0,116204	1560356493876	0	1	2	
68243	2,642	0,041	0,108322	1560356493876	0	1	3	
68244	2,634	0,445	1,17213	1560356533569	1	1	-1	
68245	2,634	1,044	2,749896	1560356533601	0	1	0	
68246	2,634	0,011	0,028974	1560356533602	0	1	0	
68247	2,634	1,078	2,839452	1560356632709	0	1	0	
68248	2,638	0,149	0,393062	1560356633557	0	1	1	
68249	2,638	0,112	0,295456	1560356957247	0	1	0	
68250	2,638	0,184	0,485392	1560357006859	0	1	0	
68251	2,634	0,445	1,17213	1560357096688	1	1	-1	
68252	2,634	0,059	0,155406	1560357192788	0	1	0	
68253	2,638	0,445	1,17391	1560357199438	0	1	1	
68254	2,634	0,079	0,208086	1560357289175	1	1	-1	
68255	2,634	0,366	0,964044	1560357291219	1	1	0	
68256	2,638	0,049	0,129262	1560357506599	0	1	1	
68257	2,631	0,044	0,115764	1560357582385	1	1	-1	
68258	2,63	0,445	1,17035	1560357600128	1	1	-2	
68259	2,63	1,484	3,90292	1560358242386	0	1	0	
68260	2,63	0,521	1,37023	1560358252798	0	1	0	
68261	2,634	0,047	0,123798	1560358722241	0	1	1	
68262	2,634	0,398	1,048332	1560358751316	0	1	0	
68263	2,634	2,64	6,95376	1560358757423	1	1	0	
68264	2,63	0,445	1,17035	1560358814304	1	1	-1	
68265	2,634	0,445	1,17213	1560358872020	0	1	1	
68266	2,638	0,396	1,044648	1560358896665	0	1	2	
68267	2,641	0,044	0,116204	1560358907691	0	1	3	
68268	2,636	0,06	0,15816	1560359124016	1	1	-1	
68269	2,634	0,445	1,17213	1560359254887	1	1	-2	
68270	2,631	0,044	0,115764	1560359262092	1	1	-3	
68271	2,63	0,445	1,17035	1560359264609	1	1	-4	
68272	2,634	0,445	1,17213	1560359326213	0	1	1	
68273	2,638	0,052	0,137176	1560359432158	0	1	2	
68274	2,638	0,393	1,036734	1560359567225	0	1	0	
68275	2,641	0,044	0,116204	1560359582028	0	1	1	
68276	2,642	0,264	0,697488	1560359590265	0	1	2	
68277	2,646	0,038	0,100548	1560359606941	0	1	3	
68278	2,638	0,445	1,17391	1560359872859	1	1	-1	
68279	2,634	0,445	1,17213	1560360114651	1	1	-2	
68280	2,631	0,044	0,115764	1560360114651	1	1	-3	
68281	2,631	1,484	3,904404	1560360114678	0	1	0	
68282	2,631	0,22	0,57882	1560360114762	0	1	0	
68283	2,631	0,104	0,273624	1560360114771	0	1	0	
68284	2,631	1,499	3,943869	1560360114893	0	1	0	
68285	2,631	1,079	2,838849	1560360114972	0	1	0	
68286	2,631	0,421	1,107651	1560360115071	0	1	0	
68287	2,631	0,335	0,881385	1560360115188	0	1	0	
68288	2,631	0,337	0,886647	1560360115209	0	1	0	
68289	2,631	5	13,155	1560360115284	0	1	0	
68290	2,631	7,479	19,677249	1560360115302	0	1	0	
68291	2,631	4,101	10,789731	1560360115303	0	1	0	
68292	2,631	4,433	11,663223	1560360115381	0	1	0	
68293	2,63	0,445	1,17035	1560360518392	1	1	-1	
68294	2,63	0,551	1,44913	1560360518518	0	1	0	
68295	2,63	0,409	1,07567	1560360518625	0	1	0	
68296	2,63	0,089	0,23407	1560360619607	1	1	0	
68297	2,626	0,445	1,16857	1560360815846	1	1	-1	
68298	2,622	0,445	1,16679	1560361523732	1	1	-2	
68299	2,62	0,044	0,11528	1560362059948	1	1	-3	
68300	2,62	0,456	1,19472	1560362193769	0	1	0	
68301	2,619	0,06	0,15714	1560362356340	1	1	-1	
68302	2,618	0,445	1,16501	1560362370716	1	1	-2	
68303	2,618	0,099	0,259182	1560362443615	0	1	0	
68304	2,618	0,106	0,277508	1560362563856	0	1	0	
68305	2,618	0,24	0,62832	1560362563955	0	1	0	
68306	2,621	1,389	3,640569	1560362733975	0	1	1	
68307	2,614	0,445	1,16323	1560362744126	1	1	-1	
68308	2,61	0,445	1,16145	1560362937800	1	1	-2	
68309	2,61	0,044	0,11484	1560362937800	1	1	0	
68310	2,609	2,684	7,002556	1560362942359	1	1	-1	
68311	2,608	0,804	2,096832	1560363044215	1	1	-2	
68312	2,606	0,445	1,15967	1560363248672	1	1	-3	
68313	2,602	0,445	1,15789	1560363291132	1	1	-4	
68314	2,6	0,044	0,1144	1560363316833	1	1	-5	
68315	2,6	0,41	1,066	1560363316833	1	1	0	
68316	2,6	2,476	6,4376	1560363316833	1	1	0	
68317	2,6	0,977	2,5402	1560363316896	1	1	0	
68318	2,6	2,33	6,058	1560363316897	1	1	0	
68319	2,6	0,591	1,5366	1560363316899	1	1	0	
68320	2,6	2,942	7,6492	1560363317509	1	1	0	
68321	2,6	5,509	14,3234	1560363317961	1	1	0	
68322	2,6	3,175	8,255	1560363318258	1	1	0	
68323	2,6	0,377	0,9802	1560363318258	1	1	0	
68324	2,6	0,623	1,6198	1560363319007	1	1	0	
68325	2,597	0,288	0,747936	1560363369283	1	1	-1	
68326	2,596	1,158	3,006168	1560363512800	1	1	-2	
68327	2,595	0,175	0,454125	1560363544360	1	1	-3	
68328	2,593	0,44	1,14092	1560363563540	1	1	-4	
68329	2,593	0,005	0,012965	1560363565101	1	1	0	
68330	2,589	0,445	1,152105	1560363758495	1	1	-1	
68331	2,589	0,17	0,44013	1560363758495	1	1	0	
68332	2,59	4,5	11,655	1560363802208	1	1	1	
68333	2,59	4,5	11,655	1560363802330	1	1	0	
68334	2,59	3,568	9,24112	1560363803211	1	1	0	
68335	2,59	1,945	5,03755	1560363804177	1	1	0	
68336	2,59	1,484	3,84356	1560363804249	1	1	0	
68337	2,59	1,484	3,84356	1560363804505	1	1	0	
68338	2,59	1,88	4,8692	1560363811466	1	1	0	
68339	2,59	1,937	5,01683	1560363811483	1	1	0	
68340	2,59	2,694	6,97746	1560363818922	1	1	0	
68341	2,593	0,703	1,822879	1560363977386	0	1	1	
68342	2,593	0,565	1,465045	1560363977386	0	1	0	
68343	2,593	0,445	1,153885	1560363977386	0	1	0	
68344	2,593	0,043	0,111499	1560363977386	0	1	0	
68345	2,596	1,157	3,003572	1560364001728	0	1	1	
68346	2,597	0,341	0,885577	1560364003556	0	1	2	
68347	2,597	0,104	0,270088	1560364003816	0	1	0	
68348	2,602	0,445	1,15789	1560364604219	0	1	1	
68349	2,602	0,257	0,668714	1560364948915	0	1	0	
68350	2,606	0,445	1,15967	1560365056590	0	1	1	
68351	2,61	0,445	1,16145	1560365139888	0	1	2	
68352	2,61	0,044	0,11484	1560365139888	0	1	0	
68353	2,611	0,36	0,93996	1560365317275	0	1	1	
68354	2,61	0,199	0,51939	1560365330383	0	1	-1	
68355	2,614	0,445	1,16323	1560365336562	0	1	1	
68356	2,612	3,442	8,990504	1560365525825	1	1	-1	
68357	2,614	1,684	4,401976	1560365531656	1	1	1	
68358	2,614	1,316	3,440024	1560365531663	1	1	0	
68359	2,61	0,445	1,16145	1560365664862	1	1	-1	
68360	2,606	0,445	1,15967	1560365664862	1	1	-2	
68361	2,61	0,445	1,16145	1560365696862	0	1	1	
68362	2,611	3,452	9,013172	1560365696862	0	1	2	
68363	2,614	0,445	1,16323	1560365724061	0	1	3	
68364	2,61	0,445	1,16145	1560366242190	1	1	-1	
68365	2,606	0,445	1,15967	1560366242190	1	1	-2	
68366	2,604	3,447	8,975988	1560366250570	1	1	-3	
68367	2,604	0,377	0,981708	1560366432242	0	1	0	
68368	2,603	3,454	8,990762	1560366466684	1	1	-1	
68369	2,602	0,445	1,15789	1560366466684	1	1	-2	
68370	2,606	0,445	1,15967	1560366520050	0	1	1	
68371	2,606	0,541	1,409846	1560366697364	0	1	0	
68372	2,609	2	5,218	1560366791308	0	1	1	
68373	2,608	1	2,608	1560366799367	1	1	-1	
68374	2,605	1	2,605	1560366809779	1	1	-2	
68375	2,605	0,703	1,831315	1560366887182	1	1	0	
68376	2,602	0,445	1,15789	1560367216135	1	1	-1	
68377	2,606	0,445	1,15967	1560367282908	0	1	1	
68378	2,61	0,445	1,16145	1560367619656	0	1	2	
68379	2,606	0,445	1,15967	1560367686438	1	1	-1	
68380	2,606	1,675	4,36505	1560367686588	0	1	0	
68381	2,602	0,445	1,15789	1560367695116	1	1	-1	
68382	2,601	0,313	0,814113	1560367695116	1	1	-2	
68383	2,6	0,044	0,1144	1560367791318	1	1	-3	
68384	2,597	0,445	1,155665	1560367893013	1	1	-4	
68385	2,593	0,302	0,783086	1560367897508	1	1	-5	
68386	2,593	0,143	0,370799	1560367943390	1	1	0	
68387	2,595	1,58	4,1001	1560368012369	0	1	1	
68388	2,595	1,58	4,1001	1560368012369	0	1	0	
68389	2,595	1,58	4,1001	1560368012369	0	1	0	
68390	2,595	1,58	4,1001	1560368012369	0	1	0	
68391	2,596	3,47	9,00812	1560368012369	0	1	1	
68392	2,597	0,445	1,155665	1560368012369	0	1	2	
68393	2,6	0,022	0,0572	1560368012369	0	1	3	
68394	2,593	0,445	1,153885	1560368014148	1	1	-1	
68395	2,589	0,445	1,152105	1560368019518	1	1	-2	
68396	2,586	0,445	1,15077	1560368058346	0	1	-3	
68397	2,593	2,567	6,656231	1560368308064	0	1	1	
68398	2,593	0,445	1,153885	1560368308064	0	1	0	
68399	2,597	0,445	1,155665	1560368426972	0	1	1	
68400	2,602	0,445	1,15789	1560368595561	0	1	2	
68401	2,6	1,06	2,756	1560368730200	1	1	-1	
68402	2,597	0,445	1,155665	1560368800170	1	1	-2	
68403	2,593	0,445	1,153885	1560368809089	1	1	-3	
68404	2,589	0,445	1,152105	1560368840601	1	1	-4	
68405	2,585	0,445	1,150325	1560368896349	1	1	-5	
68406	2,585	1,484	3,83614	1560368904094	0	1	0	
68407	2,583	2,711	7,002513	1560369079873	1	1	-1	
68408	2,583	0,837	2,161971	1560369079873	1	1	0	
68409	2,588	0,075	0,1941	1560369099420	0	1	1	
68410	2,581	0,445	1,148545	1560369298531	1	1	-1	
68411	2,578	0,066	0,170148	1560369636658	1	1	-2	
68412	2,578	0,171	0,440838	1560369685121	1	1	0	
68413	2,577	0,445	1,146765	1560369685121	1	1	-1	
68414	2,581	0,445	1,148545	1560369805142	0	1	1	
68415	2,581	0,117	0,301977	1560369805142	0	1	0	
68416	2,577	0,445	1,146765	1560369862787	1	1	-1	
68417	2,574	0,445	1,14543	1560369945691	0	1	-2	
68418	2,573	0,085	0,218705	1560369946260	1	1	-3	
68419	2,573	0,36	0,92628	1560369969074	1	1	0	
68420	2,572	1,106	2,844632	1560370214657	1	1	-1	
68421	2,572	0,235	0,60442	1560370365934	0	1	0	
68422	2,569	0,149	0,382781	1560370366505	1	1	-1	
68423	2,569	0,295	0,757855	1560370489276	1	1	0	
68424	2,569	0,001	0,002569	1560370513579	1	1	0	
68425	2,566	0,077	0,197582	1560370513579	1	1	-1	
68426	2,566	0,098	0,251468	1560370538735	1	1	0	
68427	2,565	0,445	1,141425	1560370538735	1	1	-1	
68428	2,564	0,043	0,110252	1560370538735	1	1	-2	
68429	2,563	0,399	1,022637	1560370538735	1	1	-3	
68430	2,563	0,652	1,671076	1560370538735	1	1	0	
68431	2,569	0,445	1,143205	1560370560064	0	1	1	
68432	2,57	1,555	3,99635	1560370560085	1	1	2	
68433	2,569	0,795	2,042355	1560370563006	0	1	-1	
68434	2,569	1,512	3,884328	1560370563006	0	1	0	
68435	2,565	0,445	1,141425	1560370576795	1	1	-1	
68436	2,565	0,731	1,875015	1560370609786	0	1	0	
68437	2,565	0,445	1,141425	1560370609786	0	1	0	
68438	2,569	0,043	0,110467	1560370641613	0	1	1	
68439	2,569	0,113	0,290297	1560370641613	0	1	0	
68440	2,569	0,332	0,852908	1560370866166	0	1	0	
68441	2,569	0,043	0,110467	1560370866166	0	1	0	
68442	2,572	0,33	0,84876	1560371146884	0	1	1	
68443	2,573	0,445	1,144985	1560371158305	0	1	2	
68444	2,577	0,445	1,146765	1560371206465	0	1	3	
68445	2,581	0,445	1,148545	1560371237577	0	1	4	
68446	2,577	0,445	1,146765	1560371414848	1	1	-1	
68447	2,573	0,445	1,144985	1560371573250	1	1	-2	
68448	2,569	0,445	1,143205	1560371627663	1	1	-3	
68449	2,565	0,445	1,141425	1560371644833	1	1	-4	
68450	2,563	0,169	0,433147	1560371674587	1	1	-5	
68451	2,563	1,123	2,878249	1560372159774	1	1	0	
68452	2,563	1,063	2,724469	1560372159774	1	1	0	
68453	2,563	0,492	1,260996	1560372221377	1	1	0	
68454	2,563	2,791	7,153333	1560372221377	1	1	0	
68455	2,561	0,445	1,139645	1560372277820	1	1	-1	
68456	2,56	0,04	0,1024	1560372298993	1	1	-2	
68457	2,557	0,445	1,137865	1560372299015	1	1	-3	
68458	2,556	0,609	1,556604	1560372299057	1	1	-4	
68459	2,556	1,957	5,002092	1560372304740	1	1	0	
68460	2,561	0,445	1,139645	1560372340472	0	1	1	
68461	2,561	1,488	3,810768	1560372340489	1	1	0	
68462	2,561	0,067	0,171587	1560372340492	1	1	0	
68463	2,557	0,445	1,137865	1560372343723	1	1	-1	
68464	2,556	0,173	0,442188	1560372364132	1	1	-2	
68465	2,556	1,066	2,724696	1560372364267	0	1	0	
68466	2,556	0,326	0,833256	1560372370925	0	1	0	
68467	2,553	0,445	1,136085	1560372427889	1	1	-1	
68468	2,553	5,169	13,196457	1560372429973	1	1	0	
68469	2,552	5,169	13,191288	1560372431501	1	1	-1	
68470	2,552	0,916	2,337632	1560372431783	1	1	0	
68471	2,552	5,172	13,198944	1560372464061	1	1	0	
68472	2,552	5,421	13,834392	1560372465019	1	1	0	
68473	2,55	0,424	1,0812	1560372913488	1	1	-1	
68474	2,55	0,424	1,0812	1560373269797	1	1	0	
68475	2,55	0,152	0,3876	1560373381829	1	1	0	
68476	2,55	0,848	2,1624	1560373381829	1	1	0	
68477	2,55	0,648	1,6524	1560373381905	1	1	0	
68478	2,55	1,352	3,4476	1560373397525	1	1	0	
68479	2,55	2,099	5,35245	1560373397538	1	1	0	
68480	2,55	1,438	3,6669	1560373397591	1	1	0	
68481	2,548	0,445	1,13386	1560373401949	1	1	-1	
68482	2,548	0,785	2,00018	1560373401949	1	1	0	
68483	2,547	0,565	1,439055	1560373401982	1	1	-1	
68484	2,546	0,428	1,089688	1560373401982	1	1	-2	
68485	2,546	1,529	3,892834	1560373401982	1	1	0	
68486	2,546	0,428	1,089688	1560373442467	1	1	0	
68487	2,546	1,565	3,98449	1560373442467	1	1	0	
68488	2,544	0,445	1,13208	1560373457721	1	1	-1	
68489	2,543	0,394	1,001942	1560373475877	1	1	-2	
68490	2,54	0,445	1,1303	1560373504519	1	1	-3	
68491	2,54	0,043	0,10922	1560373504519	1	1	0	
68492	2,54	1,481	3,76174	1560373504634	0	1	0	
68493	2,54	1,575	4,0005	1560373505054	0	1	0	
68494	2,546	0,433	1,102418	1560373505579	0	1	1	
68495	2,544	0,445	1,13208	1560373510189	0	1	-1	
68496	2,546	1,227	3,123942	1560373510228	1	1	1	
68497	2,546	1,082	2,754772	1560373510243	1	1	0	
68498	2,546	4,263	10,853598	1560373510635	1	1	0	
68499	2,546	0,565	1,43849	1560373516163	1	1	0	
68500	2,546	4,371	11,128566	1560373554010	1	1	0	
68501	2,548	0,085	0,21658	1560373554566	0	1	1	
68502	2,548	0,149	0,379652	1560373555145	0	1	0	
68503	2,546	3,047	7,757662	1560373583241	1	1	-1	
68504	2,545	1,75	4,45375	1560373608972	0	1	-2	
68505	2,546	1,454	3,701884	1560373611168	0	1	1	
68506	2,546	2,678	6,818188	1560373611399	0	1	0	
68507	2,547	0,059	0,150273	1560373715563	0	1	1	
68508	2,54	0,424	1,07696	1560373722244	1	1	-1	
68509	2,546	0,423	1,076958	1560373870776	0	1	1	
68510	2,546	0,424	1,079504	1560373870776	0	1	0	
68511	2,546	0,044	0,112024	1560373870776	0	1	0	
68512	2,54	0,021	0,05334	1560374060423	1	1	-1	
68513	2,54	4,979	12,64666	1560374060451	0	1	0	
68514	2,544	0,445	1,13208	1560374067206	0	1	1	
68515	2,545	0,423	1,076535	1560374402578	0	1	2	
68516	2,547	0,847	2,157309	1560374423213	0	1	3	
68517	2,548	0,211	0,537628	1560374429619	0	1	4	
68518	2,553	0,445	1,136085	1560374449047	0	1	5	
68519	2,548	0,445	1,13386	1560374479685	1	1	-1	
68520	2,544	0,445	1,13208	1560374479830	1	1	-2	
68521	2,54	0,445	1,1303	1560374497015	1	1	-3	
68522	2,539	0,117	0,297063	1560374497015	1	1	-4	
68523	2,539	0,162	0,411318	1560374497015	1	1	0	
68524	2,544	0,377	0,959088	1560374514622	0	1	1	
68525	2,54	3,086	7,83844	1560374559768	0	1	-1	
68526	2,538	0,437	1,109106	1560374575616	1	1	-2	
68527	2,538	0,833	2,114154	1560374575616	1	1	0	
68528	2,54	0,719	1,82626	1560374665264	0	1	1	
68529	2,54	6,195	15,7353	1560374685838	0	1	0	
68530	2,54	0,119	0,30226	1560374685838	0	1	0	
68531	2,541	0,423	1,074843	1560374837105	0	1	1	
68532	2,543	0,401	1,019743	1560375064840	0	1	2	
68533	2,543	0,022	0,055946	1560375115655	0	1	0	
68534	2,544	0,068	0,172992	1560375285773	0	1	1	
68535	2,544	0,789	2,007216	1560375286048	1	1	0	
68536	2,548	0,445	1,13386	1560375700784	0	1	1	
68537	2,551	3,535	9,017785	1560375703008	0	1	2	
68538	2,548	2,088	5,320224	1560375976156	1	1	-1	
68539	2,553	0,445	1,136085	1560376012321	0	1	1	
68540	2,557	0,445	1,137865	1560376064384	0	1	2	
68541	2,561	0,445	1,139645	1560376121994	0	1	3	
68542	2,562	0,281	0,719922	1560376137926	0	1	4	
68543	2,562	0,523	1,339926	1560376142754	0	1	0	
68544	2,565	0,445	1,141425	1560376323176	0	1	1	
68545	2,567	0,059	0,151453	1560376429917	0	1	2	
68546	2,569	0,445	1,143205	1560376438768	0	1	3	
68547	2,565	0,445	1,141425	1560376738529	1	1	-1	
68548	2,564	0,046	0,117944	1560376738529	1	1	-2	
68549	2,561	0,445	1,139645	1560376786034	1	1	-3	
68550	2,565	0,288	0,73872	1560376808067	0	1	1	
68551	2,565	0,157	0,402705	1560376808459	0	1	0	
68552	2,569	0,445	1,143205	1560376892374	0	1	1	
68553	2,569	0,334	0,858046	1560376892400	1	1	0	
68554	2,561	0,334	0,855374	1560376892450	1	1	-1	
68555	2,565	0,445	1,141425	1560376895666	1	1	1	
68556	2,561	0,111	0,284271	1560377020807	1	1	-1	
68557	2,557	0,445	1,137865	1560377100523	1	1	-2	
68558	2,557	1,041	2,661837	1560377100523	1	1	0	
68559	2,561	0,445	1,139645	1560377449762	0	1	1	
68560	2,561	1,655	4,238455	1560377449778	1	1	0	
68561	2,557	0,445	1,137865	1560377451202	1	1	-1	
68562	2,561	0,611	1,564771	1560377846522	0	1	1	
68563	2,561	1,027	2,630147	1560377850097	0	1	0	
68564	2,561	0,134	0,343174	1560377850097	0	1	0	
68565	2,561	0,311	0,796471	1560377857684	0	1	0	
68566	2,564	0,064	0,164096	1560378076065	0	1	1	
68567	2,565	0,445	1,141425	1560378076963	0	1	2	
68568	2,569	0,445	1,143205	1560378139839	0	1	3	
68569	2,569	0,259	0,665371	1560378139839	0	1	0	
68570	2,569	0,061	0,156709	1560378259941	0	1	0	
68571	2,572	0,043	0,110596	1560378316182	0	1	1	
68572	2,573	0,445	1,144985	1560378328196	0	1	2	
68573	2,577	0,255	0,657135	1560378353491	0	1	3	
68574	2,577	0,19	0,48963	1560378353688	0	1	0	
68575	2,58	0,593	1,52994	1560378502973	0	1	1	
68576	2,581	0,445	1,148545	1560378503086	0	1	2	
68577	2,585	0,092	0,23782	1560378528025	0	1	3	
68578	2,585	0,092	0,23782	1560378530044	0	1	0	
68579	2,585	0,092	0,23782	1560378530231	0	1	0	
68580	2,585	0,169	0,436865	1560378571671	0	1	0	
68581	2,589	0,445	1,152105	1560378619698	0	1	1	
68582	2,593	0,445	1,153885	1560378630079	0	1	2	
68583	2,589	0,279	0,722331	1560378835176	1	1	-1	
68584	2,589	0,149	0,385761	1560378836031	1	1	0	
68585	2,589	0,017	0,044013	1560378836583	1	1	0	
68586	2,585	0,068	0,17578	1560378836583	1	1	-1	
68587	2,585	0,377	0,974545	1560378839787	1	1	0	
68588	2,583	1,443	3,727269	1560378839787	1	1	-1	
68589	2,589	0,445	1,152105	1560378871881	0	1	1	
68590	2,593	0,445	1,153885	1560378907972	0	1	2	
68591	2,595	0,175	0,454125	1560378975955	0	1	3	
68592	2,597	0,039	0,101283	1560379108941	0	1	4	
68593	2,589	0,445	1,152105	1560379309965	1	1	-1	
68594	2,585	0,445	1,150325	1560379468748	1	1	-2	
68595	2,581	0,445	1,148545	1560379477195	1	1	-3	
68596	2,581	0,24	0,61944	1560379477432	0	1	0	
68597	2,585	0,445	1,150325	1560379555195	0	1	1	
68598	2,589	0,445	1,152105	1560379555195	0	1	2	
68599	2,593	0,445	1,153885	1560379555195	0	1	3	
68600	2,595	0,665	1,725675	1560379555195	0	1	4	
68601	2,589	0,445	1,152105	1560379558047	1	1	-1	
68602	2,585	0,085	0,219725	1560379590811	1	1	-2	
68603	2,585	0,36	0,9306	1560379591505	1	1	0	
68604	2,581	0,445	1,148545	1560379642187	1	1	-1	
68605	2,585	0,445	1,150325	1560379672265	0	1	1	
68606	2,589	2,563	6,635607	1560379880404	0	1	2	
68607	2,589	0,445	1,152105	1560379880404	0	1	0	
68608	2,593	0,445	1,153885	1560380178190	0	1	1	
68609	2,589	3,123	8,085447	1560380258227	1	1	-1	
68610	2,597	0,406	1,054382	1560381006470	0	1	1	
68611	2,597	0,094	0,244118	1560381031768	1	1	0	
68612	2,593	0,445	1,153885	1560381408126	1	1	-1	
68613	2,589	0,445	1,152105	1560381409926	1	1	-2	
68614	2,589	1,129	2,922981	1560381409926	1	1	0	
68615	2,586	1,16	2,99976	1560381570338	1	1	-1	
68616	2,585	0,445	1,150325	1560381887974	1	1	-2	
68617	2,581	0,387	0,998847	1560381907219	1	1	-3	
68618	2,582	1,499	3,870418	1560381982915	1	1	1	
68619	2,581	0,058	0,149698	1560381998213	1	1	-1	
68620	2,577	0,445	1,146765	1560382117532	1	1	-2	
68621	2,573	0,445	1,144985	1560382123034	1	1	-3	
68622	2,572	0,078	0,200616	1560382123034	1	1	-4	
68623	2,57	0,098	0,25186	1560382134163	1	1	-5	
68624	2,569	0,445	1,143205	1560382134163	1	1	-6	
68625	2,567	9,367	24,045089	1560382134163	1	1	-7	
68626	2,573	0,445	1,144985	1560382367174	0	1	1	
68627	2,577	0,445	1,146765	1560382566747	0	1	2	
68628	2,581	0,445	1,148545	1560382698806	0	1	3	
68629	2,578	0,717	1,848426	1560382847224	1	1	-1	
68630	2,577	0,445	1,146765	1560382876962	1	1	-2	
68631	2,573	0,445	1,144985	1560382881556	1	1	-3	
68632	2,569	0,445	1,143205	1560383710675	1	1	-4	
68633	2,573	0,05	0,12865	1560383812964	0	1	1	
68634	2,573	0,445	1,144985	1560383812964	0	1	0	
68635	2,577	0,445	1,146765	1560383852263	0	1	1	
68636	2,581	0,445	1,148545	1560383882975	0	1	2	
68637	2,585	0,216	0,55836	1560383943214	0	1	3	
68638	2,585	0,229	0,591965	1560383943335	0	1	0	
68639	2,581	0,44	1,13564	1560384086102	1	1	-1	
68640	2,581	0,005	0,012905	1560384364453	1	1	0	
68641	2,577	0,445	1,146765	1560384504953	1	1	-1	
68642	2,573	0,445	1,144985	1560384564932	1	1	-2	
68643	2,573	0,815	2,096995	1560384564932	1	1	0	
68644	2,573	1,332	3,427236	1560384609602	1	1	0	
68645	2,573	1,385	3,563605	1560384610095	1	1	0	
68646	2,577	0,445	1,146765	1560384900105	0	1	1	
68647	2,581	0,445	1,148545	1560384906073	0	1	2	
68648	2,582	0,059	0,152338	1560384945889	0	1	3	
68649	2,582	0,12	0,30984	1560384946431	0	1	0	
68650	2,582	0,04	0,10328	1560384954508	0	1	0	
68651	2,577	0,445	1,146765	1560385274411	1	1	-1	
68652	2,573	0,445	1,144985	1560385380849	1	1	-2	
68653	2,57	0,12	0,3084	1560385510827	1	1	-3	
68654	2,569	0,076	0,195244	1560385673990	1	1	-4	
68655	2,569	0,369	0,947961	1560385674999	1	1	0	
68656	2,573	0,151	0,388523	1560386208865	0	1	1	
68657	2,566	0,082	0,210412	1560386553335	1	1	-1	
68658	2,566	0,093	0,238638	1560386556252	1	1	0	
68659	2,565	0,043	0,110295	1560386566229	1	1	-1	
68660	2,565	0,402	1,03113	1560386575451	1	1	0	
68661	2,561	0,445	1,139645	1560386905276	1	1	-1	
68662	2,565	0,445	1,141425	1560387149373	0	1	1	
68663	2,565	1,155	2,962575	1560387149373	0	1	0	